edu.rice.cs.util.StringOps,edu.rice.cs.util
edu.rice.cs.drjava.config.Option,edu.rice.cs.drjava.config
edu.rice.cs.drjava.config.OptionParser,edu.rice.cs.drjava.config
edu.rice.cs.util.FileOps,edu.rice.cs.util
edu.rice.cs.util.FileOps.DefaultFileSaver,edu.rice.cs.util,***
edu.rice.cs.util.ArgumentTokenizer,edu.rice.cs.util
edu.rice.cs.util.OutputStreamRedirector,edu.rice.cs.util
edu.rice.cs.drjava.model.AbstractDJDocument,edu.rice.cs.drjava.model
edu.rice.cs.drjava.model.definitions.reducedmodel.ReducedModelState,edu.rice.cs.drjava.model.definitions.reducedmodel
edu.rice.cs.util.docnavigation.INavigatorItemFilter,edu.rice.cs.util.docnavigation
edu.rice.cs.util.swing.AsyncTask,edu.rice.cs.util.swing
edu.rice.cs.drjava.model.EventNotifier,edu.rice.cs.drjava.model
edu.rice.cs.drjava.model.compiler.JavacCompiler,edu.rice.cs.drjava.model.compiler
edu.rice.cs.drjava.model.debug.DebugThreadData,edu.rice.cs.drjava.model.debug
edu.rice.cs.drjava.model.debug.DebugTestCase,edu.rice.cs.drjava.model.debug
edu.rice.cs.drjava.model.GlobalModelTestCase,edu.rice.cs.drjava.model
edu.rice.cs.drjava.model.MultiThreadedTestCase,edu.rice.cs.drjava.model
edu.rice.cs.drjava.model.debug.jpda.DebugAction,edu.rice.cs.drjava.model.debug.jpda
edu.rice.cs.drjava.model.debug.jpda.JPDADebugTestCase,edu.rice.cs.drjava.model.debug.jpda
edu.rice.cs.drjava.model.debug.jpda.DocumentDebugAction,edu.rice.cs.drjava.model.debug.jpda
edu.rice.cs.drjava.model.repl.RMIInteractionsModel,edu.rice.cs.drjava.model.repl
edu.rice.cs.drjava.model.repl.InteractionsModel,edu.rice.cs.drjava.model.repl
edu.rice.cs.util.newjvm.AbstractMasterJVM,edu.rice.cs.util.newjvm
edu.rice.cs.drjava.model.definitions.reducedmodel.ReducedToken,edu.rice.cs.drjava.model.definitions.reducedmodel
edu.rice.cs.drjava.model.definitions.indent.IndentRuleAction,edu.rice.cs.drjava.model.definitions.indent
edu.rice.cs.drjava.model.definitions.indent.IndentRulesTestCase,edu.rice.cs.drjava.model.definitions.indent
edu.rice.cs.drjava.model.definitions.indent.IndentRuleWithTrace,edu.rice.cs.drjava.model.definitions.indent
edu.rice.cs.drjava.model.definitions.indent.IndentRuleQuestion,edu.rice.cs.drjava.model.definitions.indent
edu.rice.cs.drjava.model.definitions.reducedmodel.AbstractReducedModel,edu.rice.cs.drjava.model.definitions.reducedmodel
edu.rice.cs.drjava.model.definitions.reducedmodel.BraceReductionTestCase,edu.rice.cs.drjava.model.definitions.reducedmodel
edu.rice.cs.drjava.model.GlobalEventNotifier.Notifier,edu.rice.cs.drjava.model,***
edu.rice.cs.drjava.model.GlobalEventNotifier.Poller,edu.rice.cs.drjava.model,***
edu.rice.cs.drjava.model.GlobalModelCompileSuccessTestCase,edu.rice.cs.drjava.model
edu.rice.cs.drjava.ui.InteractionsPane,edu.rice.cs.drjava.ui
edu.rice.cs.util.InputStreamRedirector,edu.rice.cs.util
edu.rice.cs.util.newjvm.AbstractSlaveJVM,edu.rice.cs.util.newjvm
edu.rice.cs.util.sexp.SEList,edu.rice.cs.util.sexp
edu.rice.cs.drjava.ui.AbstractConsoleController,edu.rice.cs.drjava.ui
edu.rice.cs.drjava.ui.AbstractDJPane,edu.rice.cs.drjava.ui
edu.rice.cs.drjava.ui.RegionsTreePanel,edu.rice.cs.drjava.ui
edu.rice.cs.drjava.ui.RegionsListPanel,edu.rice.cs.drjava.ui
edu.rice.cs.drjava.ui.ErrorPanel,edu.rice.cs.drjava.ui
edu.rice.cs.drjava.ui.ErrorPanel.ErrorListPane,edu.rice.cs.drjava.ui,***
edu.rice.cs.drjava.ui.config.OptionComponent,edu.rice.cs.drjava.ui.config
edu.rice.cs.drjava.ui.config.VectorOptionComponent,edu.rice.cs.drjava.ui.config
edu.rice.cs.drjava.ui.DebugPanel.DebugTableMouseAdapter,edu.rice.cs.drjava.ui,***
edu.rice.cs.util.swing.RightClickMouseAdapter,edu.rice.cs.util.swing
edu.rice.cs.drjava.ui.TabbedPanel,edu.rice.cs.drjava.ui
edu.rice.cs.drjava.ui.HTMLFrame.ConsolidatedAction,edu.rice.cs.drjava.ui,***
edu.rice.cs.drjava.ui.HTMLFrame.ResourceAction,edu.rice.cs.drjava.ui,***
edu.rice.cs.util.swing.SwingWorker,edu.rice.cs.util.swing
edu.rice.cs.util.swing.AsyncTaskLauncher,edu.rice.cs.util.swing
edu.rice.cs.drjava.ui.PreviewFrame,edu.rice.cs.drjava.ui
edu.rice.cs.drjava.ui.PreviewFrame.PageChangerUpdater,edu.rice.cs.drjava.ui,***
edu.rice.cs.util.docnavigation.InnerNode,edu.rice.cs.util.docnavigation
edu.rice.cs.util.ReaderWriterLock.ReaderWriterThread,edu.rice.cs.util,***
edu.rice.cs.util.ReaderWriterLockTest.ReaderThread,edu.rice.cs.util,***
edu.rice.cs.util.ReaderWriterLockTest.WriterThread,edu.rice.cs.util,***
edu.rice.cs.drjava.CommandLineTest,edu.rice.cs.drjava
edu.rice.cs.drjava.model.definitions.InvalidPackageException,edu.rice.cs.drjava.model.definitions
edu.rice.cs.drjava.ui.MainFrame,edu.rice.cs.drjava.ui
edu.rice.cs.util.Log,edu.rice.cs.util
edu.rice.cs.util.swing.Utilities,edu.rice.cs.util.swing
edu.rice.cs.drjava.DrJavaTestCase,edu.rice.cs.drjava
edu.rice.cs.drjava.DrJavaRoot,edu.rice.cs.drjava
edu.rice.cs.drjava.config.BooleanOption,edu.rice.cs.drjava.config
edu.rice.cs.drjava.config.OptionParseException,edu.rice.cs.drjava.config
edu.rice.cs.drjava.config.BooleanOptionTest,edu.rice.cs.drjava.config
edu.rice.cs.drjava.config.ClassPathOption,edu.rice.cs.drjava.config
edu.rice.cs.drjava.config.VectorOption,edu.rice.cs.drjava.config
edu.rice.cs.drjava.config.FileOption,edu.rice.cs.drjava.config
edu.rice.cs.drjava.config.ColorOption,edu.rice.cs.drjava.config
edu.rice.cs.drjava.config.ColorOptionTest,edu.rice.cs.drjava.config
edu.rice.cs.drjava.config.Configuration,edu.rice.cs.drjava.config
edu.rice.cs.drjava.config.OptionMapLoader,edu.rice.cs.drjava.config
edu.rice.cs.drjava.config.DefaultOptionMap,edu.rice.cs.drjava.config
edu.rice.cs.drjava.config.FileConfiguration,edu.rice.cs.drjava.config
edu.rice.cs.drjava.config.SavableConfiguration,edu.rice.cs.drjava.config
edu.rice.cs.drjava.config.FontOption,edu.rice.cs.drjava.config
edu.rice.cs.drjava.config.FontOptionTest,edu.rice.cs.drjava.config
edu.rice.cs.drjava.config.ForcedChoiceOption,edu.rice.cs.drjava.config
edu.rice.cs.drjava.config.ForcedChoiceOptionTest,edu.rice.cs.drjava.config
edu.rice.cs.drjava.config.IntegerOption,edu.rice.cs.drjava.config
edu.rice.cs.drjava.config.IntegerOptionTest,edu.rice.cs.drjava.config
edu.rice.cs.drjava.config.KeyStrokeOption,edu.rice.cs.drjava.config
edu.rice.cs.drjava.platform.PlatformFactory,edu.rice.cs.drjava.platform
edu.rice.cs.util.UnexpectedException,edu.rice.cs.util
edu.rice.cs.drjava.config.KeyStrokeOptionTest,edu.rice.cs.drjava.config
edu.rice.cs.util.newjvm.ExecJVM,edu.rice.cs.util.newjvm
edu.rice.cs.drjava.config.NonNegativeIntegerOption,edu.rice.cs.drjava.config
edu.rice.cs.drjava.config.NonNegativeIntegerOptionTest,edu.rice.cs.drjava.config
edu.rice.cs.drjava.config.OptionEvent,edu.rice.cs.drjava.config
edu.rice.cs.drjava.config.OptionConstants.AccessLevelChoices,edu.rice.cs.drjava.config,***
edu.rice.cs.drjava.config.OptionConstants.DefaultFont,edu.rice.cs.drjava.config,***
edu.rice.cs.drjava.config.OptionConstants.LookAndFeels,edu.rice.cs.drjava.config,***
edu.rice.cs.drjava.config.StringOption,edu.rice.cs.drjava.config
edu.rice.cs.drjava.config.OptionMapLoaderTest,edu.rice.cs.drjava.config
edu.rice.cs.drjava.config.OptionMapLoaderTest.StringInputStream,edu.rice.cs.drjava.config,***
edu.rice.cs.drjava.config.SavableConfigurationTest,edu.rice.cs.drjava.config
edu.rice.cs.drjava.config.StringOptionTest,edu.rice.cs.drjava.config
edu.rice.cs.drjava.config.VectorOptionTest,edu.rice.cs.drjava.config
edu.rice.cs.drjava.ConfigFileTest,edu.rice.cs.drjava
edu.rice.cs.drjava.DrJava,edu.rice.cs.drjava
edu.rice.cs.drjava.DependenciesTest,edu.rice.cs.drjava
edu.rice.cs.drjava.ui.DrJavaErrorHandler,edu.rice.cs.drjava.ui
edu.rice.cs.drjava.ui.ClassPathFilter,edu.rice.cs.drjava.ui
edu.rice.cs.drjava.ui.SplashScreen,edu.rice.cs.drjava.ui
edu.rice.cs.drjava.RemoteControlClient,edu.rice.cs.drjava
edu.rice.cs.drjava.ui.DrJavaErrorWindow,edu.rice.cs.drjava.ui
edu.rice.cs.drjava.ui.SimpleInteractionsWindow,edu.rice.cs.drjava.ui
edu.rice.cs.drjava.model.AlreadyOpenException,edu.rice.cs.drjava.model
edu.rice.cs.drjava.model.FileMovedException,edu.rice.cs.drjava.model
edu.rice.cs.drjava.IndentFiles,edu.rice.cs.drjava
edu.rice.cs.drjava.model.definitions.indent.Indenter,edu.rice.cs.drjava.model.definitions.indent
edu.rice.cs.drjava.model.definitions.DefinitionsDocument,edu.rice.cs.drjava.model.definitions
edu.rice.cs.drjava.model.GlobalEventNotifier,edu.rice.cs.drjava.model
edu.rice.cs.drjava.MainController,edu.rice.cs.drjava
edu.rice.cs.drjava.model.AbstractDJDocument.InsertCommand,edu.rice.cs.drjava.model,***
edu.rice.cs.drjava.model.AbstractDJDocument.RemoveCommand,edu.rice.cs.drjava.model,***
edu.rice.cs.drjava.model.definitions.reducedmodel.ReducedModelControl,edu.rice.cs.drjava.model.definitions.reducedmodel
edu.rice.cs.drjava.model.definitions.reducedmodel.HighlightStatus,edu.rice.cs.drjava.model.definitions.reducedmodel
edu.rice.cs.drjava.model.definitions.reducedmodel.IndentInfo,edu.rice.cs.drjava.model.definitions.reducedmodel
edu.rice.cs.drjava.model.definitions.ClassNameNotFoundException,edu.rice.cs.drjava.model.definitions
edu.rice.cs.util.text.SwingDocument,edu.rice.cs.util.text
edu.rice.cs.drjava.model.definitions.indent.Indenter.IndentReason,edu.rice.cs.drjava.model.definitions.indent,***
edu.rice.cs.drjava.model.AbstractGlobalModel,edu.rice.cs.drjava.model
edu.rice.cs.drjava.model.AbstractGlobalModel.BackUpFileOptionListener,edu.rice.cs.drjava.model,***
edu.rice.cs.drjava.model.AbstractGlobalModel.ConcreteOpenDefDoc,edu.rice.cs.drjava.model,***
edu.rice.cs.drjava.model.AbstractGlobalModel.ConcreteOpenDefDoc.SubsetRegionManager,edu.rice.cs.drjava.model,***
edu.rice.cs.drjava.model.AbstractGlobalModel.ConcreteOpenDefDoc.SubsetRegionManager.FilteredRegionManagerListener,edu.rice.cs.drjava.model,***
edu.rice.cs.drjava.model.AbstractGlobalModel.ConcreteRegionManager,edu.rice.cs.drjava.model,***
edu.rice.cs.drjava.model.AbstractGlobalModel.FlatFileGroupingState,edu.rice.cs.drjava.model,***
edu.rice.cs.drjava.model.AbstractGlobalModel.ProjectFileGroupingState,edu.rice.cs.drjava.model,***
edu.rice.cs.drjava.model.AbstractGlobalModel.TrivialFSS,edu.rice.cs.drjava.model,***
edu.rice.cs.drjava.model.cache.DocumentCache,edu.rice.cs.drjava.model.cache
edu.rice.cs.drjava.model.debug.DebugException,edu.rice.cs.drjava.model.debug
edu.rice.cs.drjava.model.debug.DebugWatchData,edu.rice.cs.drjava.model.debug
edu.rice.cs.drjava.model.debug.NoDebuggerAvailable,edu.rice.cs.drjava.model.debug
edu.rice.cs.drjava.model.definitions.CompoundUndoManager,edu.rice.cs.drjava.model.definitions
edu.rice.cs.drjava.model.definitions.DefinitionsEditorKit,edu.rice.cs.drjava.model.definitions
edu.rice.cs.drjava.model.print.DrJavaBook,edu.rice.cs.drjava.model.print
edu.rice.cs.drjava.model.repl.DefaultInteractionsModel,edu.rice.cs.drjava.model.repl
edu.rice.cs.drjava.model.repl.InteractionsDJDocument,edu.rice.cs.drjava.model.repl
edu.rice.cs.drjava.model.repl.InteractionsDocument,edu.rice.cs.drjava.model.repl
edu.rice.cs.drjava.model.repl.InteractionsScriptModel,edu.rice.cs.drjava.model.repl
edu.rice.cs.drjava.project.DocFile,edu.rice.cs.drjava.project
edu.rice.cs.drjava.project.MalformedProjectFileException,edu.rice.cs.drjava.project
edu.rice.cs.drjava.project.ProjectFileParser,edu.rice.cs.drjava.project
edu.rice.cs.drjava.project.ProjectProfile,edu.rice.cs.drjava.project
edu.rice.cs.util.NullFile,edu.rice.cs.util
edu.rice.cs.util.OrderedHashSet,edu.rice.cs.util
edu.rice.cs.util.docnavigation.AWTContainerNavigatorFactory,edu.rice.cs.util.docnavigation
edu.rice.cs.util.docnavigation.JTreeSortNavigator,edu.rice.cs.util.docnavigation
edu.rice.cs.util.swing.AsyncCompletionArgs,edu.rice.cs.util.swing
edu.rice.cs.util.text.ConsoleDocument,edu.rice.cs.util.text
edu.rice.cs.util.ReaderWriterLock,edu.rice.cs.util
edu.rice.cs.drjava.model.DocumentClosedException,edu.rice.cs.drjava.model
edu.rice.cs.drjava.model.MovingDocumentRegion,edu.rice.cs.drjava.model
edu.rice.cs.drjava.model.ClipboardHistoryModel,edu.rice.cs.drjava.model
edu.rice.cs.drjava.model.SimpleDocumentRegion,edu.rice.cs.drjava.model
edu.rice.cs.drjava.model.definitions.DefinitionsDocument.WrappedPosition,edu.rice.cs.drjava.model.definitions,***
edu.rice.cs.drjava.model.BrainClassLoader,edu.rice.cs.drjava.model
edu.rice.cs.drjava.model.repl.WrapperClassLoader,edu.rice.cs.drjava.model.repl
edu.rice.cs.drjava.model.cache.DocumentCache.DocManager,edu.rice.cs.drjava.model.cache,***
edu.rice.cs.drjava.model.cache.DocumentCacheTest,edu.rice.cs.drjava.model.cache
edu.rice.cs.drjava.model.cache.DocumentCacheTest.TestGlobalModel,edu.rice.cs.drjava.model.cache,***
edu.rice.cs.drjava.model.DefaultGlobalModel,edu.rice.cs.drjava.model
edu.rice.cs.drjava.model.FinalizationEvent,edu.rice.cs.drjava.model
edu.rice.cs.drjava.model.ClassAndInterfaceFinder,edu.rice.cs.drjava.model
edu.rice.cs.drjava.model.ClassAndInterfaceFinderTest,edu.rice.cs.drjava.model
edu.rice.cs.drjava.model.compiler.CompilerError,edu.rice.cs.drjava.model.compiler
edu.rice.cs.drjava.model.compiler.CompilerErrorModel,edu.rice.cs.drjava.model.compiler
edu.rice.cs.drjava.model.compiler.CompilerErrorModel.StartAndEndIndex,edu.rice.cs.drjava.model.compiler,***
edu.rice.cs.drjava.model.DummyGlobalModel,edu.rice.cs.drjava.model
edu.rice.cs.drjava.model.compiler.CompilerErrorModelTest,edu.rice.cs.drjava.model.compiler
edu.rice.cs.drjava.model.TestDocGetter,edu.rice.cs.drjava.model
edu.rice.cs.drjava.model.compiler.CompilerEventNotifier,edu.rice.cs.drjava.model.compiler
edu.rice.cs.drjava.model.compiler.CompilerOptions,edu.rice.cs.drjava.model.compiler
edu.rice.cs.drjava.model.compiler.CompilerOptions.WarningOptionListener,edu.rice.cs.drjava.model.compiler,***
edu.rice.cs.drjava.model.compiler.DefaultCompilerModel,edu.rice.cs.drjava.model.compiler
edu.rice.cs.drjava.model.compiler.NoCompilerAvailable,edu.rice.cs.drjava.model.compiler
edu.rice.cs.drjava.model.compiler.DummyCompilerListener,edu.rice.cs.drjava.model.compiler
edu.rice.cs.drjava.model.DeadClassLoader,edu.rice.cs.drjava.model
edu.rice.cs.drjava.model.debug.DebugEventNotifier,edu.rice.cs.drjava.model.debug
edu.rice.cs.drjava.model.debug.Debugger.StepType,edu.rice.cs.drjava.model.debug,***
edu.rice.cs.drjava.model.debug.DebugStackData,edu.rice.cs.drjava.model.debug
edu.rice.cs.drjava.model.debug.DebugTestCase.BreakpointTestListener,edu.rice.cs.drjava.model.debug,***
edu.rice.cs.drjava.model.debug.DebugTestCase.DebugStartAndStopListener,edu.rice.cs.drjava.model.debug,***
edu.rice.cs.drjava.model.debug.DebugTestCase.DebugTestListener,edu.rice.cs.drjava.model.debug,***
edu.rice.cs.drjava.model.debug.DebugTestCase.InterpretListener,edu.rice.cs.drjava.model.debug,***
edu.rice.cs.drjava.model.debug.DebugTestCase.StepTestListener,edu.rice.cs.drjava.model.debug,***
edu.rice.cs.drjava.model.GlobalModelTestCase.TestListener,edu.rice.cs.drjava.model,***
edu.rice.cs.drjava.model.debug.DebugWatchDataTest,edu.rice.cs.drjava.model.debug
edu.rice.cs.drjava.model.debug.jpda.JPDADebugger,edu.rice.cs.drjava.model.debug.jpda
edu.rice.cs.drjava.model.debug.jpda.DebugContextTest,edu.rice.cs.drjava.model.debug.jpda
edu.rice.cs.drjava.model.debug.jpda.JPDAThreadData,edu.rice.cs.drjava.model.debug.jpda
edu.rice.cs.drjava.model.debug.jpda.DebugTest,edu.rice.cs.drjava.model.debug.jpda
edu.rice.cs.drjava.model.debug.LineNotExecutableException,edu.rice.cs.drjava.model.debug
edu.rice.cs.drjava.model.debug.jpda.PendingRequestManager,edu.rice.cs.drjava.model.debug.jpda
edu.rice.cs.drjava.model.debug.jpda.EventHandlerThread,edu.rice.cs.drjava.model.debug.jpda
edu.rice.cs.drjava.model.debug.jpda.JPDABreakpoint,edu.rice.cs.drjava.model.debug.jpda
edu.rice.cs.drjava.model.debug.jpda.JPDADebugger.RandomAccessStack,edu.rice.cs.drjava.model.debug.jpda,***
edu.rice.cs.drjava.model.repl.DummyInteractionsListener,edu.rice.cs.drjava.model.repl
edu.rice.cs.drjava.model.debug.jpda.Step,edu.rice.cs.drjava.model.debug.jpda
edu.rice.cs.drjava.model.debug.jpda.JPDAStackData,edu.rice.cs.drjava.model.debug.jpda
edu.rice.cs.drjava.model.DefaultGlobalModel.ConcreteOpenDefDoc,edu.rice.cs.drjava.model,***
edu.rice.cs.util.text.EditDocumentException,edu.rice.cs.util.text
edu.rice.cs.drjava.model.javadoc.NoJavadocAvailable,edu.rice.cs.drjava.model.javadoc
edu.rice.cs.drjava.model.repl.newjvm.MainJVM,edu.rice.cs.drjava.model.repl.newjvm
edu.rice.cs.drjava.model.junit.DefaultJUnitModel,edu.rice.cs.drjava.model.junit
edu.rice.cs.drjava.model.JDKToolsLibrary,edu.rice.cs.drjava.model
edu.rice.cs.drjava.model.JarJDKToolsLibrary,edu.rice.cs.drjava.model
edu.rice.cs.drjava.model.DefaultLightWeightParsingControl,edu.rice.cs.drjava.model
edu.rice.cs.drjava.model.definitions.ColoringGlyphPainter,edu.rice.cs.drjava.model.definitions
edu.rice.cs.drjava.model.definitions.ColoringGlyphPainter.ColorOptionListener,edu.rice.cs.drjava.model.definitions,***
edu.rice.cs.drjava.model.definitions.ColoringGlyphPainter.FontOptionListener,edu.rice.cs.drjava.model.definitions,***
edu.rice.cs.drjava.model.definitions.ColoringView,edu.rice.cs.drjava.model.definitions
edu.rice.cs.drjava.model.definitions.ColoringView.ColorOptionListener,edu.rice.cs.drjava.model.definitions,***
edu.rice.cs.drjava.model.definitions.ColoringView.FontOptionListener,edu.rice.cs.drjava.model.definitions,***
edu.rice.cs.drjava.model.definitions.CommentTest,edu.rice.cs.drjava.model.definitions
edu.rice.cs.drjava.model.definitions.DefinitionsDocument.CommandUndoableEdit,edu.rice.cs.drjava.model.definitions,***
edu.rice.cs.drjava.model.definitions.DefinitionsDocumentTest,edu.rice.cs.drjava.model.definitions
edu.rice.cs.drjava.model.definitions.indent.ActionBracePlus,edu.rice.cs.drjava.model.definitions.indent
edu.rice.cs.drjava.model.definitions.indent.ActionBracePlusTest,edu.rice.cs.drjava.model.definitions.indent
edu.rice.cs.drjava.model.definitions.indent.ActionDoNothing,edu.rice.cs.drjava.model.definitions.indent
edu.rice.cs.drjava.model.definitions.indent.ActionDoNothingTest,edu.rice.cs.drjava.model.definitions.indent
edu.rice.cs.drjava.model.definitions.indent.ActionStartCurrStmtPlus,edu.rice.cs.drjava.model.definitions.indent
edu.rice.cs.drjava.model.definitions.indent.ActionStartPrevLinePlus,edu.rice.cs.drjava.model.definitions.indent
edu.rice.cs.drjava.model.definitions.indent.ActionStartPrevLinePlusBackup,edu.rice.cs.drjava.model.definitions.indent
edu.rice.cs.drjava.model.definitions.indent.ActionStartPrevLinePlusBackupTest,edu.rice.cs.drjava.model.definitions.indent
edu.rice.cs.drjava.model.definitions.indent.ActionStartPrevLinePlusTest,edu.rice.cs.drjava.model.definitions.indent
edu.rice.cs.drjava.model.definitions.indent.ActionStartPrevLinePlusMultiline,edu.rice.cs.drjava.model.definitions.indent
edu.rice.cs.drjava.model.definitions.indent.ActionStartPrevLinePlusMultilinePreserve,edu.rice.cs.drjava.model.definitions.indent
edu.rice.cs.drjava.model.definitions.indent.ActionStartPrevLinePlusMultilinePreserveTest,edu.rice.cs.drjava.model.definitions.indent
edu.rice.cs.drjava.model.definitions.indent.ActionStartPrevLinePlusMultilineTest,edu.rice.cs.drjava.model.definitions.indent
edu.rice.cs.drjava.model.definitions.indent.ActionStartPrevStmtPlus,edu.rice.cs.drjava.model.definitions.indent
edu.rice.cs.drjava.model.definitions.indent.ActionStartPrevStmtPlusTest,edu.rice.cs.drjava.model.definitions.indent
edu.rice.cs.drjava.model.definitions.indent.ActionStartStmtOfBracePlus,edu.rice.cs.drjava.model.definitions.indent
edu.rice.cs.drjava.model.definitions.indent.ActionStartStmtOfBracePlusTest,edu.rice.cs.drjava.model.definitions.indent
edu.rice.cs.drjava.model.definitions.indent.QuestionExistsCharInStmt,edu.rice.cs.drjava.model.definitions.indent
edu.rice.cs.drjava.model.definitions.indent.QuestionLineContains,edu.rice.cs.drjava.model.definitions.indent
edu.rice.cs.drjava.model.definitions.indent.QuestionCurrLineStartsWithSkipComments,edu.rice.cs.drjava.model.definitions.indent
edu.rice.cs.drjava.model.definitions.indent.QuestionExistsCharInPrevStmt,edu.rice.cs.drjava.model.definitions.indent
edu.rice.cs.drjava.model.definitions.indent.QuestionStartingNewStmt,edu.rice.cs.drjava.model.definitions.indent
edu.rice.cs.drjava.model.definitions.indent.QuestionPrevLineStartsWith,edu.rice.cs.drjava.model.definitions.indent
edu.rice.cs.drjava.model.definitions.indent.QuestionHasCharPrecedingOpenBrace,edu.rice.cs.drjava.model.definitions.indent
edu.rice.cs.drjava.model.definitions.indent.QuestionStartAfterOpenBrace,edu.rice.cs.drjava.model.definitions.indent
edu.rice.cs.drjava.model.definitions.indent.QuestionBraceIsCurly,edu.rice.cs.drjava.model.definitions.indent
edu.rice.cs.drjava.model.definitions.indent.QuestionCurrLineStartsWith,edu.rice.cs.drjava.model.definitions.indent
edu.rice.cs.drjava.model.definitions.indent.QuestionNewParenPhrase,edu.rice.cs.drjava.model.definitions.indent
edu.rice.cs.drjava.model.definitions.indent.QuestionBraceIsParenOrBracket,edu.rice.cs.drjava.model.definitions.indent
edu.rice.cs.drjava.model.definitions.indent.QuestionCurrLineEmptyOrEnterPress,edu.rice.cs.drjava.model.definitions.indent
edu.rice.cs.drjava.model.definitions.indent.QuestionPrevLineStartsJavaDocWithText,edu.rice.cs.drjava.model.definitions.indent
edu.rice.cs.drjava.model.definitions.indent.QuestionFollowedByStar,edu.rice.cs.drjava.model.definitions.indent
edu.rice.cs.drjava.model.definitions.indent.QuestionCurrLineEmpty,edu.rice.cs.drjava.model.definitions.indent
edu.rice.cs.drjava.model.definitions.indent.QuestionPrevLineStartsComment,edu.rice.cs.drjava.model.definitions.indent
edu.rice.cs.drjava.model.definitions.indent.QuestionCurrLineIsWingComment,edu.rice.cs.drjava.model.definitions.indent
edu.rice.cs.drjava.model.definitions.indent.QuestionInsideComment,edu.rice.cs.drjava.model.definitions.indent
edu.rice.cs.drjava.model.definitions.indent.IndentRuleWithTraceTest,edu.rice.cs.drjava.model.definitions.indent
edu.rice.cs.drjava.model.definitions.indent.QuestionBraceIsCurlyTest,edu.rice.cs.drjava.model.definitions.indent
edu.rice.cs.drjava.model.definitions.indent.QuestionBraceIsParenOrBracketTest,edu.rice.cs.drjava.model.definitions.indent
edu.rice.cs.drjava.model.definitions.indent.QuestionCurrLineEmptyOrEnterPressTest,edu.rice.cs.drjava.model.definitions.indent
edu.rice.cs.drjava.model.definitions.indent.QuestionCurrLineIsWingCommentTest,edu.rice.cs.drjava.model.definitions.indent
edu.rice.cs.drjava.model.definitions.indent.QuestionCurrLineStartsWithSkipCommentsTest,edu.rice.cs.drjava.model.definitions.indent
edu.rice.cs.drjava.model.definitions.indent.QuestionCurrLineStartsWithTest,edu.rice.cs.drjava.model.definitions.indent
edu.rice.cs.drjava.model.definitions.indent.QuestionExistsCharInStmtTest,edu.rice.cs.drjava.model.definitions.indent
edu.rice.cs.drjava.model.definitions.indent.QuestionHasCharPrecedingOpenBraceTest,edu.rice.cs.drjava.model.definitions.indent
edu.rice.cs.drjava.model.definitions.indent.QuestionInsideCommentTest,edu.rice.cs.drjava.model.definitions.indent
edu.rice.cs.drjava.model.definitions.indent.QuestionLineContainsTest,edu.rice.cs.drjava.model.definitions.indent
edu.rice.cs.drjava.model.definitions.indent.QuestionNewParenPhraseTest,edu.rice.cs.drjava.model.definitions.indent
edu.rice.cs.drjava.model.definitions.indent.QuestionPrevLineStartsCommentTest,edu.rice.cs.drjava.model.definitions.indent
edu.rice.cs.drjava.model.definitions.indent.QuestionPrevLineStartsWithTest,edu.rice.cs.drjava.model.definitions.indent
edu.rice.cs.drjava.model.definitions.indent.QuestionStartAfterOpenBraceTest,edu.rice.cs.drjava.model.definitions.indent
edu.rice.cs.drjava.model.definitions.indent.QuestionStartingNewStmtTest,edu.rice.cs.drjava.model.definitions.indent
edu.rice.cs.drjava.model.definitions.IndentHelperTest,edu.rice.cs.drjava.model.definitions
edu.rice.cs.drjava.model.definitions.IndentTest,edu.rice.cs.drjava.model.definitions
edu.rice.cs.drjava.model.definitions.NoSuchDocumentException,edu.rice.cs.drjava.model.definitions
edu.rice.cs.drjava.model.definitions.reducedmodel.TokenList.Iterator,edu.rice.cs.drjava.model.definitions.reducedmodel,***
edu.rice.cs.drjava.model.definitions.reducedmodel.TokenList,edu.rice.cs.drjava.model.definitions.reducedmodel
edu.rice.cs.drjava.model.definitions.reducedmodel.ModelList.Iterator,edu.rice.cs.drjava.model.definitions.reducedmodel,***
edu.rice.cs.drjava.model.definitions.reducedmodel.ModelList,edu.rice.cs.drjava.model.definitions.reducedmodel
edu.rice.cs.drjava.model.definitions.reducedmodel.Gap,edu.rice.cs.drjava.model.definitions.reducedmodel
edu.rice.cs.drjava.model.definitions.reducedmodel.BackSlashTest,edu.rice.cs.drjava.model.definitions.reducedmodel
edu.rice.cs.drjava.model.definitions.reducedmodel.Brace,edu.rice.cs.drjava.model.definitions.reducedmodel
edu.rice.cs.drjava.model.definitions.reducedmodel.BraceException,edu.rice.cs.drjava.model.definitions.reducedmodel
edu.rice.cs.drjava.model.definitions.reducedmodel.BraceTest,edu.rice.cs.drjava.model.definitions.reducedmodel
edu.rice.cs.drjava.model.definitions.reducedmodel.Free,edu.rice.cs.drjava.model.definitions.reducedmodel
edu.rice.cs.drjava.model.definitions.reducedmodel.GapTest,edu.rice.cs.drjava.model.definitions.reducedmodel
edu.rice.cs.drjava.model.definitions.reducedmodel.IndentInfoTest,edu.rice.cs.drjava.model.definitions.reducedmodel
edu.rice.cs.drjava.model.definitions.reducedmodel.InsideBlockComment,edu.rice.cs.drjava.model.definitions.reducedmodel
edu.rice.cs.drjava.model.definitions.reducedmodel.InsideDoubleQuote,edu.rice.cs.drjava.model.definitions.reducedmodel
edu.rice.cs.drjava.model.definitions.reducedmodel.InsideLineComment,edu.rice.cs.drjava.model.definitions.reducedmodel
edu.rice.cs.drjava.model.definitions.reducedmodel.InsideSingleQuote,edu.rice.cs.drjava.model.definitions.reducedmodel
edu.rice.cs.drjava.model.definitions.reducedmodel.MixedQuoteTest,edu.rice.cs.drjava.model.definitions.reducedmodel
edu.rice.cs.drjava.model.definitions.reducedmodel.ModelList.Node,edu.rice.cs.drjava.model.definitions.reducedmodel,***
edu.rice.cs.drjava.model.definitions.reducedmodel.ModelListTest,edu.rice.cs.drjava.model.definitions.reducedmodel
edu.rice.cs.drjava.model.definitions.reducedmodel.ReducedModelBrace,edu.rice.cs.drjava.model.definitions.reducedmodel
edu.rice.cs.drjava.model.definitions.reducedmodel.ReducedModelComment,edu.rice.cs.drjava.model.definitions.reducedmodel
edu.rice.cs.drjava.model.definitions.reducedmodel.ReducedModelDeleteTest,edu.rice.cs.drjava.model.definitions.reducedmodel
edu.rice.cs.drjava.model.definitions.reducedmodel.Stutter,edu.rice.cs.drjava.model.definitions.reducedmodel
edu.rice.cs.drjava.model.definitions.reducedmodel.ReducedModelTest,edu.rice.cs.drjava.model.definitions.reducedmodel
edu.rice.cs.drjava.model.definitions.reducedmodel.SingleQuoteTest,edu.rice.cs.drjava.model.definitions.reducedmodel
edu.rice.cs.drjava.model.DummyGlobalModelListener,edu.rice.cs.drjava.model
edu.rice.cs.util.classloader.ClassFileError,edu.rice.cs.util.classloader
edu.rice.cs.drjava.model.DummyGlobalModelTest,edu.rice.cs.drjava.model
edu.rice.cs.drjava.model.DummyOpenDefDoc,edu.rice.cs.drjava.model
edu.rice.cs.drjava.model.DummyOpenDefDocTest,edu.rice.cs.drjava.model
edu.rice.cs.util.ReaderWriterLock.DeadlockException,edu.rice.cs.util,***
edu.rice.cs.drjava.model.EventNotifierTest,edu.rice.cs.drjava.model
edu.rice.cs.drjava.model.FindReplaceMachine,edu.rice.cs.drjava.model
edu.rice.cs.drjava.model.FindResult,edu.rice.cs.drjava.model
edu.rice.cs.drjava.model.FindReplaceMachineTest,edu.rice.cs.drjava.model
edu.rice.cs.drjava.model.GlobalIndentTest,edu.rice.cs.drjava.model
edu.rice.cs.drjava.model.GlobalModelCompileErrorsTest,edu.rice.cs.drjava.model
edu.rice.cs.drjava.model.GlobalModelTestCase.CompileShouldFailListener,edu.rice.cs.drjava.model,***
edu.rice.cs.drjava.model.GlobalModelTestCase.FileSelector,edu.rice.cs.drjava.model,***
edu.rice.cs.drjava.model.GlobalModelCompileIOTest,edu.rice.cs.drjava.model
edu.rice.cs.drjava.model.GlobalModelTestCase.CompileShouldSucceedListener,edu.rice.cs.drjava.model,***
edu.rice.cs.drjava.model.GlobalModelCompileSuccessOptionsTest,edu.rice.cs.drjava.model
edu.rice.cs.drjava.model.GlobalModelCompileSuccessTest,edu.rice.cs.drjava.model
edu.rice.cs.drjava.model.GlobalModelCompileTest,edu.rice.cs.drjava.model
edu.rice.cs.drjava.model.GlobalModelTestCase.InteractionListener,edu.rice.cs.drjava.model,***
edu.rice.cs.drjava.model.GlobalModelIOTest,edu.rice.cs.drjava.model
edu.rice.cs.drjava.model.GlobalModelIOTest.TestFileIOListener,edu.rice.cs.drjava.model,***
edu.rice.cs.drjava.model.GlobalModelIOTest.TestIOListener,edu.rice.cs.drjava.model,***
edu.rice.cs.drjava.model.GlobalModelTestCase.FileMovedWarningException,edu.rice.cs.drjava.model,***
edu.rice.cs.drjava.model.GlobalModelTestCase.OpenWarningException,edu.rice.cs.drjava.model,***
edu.rice.cs.drjava.model.GlobalModelTestCase.OverwriteException,edu.rice.cs.drjava.model,***
edu.rice.cs.drjava.model.GlobalModelTestCase.CancelingSelector,edu.rice.cs.drjava.model,***
edu.rice.cs.drjava.model.GlobalModelTestCase.WarningFileSelector,edu.rice.cs.drjava.model,***
edu.rice.cs.drjava.model.repl.History,edu.rice.cs.drjava.model.repl
edu.rice.cs.drjava.model.GlobalModelJUnitTest,edu.rice.cs.drjava.model
edu.rice.cs.drjava.model.GlobalModelJUnitTest.JUnitCompileBeforeTestListener,edu.rice.cs.drjava.model,***
edu.rice.cs.drjava.model.GlobalModelTestCase.JUnitNonTestListener,edu.rice.cs.drjava.model,***
edu.rice.cs.drjava.model.GlobalModelTestCase.JUnitTestListener,edu.rice.cs.drjava.model,***
edu.rice.cs.drjava.model.junit.JUnitErrorModel,edu.rice.cs.drjava.model.junit
edu.rice.cs.drjava.model.GlobalModelOtherTest,edu.rice.cs.drjava.model
edu.rice.cs.drjava.model.GlobalModelTestCase.TestGlobalModel,edu.rice.cs.drjava.model,***
edu.rice.cs.drjava.model.javadoc.DefaultJavadocModel,edu.rice.cs.drjava.model.javadoc
edu.rice.cs.drjava.model.javadoc.JavadocEventNotifier,edu.rice.cs.drjava.model.javadoc
edu.rice.cs.drjava.model.javadoc.JavadocException,edu.rice.cs.drjava.model.javadoc
edu.rice.cs.drjava.model.javadoc.JavadocModelTest,edu.rice.cs.drjava.model.javadoc
edu.rice.cs.drjava.model.junit.JUnitEventNotifier,edu.rice.cs.drjava.model.junit
edu.rice.cs.drjava.model.junit.JUnitError,edu.rice.cs.drjava.model.junit
edu.rice.cs.drjava.model.junit.DrJavaTestCaseClassLoader,edu.rice.cs.drjava.model.junit
edu.rice.cs.drjava.model.junit.DrJavaTestCaseClassLoader.DrJavaURLClassLoader,edu.rice.cs.drjava.model.junit,***
edu.rice.cs.drjava.model.junit.DrJavaTestSuiteLoader,edu.rice.cs.drjava.model.junit
edu.rice.cs.util.swing.ScrollableDialog,edu.rice.cs.util.swing
edu.rice.cs.drjava.model.junit.JUnitErrorModelTest,edu.rice.cs.drjava.model.junit
edu.rice.cs.drjava.model.junit.JUnitTestManager,edu.rice.cs.drjava.model.junit
edu.rice.cs.drjava.model.junit.JUnitTestRunner,edu.rice.cs.drjava.model.junit
edu.rice.cs.drjava.model.MultiThreadedTestCase.ExceptionHandler,edu.rice.cs.drjava.model,***
edu.rice.cs.drjava.ui.DefinitionsPaneTest,edu.rice.cs.drjava.ui
edu.rice.cs.drjava.model.MultiThreadedTestCaseTest,edu.rice.cs.drjava.model
edu.rice.cs.drjava.model.MultiThreadedTestCaseTest.Uncaught,edu.rice.cs.drjava.model,***
edu.rice.cs.drjava.model.print.PagePrinter,edu.rice.cs.drjava.model.print
edu.rice.cs.drjava.model.print.DrJavaBookTest,edu.rice.cs.drjava.model.print
edu.rice.cs.drjava.model.repl.DebugEvaluationVisitor,edu.rice.cs.drjava.model.repl
edu.rice.cs.drjava.model.repl.EvaluationVisitorExtension,edu.rice.cs.drjava.model.repl
edu.rice.cs.drjava.ui.InteractionsController,edu.rice.cs.drjava.ui
edu.rice.cs.drjava.model.repl.InteractionsEventNotifier,edu.rice.cs.drjava.model.repl
edu.rice.cs.drjava.model.repl.DynamicJavaAdapter,edu.rice.cs.drjava.model.repl
edu.rice.cs.drjava.model.repl.DynamicJavaAdapter.ClassLoaderExtension,edu.rice.cs.drjava.model.repl,***
edu.rice.cs.drjava.model.repl.DynamicJavaAdapter.InterpreterExtension,edu.rice.cs.drjava.model.repl,***
edu.rice.cs.drjava.model.repl.newjvm.ClassPathManager,edu.rice.cs.drjava.model.repl.newjvm
edu.rice.cs.util.classloader.StickyClassLoader,edu.rice.cs.util.classloader
edu.rice.cs.drjava.model.repl.InterpreterInterruptedException,edu.rice.cs.drjava.model.repl
edu.rice.cs.drjava.model.repl.ExceptionReturnedException,edu.rice.cs.drjava.model.repl
edu.rice.cs.drjava.model.repl.InteractionsException,edu.rice.cs.drjava.model.repl
edu.rice.cs.drjava.model.repl.HistoryTest,edu.rice.cs.drjava.model.repl
edu.rice.cs.drjava.model.repl.IdentityVisitor,edu.rice.cs.drjava.model.repl
edu.rice.cs.drjava.model.repl.InteractionsDJDocumentTest,edu.rice.cs.drjava.model.repl
edu.rice.cs.drjava.model.repl.InteractionsDocumentTest,edu.rice.cs.drjava.model.repl
edu.rice.cs.drjava.model.repl.InteractionsDocumentTest.TestBeep,edu.rice.cs.drjava.model.repl,***
edu.rice.cs.drjava.model.repl.InteractionsEditorKit,edu.rice.cs.drjava.model.repl
edu.rice.cs.drjava.model.repl.InteractionsModel.NoInputListener,edu.rice.cs.drjava.model.repl,***
edu.rice.cs.drjava.model.repl.InteractionsModelTest,edu.rice.cs.drjava.model.repl
edu.rice.cs.drjava.model.repl.InteractionsModelTest.IncompleteInputInteractionsModel,edu.rice.cs.drjava.model.repl,***
edu.rice.cs.drjava.model.repl.InteractionsModelTest.TestInteractionsModel,edu.rice.cs.drjava.model.repl,***
edu.rice.cs.drjava.model.repl.JavaDebugInterpreter,edu.rice.cs.drjava.model.repl
edu.rice.cs.drjava.model.repl.JavaDebugInterpreterTest,edu.rice.cs.drjava.model.repl
edu.rice.cs.drjava.model.repl.JavaInterpreterTest,edu.rice.cs.drjava.model.repl
edu.rice.cs.drjava.model.repl.Pair,edu.rice.cs.drjava.model.repl
edu.rice.cs.drjava.model.repl.newjvm.ExceptionResult,edu.rice.cs.drjava.model.repl.newjvm
edu.rice.cs.drjava.model.repl.newjvm.InterpreterBusy,edu.rice.cs.drjava.model.repl.newjvm
edu.rice.cs.drjava.model.repl.newjvm.InterpreterData,edu.rice.cs.drjava.model.repl.newjvm
edu.rice.cs.drjava.model.repl.newjvm.InterpreterJVM,edu.rice.cs.drjava.model.repl.newjvm
edu.rice.cs.drjava.model.repl.newjvm.VoidResult,edu.rice.cs.drjava.model.repl.newjvm
edu.rice.cs.drjava.model.repl.newjvm.ValueResult,edu.rice.cs.drjava.model.repl.newjvm
edu.rice.cs.drjava.model.repl.newjvm.SyntaxErrorResult,edu.rice.cs.drjava.model.repl.newjvm
edu.rice.cs.drjava.model.repl.newjvm.InterpreterJVMTest,edu.rice.cs.drjava.model.repl.newjvm
edu.rice.cs.drjava.model.repl.newjvm.MainJVM.DummyDebugModel,edu.rice.cs.drjava.model.repl.newjvm,***
edu.rice.cs.drjava.model.repl.newjvm.MainJVM.DummyInteractionsModel,edu.rice.cs.drjava.model.repl.newjvm,***
edu.rice.cs.drjava.model.repl.newjvm.MainJVM.DummyJUnitModel,edu.rice.cs.drjava.model.repl.newjvm,***
edu.rice.cs.drjava.model.repl.newjvm.MainJVM.ResultHandler,edu.rice.cs.drjava.model.repl.newjvm,***
edu.rice.cs.drjava.model.repl.newjvm.NewJVMTest,edu.rice.cs.drjava.model.repl.newjvm
edu.rice.cs.drjava.model.repl.newjvm.NewJVMTest.TestJVMExtension,edu.rice.cs.drjava.model.repl.newjvm,***
edu.rice.cs.drjava.model.repl.newjvm.NewJVMTest.TestJVMExtension.TestResultHandler,edu.rice.cs.drjava.model.repl.newjvm,***
edu.rice.cs.drjava.model.repl.SimpleInteractionsModel,edu.rice.cs.drjava.model.repl
edu.rice.cs.drjava.model.SingleDisplayModelTest,edu.rice.cs.drjava.model
edu.rice.cs.drjava.model.SingleDisplayModelTest.SDTestListener,edu.rice.cs.drjava.model,***
edu.rice.cs.drjava.model.StaticDocumentRegion,edu.rice.cs.drjava.model
edu.rice.cs.drjava.model.TestDocGetter.TestOpenDoc,edu.rice.cs.drjava.model,***
edu.rice.cs.drjava.model.TestDocGetterTest,edu.rice.cs.drjava.model
edu.rice.cs.drjava.platform.DefaultPlatform,edu.rice.cs.drjava.platform
edu.rice.cs.drjava.project.ProjectFileParser.BookmarkListVisitor,edu.rice.cs.drjava.project,***
edu.rice.cs.drjava.project.ProjectFileParser.BookmarkPropertyVisitor,edu.rice.cs.drjava.project,***
edu.rice.cs.drjava.project.ProjectFileParser.BreakpointListVisitor,edu.rice.cs.drjava.project,***
edu.rice.cs.drjava.project.ProjectFileParser.BreakpointPropertyVisitor,edu.rice.cs.drjava.project,***
edu.rice.cs.drjava.project.ProjectFileParser.DocFileListVisitor,edu.rice.cs.drjava.project,***
edu.rice.cs.drjava.project.ProjectFileParser.DocFilePropertyVisitor,edu.rice.cs.drjava.project,***
edu.rice.cs.drjava.project.ProjectFileParser.NameVisitor,edu.rice.cs.drjava.project,***
edu.rice.cs.drjava.project.ProjectFileParser.NumberVisitor,edu.rice.cs.drjava.project,***
edu.rice.cs.drjava.project.ProjectFileParser.PathListVisitor,edu.rice.cs.drjava.project,***
edu.rice.cs.drjava.project.ProjectFileParser.PrivateProjectException,edu.rice.cs.drjava.project,***
edu.rice.cs.drjava.project.ProjectFileParser.WatchListVisitor,edu.rice.cs.drjava.project,***
edu.rice.cs.util.sexp.Cons,edu.rice.cs.util.sexp
edu.rice.cs.util.sexp.SExpParseException,edu.rice.cs.util.sexp
edu.rice.cs.util.sexp.SExpParser,edu.rice.cs.util.sexp
edu.rice.cs.util.sexp.Empty,edu.rice.cs.util.sexp
edu.rice.cs.util.sexp.BoolAtom,edu.rice.cs.util.sexp
edu.rice.cs.util.sexp.NumberAtom,edu.rice.cs.util.sexp
edu.rice.cs.util.sexp.TextAtom,edu.rice.cs.util.sexp
edu.rice.cs.drjava.project.ProjectTest,edu.rice.cs.drjava.project
edu.rice.cs.drjava.RemoteControlServer,edu.rice.cs.drjava
edu.rice.cs.drjava.RemoteControlServer.RCServerThread,edu.rice.cs.drjava,***
edu.rice.cs.drjava.ui.AboutDialog,edu.rice.cs.drjava.ui
edu.rice.cs.drjava.ui.AboutDialog.ImageInfo,edu.rice.cs.drjava.ui,***
edu.rice.cs.drjava.ui.AboutDialog.LogoList,edu.rice.cs.drjava.ui,***
edu.rice.cs.util.swing.UneditableTableModel,edu.rice.cs.util.swing
edu.rice.cs.util.swing.BorderlessScrollPane,edu.rice.cs.util.swing
edu.rice.cs.drjava.ui.AbstractConsoleController.CaretUpdateListener,edu.rice.cs.drjava.ui,***
edu.rice.cs.drjava.ui.KeyBindingManager,edu.rice.cs.drjava.ui
edu.rice.cs.drjava.ui.ReverseHighlighter.DrJavaHighlightPainter,edu.rice.cs.drjava.ui,***
edu.rice.cs.util.swing.HighlightManager,edu.rice.cs.util.swing
edu.rice.cs.util.swing.HighlightManager.HighlightInfo,edu.rice.cs.util.swing,***
edu.rice.cs.drjava.ui.ReverseHighlighter,edu.rice.cs.drjava.ui
edu.rice.cs.drjava.ui.BackgroundColorListener,edu.rice.cs.drjava.ui
edu.rice.cs.drjava.ui.BookmarksPanel,edu.rice.cs.drjava.ui
edu.rice.cs.drjava.ui.BreakpointsPanel,edu.rice.cs.drjava.ui
edu.rice.cs.drjava.ui.BreakpointsPanel.BreakpointRegionTreeUserObj,edu.rice.cs.drjava.ui,***
edu.rice.cs.drjava.ui.RegionsTreePanel.RegionTreeUserObj,edu.rice.cs.drjava.ui,***
edu.rice.cs.drjava.ui.BrowserHistoryPanel,edu.rice.cs.drjava.ui
edu.rice.cs.drjava.ui.BrowserHistoryPanel.BrowserHistoryListUserObj,edu.rice.cs.drjava.ui,***
edu.rice.cs.drjava.ui.RegionsListPanel.RegionListUserObj,edu.rice.cs.drjava.ui,***
edu.rice.cs.drjava.ui.ClipboardHistoryFrame,edu.rice.cs.drjava.ui
edu.rice.cs.drjava.ui.ClipboardHistoryFrame.FrameState,edu.rice.cs.drjava.ui,***
edu.rice.cs.drjava.ui.ClipboardHistoryFrame.ListItem,edu.rice.cs.drjava.ui,***
edu.rice.cs.drjava.ui.CommonCloseButton,edu.rice.cs.drjava.ui
edu.rice.cs.drjava.ui.CompilerErrorPanel,edu.rice.cs.drjava.ui
edu.rice.cs.drjava.ui.CompilerErrorPanel.CompilerErrorListPane,edu.rice.cs.drjava.ui,***
edu.rice.cs.drjava.ui.CompilerErrorPanel.CompilerLocationOptionListener,edu.rice.cs.drjava.ui,***
edu.rice.cs.drjava.ui.config.BooleanOptionComponent,edu.rice.cs.drjava.ui.config
edu.rice.cs.drjava.ui.config.BooleanOptionComponentTest,edu.rice.cs.drjava.ui.config
edu.rice.cs.drjava.ui.config.ButtonComponent,edu.rice.cs.drjava.ui.config
edu.rice.cs.drjava.ui.config.ColorOptionComponent,edu.rice.cs.drjava.ui.config
edu.rice.cs.drjava.ui.config.ColorOptionComponentTest,edu.rice.cs.drjava.ui.config
edu.rice.cs.drjava.ui.config.ConfigFrame,edu.rice.cs.drjava.ui.config
edu.rice.cs.drjava.ui.config.ConfigFrame.PanelTreeNode,edu.rice.cs.drjava.ui.config,***
edu.rice.cs.drjava.ui.config.ConfigFrame.PanelTreeSelectionListener,edu.rice.cs.drjava.ui.config,***
edu.rice.cs.drjava.ui.KeyBindingManager.KeyStrokeData,edu.rice.cs.drjava.ui,***
edu.rice.cs.util.swing.DirectoryChooser,edu.rice.cs.util.swing
edu.rice.cs.drjava.ui.config.ConfigPanel,edu.rice.cs.drjava.ui.config
edu.rice.cs.drjava.ui.config.VectorFileOptionComponent,edu.rice.cs.drjava.ui.config
edu.rice.cs.drjava.ui.config.KeyStrokeOptionComponent,edu.rice.cs.drjava.ui.config
edu.rice.cs.drjava.ui.config.StringOptionComponent,edu.rice.cs.drjava.ui.config
edu.rice.cs.drjava.ui.config.FileOptionComponent,edu.rice.cs.drjava.ui.config
edu.rice.cs.drjava.ui.config.ForcedChoiceOptionComponent,edu.rice.cs.drjava.ui.config
edu.rice.cs.drjava.ui.config.ToolbarOptionComponent,edu.rice.cs.drjava.ui.config
edu.rice.cs.drjava.ui.config.IntegerOptionComponent,edu.rice.cs.drjava.ui.config
edu.rice.cs.drjava.ui.config.FontOptionComponent,edu.rice.cs.drjava.ui.config
edu.rice.cs.drjava.ui.config.LabelComponent,edu.rice.cs.drjava.ui.config
edu.rice.cs.drjava.ui.DirectoryFilter,edu.rice.cs.drjava.ui
edu.rice.cs.drjava.ui.config.DirectoryOptionComponent,edu.rice.cs.drjava.ui.config
edu.rice.cs.util.swing.DirectorySelectorComponent,edu.rice.cs.util.swing
edu.rice.cs.util.swing.FileSelectorComponent,edu.rice.cs.util.swing
edu.rice.cs.drjava.ui.config.FileOptionComponentTest,edu.rice.cs.drjava.ui.config
edu.rice.cs.util.swing.FontChooser,edu.rice.cs.util.swing
edu.rice.cs.drjava.ui.config.FontOptionComponentTest,edu.rice.cs.drjava.ui.config
edu.rice.cs.drjava.ui.config.ForcedChoiceOptionComponentTest,edu.rice.cs.drjava.ui.config
edu.rice.cs.drjava.ui.config.IntegerOptionComponentTest,edu.rice.cs.drjava.ui.config
edu.rice.cs.drjava.ui.config.KeyStrokeOptionComponent.GetKeyDialog,edu.rice.cs.drjava.ui.config,***
edu.rice.cs.drjava.ui.config.KeyStrokeOptionComponent.GetKeyDialog.InputField,edu.rice.cs.drjava.ui.config,***
edu.rice.cs.drjava.ui.config.KeyStrokeOptionComponentTest,edu.rice.cs.drjava.ui.config
edu.rice.cs.drjava.ui.config.VectorClassnameOptionComponent,edu.rice.cs.drjava.ui.config
edu.rice.cs.drjava.ui.config.VectorFileOptionComponentTest,edu.rice.cs.drjava.ui.config
edu.rice.cs.drjava.ui.ConsoleController,edu.rice.cs.drjava.ui
edu.rice.cs.drjava.ui.ConsoleController.EnterAction,edu.rice.cs.drjava.ui,***
edu.rice.cs.drjava.ui.ConsoleController.LeftAction,edu.rice.cs.drjava.ui,***
edu.rice.cs.drjava.ui.ConsoleController.RightAction,edu.rice.cs.drjava.ui,***
edu.rice.cs.drjava.ui.ConsoleController.UpDownAction,edu.rice.cs.drjava.ui,***
edu.rice.cs.drjava.ui.ConsoleControllerTest,edu.rice.cs.drjava.ui
edu.rice.cs.drjava.ui.ConsoleControllerTest.InputGeneratorThread,edu.rice.cs.drjava.ui,***
edu.rice.cs.drjava.ui.ConsoleControllerTest.TestConsoleController,edu.rice.cs.drjava.ui,***
edu.rice.cs.drjava.ui.DebugPanel,edu.rice.cs.drjava.ui
edu.rice.cs.drjava.ui.DebugPanel.BPTree,edu.rice.cs.drjava.ui,***
edu.rice.cs.drjava.ui.DebugPanel.DebugPanelListener,edu.rice.cs.drjava.ui,***
edu.rice.cs.drjava.ui.DebugPanel.StackMouseAdapter,edu.rice.cs.drjava.ui,***
edu.rice.cs.drjava.ui.DebugPanel.StackTableModel,edu.rice.cs.drjava.ui,***
edu.rice.cs.drjava.ui.DebugPanel.ThreadMouseAdapter,edu.rice.cs.drjava.ui,***
edu.rice.cs.drjava.ui.DebugPanel.ThreadTableModel,edu.rice.cs.drjava.ui,***
edu.rice.cs.drjava.ui.DebugPanel.WatchEditor,edu.rice.cs.drjava.ui,***
edu.rice.cs.drjava.ui.DebugPanel.WatchRenderer,edu.rice.cs.drjava.ui,***
edu.rice.cs.drjava.ui.DebugPanel.WatchTableModel,edu.rice.cs.drjava.ui,***
edu.rice.cs.drjava.ui.ForegroundColorListener,edu.rice.cs.drjava.ui
edu.rice.cs.drjava.ui.DefinitionsPane,edu.rice.cs.drjava.ui
edu.rice.cs.drjava.ui.DefinitionsPane.AntiAliasOptionListener,edu.rice.cs.drjava.ui,***
edu.rice.cs.drjava.ui.DefinitionsPane.BookmarkColorOptionListener,edu.rice.cs.drjava.ui,***
edu.rice.cs.drjava.ui.DefinitionsPane.BreakpointColorOptionListener,edu.rice.cs.drjava.ui,***
edu.rice.cs.drjava.ui.DefinitionsPane.DisabledBreakpointColorOptionListener,edu.rice.cs.drjava.ui,***
edu.rice.cs.drjava.ui.DefinitionsPane.ErrorColorOptionListener,edu.rice.cs.drjava.ui,***
edu.rice.cs.drjava.ui.DefinitionsPane.FindResultsColorOptionListener,edu.rice.cs.drjava.ui,***
edu.rice.cs.drjava.ui.DefinitionsPane.IndentKeyAction,edu.rice.cs.drjava.ui,***
edu.rice.cs.drjava.ui.DefinitionsPane.IndentKeyActionTab,edu.rice.cs.drjava.ui,***
edu.rice.cs.drjava.ui.DefinitionsPane.MatchColorOptionListener,edu.rice.cs.drjava.ui,***
edu.rice.cs.drjava.ui.DefinitionsPane.PopupMenuMouseAdapter,edu.rice.cs.drjava.ui,***
edu.rice.cs.drjava.ui.DefinitionsPane.RedoAction,edu.rice.cs.drjava.ui,***
edu.rice.cs.drjava.ui.DefinitionsPane.ThreadColorOptionListener,edu.rice.cs.drjava.ui,***
edu.rice.cs.drjava.ui.DefinitionsPane.UndoAction,edu.rice.cs.drjava.ui,***
edu.rice.cs.drjava.ui.DefinitionsPane.UndoWithPosition,edu.rice.cs.drjava.ui,***
edu.rice.cs.drjava.ui.ReverseHighlighter.DefaultUnderlineHighlightPainter,edu.rice.cs.drjava.ui,***
edu.rice.cs.drjava.ui.ErrorCaretListener,edu.rice.cs.drjava.ui
edu.rice.cs.drjava.ui.DefinitionsPaneTest.KeyTestListener,edu.rice.cs.drjava.ui,***
edu.rice.cs.drjava.ui.DrJavaErrorHandler.LoggedCondition,edu.rice.cs.drjava.ui,***
edu.rice.cs.drjava.ui.DrJavaErrorPopup,edu.rice.cs.drjava.ui
edu.rice.cs.drjava.ui.DrJavaScrollableDialog,edu.rice.cs.drjava.ui
edu.rice.cs.drjava.ui.ErrorPanel.ErrorListPane.BackgroundColorListener,edu.rice.cs.drjava.ui,***
edu.rice.cs.drjava.ui.ErrorPanel.ErrorListPane.CompilerErrorColorOptionListener,edu.rice.cs.drjava.ui,***
edu.rice.cs.drjava.ui.ErrorPanel.ErrorListPane.ForegroundColorListener,edu.rice.cs.drjava.ui,***
edu.rice.cs.drjava.ui.FindReplacePanel,edu.rice.cs.drjava.ui
edu.rice.cs.drjava.ui.FindResultsPanel,edu.rice.cs.drjava.ui
edu.rice.cs.drjava.ui.FindResultsPanel.ColorComboRenderer,edu.rice.cs.drjava.ui,***
edu.rice.cs.drjava.ui.FindResultsPanel.FindResultsColorOptionListener,edu.rice.cs.drjava.ui,***
edu.rice.cs.drjava.ui.FindResultsPanel.FindResultsRegionTreeUserObj,edu.rice.cs.drjava.ui,***
edu.rice.cs.drjava.ui.HelpFrame,edu.rice.cs.drjava.ui
edu.rice.cs.drjava.ui.HTMLFrame,edu.rice.cs.drjava.ui
edu.rice.cs.drjava.ui.HTMLFrame.HistoryList,edu.rice.cs.drjava.ui,***
edu.rice.cs.drjava.ui.HistorySaveDialog,edu.rice.cs.drjava.ui
edu.rice.cs.drjava.ui.InteractionsController.InputBox,edu.rice.cs.drjava.ui,***
edu.rice.cs.util.CompletionMonitor,edu.rice.cs.util
edu.rice.cs.drjava.ui.InteractionsHistoryFilter,edu.rice.cs.drjava.ui
edu.rice.cs.drjava.ui.InteractionsPane.AntiAliasOptionListener,edu.rice.cs.drjava.ui,***
edu.rice.cs.drjava.ui.InteractionsPaneTest,edu.rice.cs.drjava.ui
edu.rice.cs.drjava.ui.InteractionsScriptController,edu.rice.cs.drjava.ui
edu.rice.cs.drjava.ui.InteractionsScriptPane,edu.rice.cs.drjava.ui
edu.rice.cs.drjava.ui.JarOptionsDialog,edu.rice.cs.drjava.ui
edu.rice.cs.drjava.ui.JarOptionsDialog.FrameState,edu.rice.cs.drjava.ui,***
edu.rice.cs.drjava.ui.JarOptionsDialog.ProcessingFrame,edu.rice.cs.drjava.ui,***
edu.rice.cs.util.jar.JarBuilder,edu.rice.cs.util.jar
edu.rice.cs.util.jar.ManifestWriter,edu.rice.cs.util.jar
edu.rice.cs.util.swing.FileChooser,edu.rice.cs.util.swing
edu.rice.cs.util.swing.FileSelectorStringComponent,edu.rice.cs.util.swing
edu.rice.cs.util.StreamRedirectThread,edu.rice.cs.util
edu.rice.cs.drjava.ui.JavadocDialog,edu.rice.cs.drjava.ui
edu.rice.cs.drjava.ui.JavadocErrorPanel,edu.rice.cs.drjava.ui
edu.rice.cs.drjava.ui.JavadocErrorPanel.JavadocErrorListPane,edu.rice.cs.drjava.ui,***
edu.rice.cs.drjava.ui.JavadocFrame,edu.rice.cs.drjava.ui
edu.rice.cs.drjava.ui.JavaSourceFilter,edu.rice.cs.drjava.ui
edu.rice.cs.drjava.ui.JUnitPanel,edu.rice.cs.drjava.ui
edu.rice.cs.drjava.ui.JUnitPanel.JUnitErrorListPane,edu.rice.cs.drjava.ui,***
edu.rice.cs.drjava.ui.JUnitPanel.JUnitErrorListPane.PopupAdapter,edu.rice.cs.drjava.ui,***
edu.rice.cs.drjava.ui.JUnitPanel.JUnitProgressBar,edu.rice.cs.drjava.ui,***
edu.rice.cs.drjava.ui.KeyBindingManager.KeyStrokeOptionListener,edu.rice.cs.drjava.ui,***
edu.rice.cs.drjava.ui.LineEnumRule,edu.rice.cs.drjava.ui
edu.rice.cs.drjava.ui.MainFrame.BackgroundColorOptionListener,edu.rice.cs.drjava.ui,***
edu.rice.cs.drjava.ui.MainFrame.DJAsyncTaskLauncher,edu.rice.cs.drjava.ui,***
edu.rice.cs.drjava.ui.MainFrame.DJFileDisplayManager,edu.rice.cs.drjava.ui,***
edu.rice.cs.drjava.ui.MainFrame.DecoratedAction,edu.rice.cs.drjava.ui,***
edu.rice.cs.drjava.ui.MainFrame.DoclistFontOptionListener,edu.rice.cs.drjava.ui,***
edu.rice.cs.drjava.ui.MainFrame.GlassPane,edu.rice.cs.drjava.ui,***
edu.rice.cs.drjava.ui.MainFrame.GoToFileListEntry,edu.rice.cs.drjava.ui,***
edu.rice.cs.drjava.ui.MainFrame.JavaAPIListEntry,edu.rice.cs.drjava.ui,***
edu.rice.cs.drjava.ui.MainFrame.LastFocusListener,edu.rice.cs.drjava.ui,***
edu.rice.cs.drjava.ui.MainFrame.LineEnumOptionListener,edu.rice.cs.drjava.ui,***
edu.rice.cs.drjava.ui.MainFrame.LineNumbersFontOptionListener,edu.rice.cs.drjava.ui,***
edu.rice.cs.drjava.ui.MainFrame.MainFontOptionListener,edu.rice.cs.drjava.ui,***
edu.rice.cs.drjava.ui.MainFrame.MenuBar,edu.rice.cs.drjava.ui,***
edu.rice.cs.drjava.ui.MainFrame.ModelListener,edu.rice.cs.drjava.ui,***
edu.rice.cs.drjava.ui.MainFrame.NormalColorOptionListener,edu.rice.cs.drjava.ui,***
edu.rice.cs.drjava.ui.MainFrame.OddDisplayManager,edu.rice.cs.drjava.ui,***
edu.rice.cs.drjava.ui.MainFrame.PositionListener,edu.rice.cs.drjava.ui,***
edu.rice.cs.drjava.ui.MainFrame.QuitPromptOptionListener,edu.rice.cs.drjava.ui,***
edu.rice.cs.drjava.ui.MainFrame.RecentFilesOptionListener,edu.rice.cs.drjava.ui,***
edu.rice.cs.drjava.ui.MainFrame.ToolbarFontOptionListener,edu.rice.cs.drjava.ui,***
edu.rice.cs.drjava.ui.MainFrame.ToolbarOptionListener,edu.rice.cs.drjava.ui,***
edu.rice.cs.drjava.ui.MainFrame.UIDebugListener,edu.rice.cs.drjava.ui,***
edu.rice.cs.drjava.ui.predictive.PredictiveInputFrame,edu.rice.cs.drjava.ui.predictive
edu.rice.cs.drjava.ui.predictive.PredictiveInputModel,edu.rice.cs.drjava.ui.predictive
edu.rice.cs.util.swing.BorderlessSplitPane,edu.rice.cs.util.swing
edu.rice.cs.util.swing.ConfirmCheckBoxDialog,edu.rice.cs.util.swing
edu.rice.cs.util.swing.DelegatingAction,edu.rice.cs.util.swing
edu.rice.cs.drjava.ui.QuickStartFrame,edu.rice.cs.drjava.ui
edu.rice.cs.drjava.ui.RecentDocFrame,edu.rice.cs.drjava.ui
edu.rice.cs.drjava.ui.RecentFileManager,edu.rice.cs.drjava.ui
edu.rice.cs.drjava.ui.ProjectPropertiesFrame,edu.rice.cs.drjava.ui
edu.rice.cs.drjava.ui.predictive.PredictiveInputModel.FragmentLineNumStrategy,edu.rice.cs.drjava.ui.predictive,***
edu.rice.cs.drjava.ui.predictive.PredictiveInputModel.PrefixLineNumStrategy,edu.rice.cs.drjava.ui.predictive,***
edu.rice.cs.drjava.ui.predictive.PredictiveInputModel.RegExLineNumStrategy,edu.rice.cs.drjava.ui.predictive,***
edu.rice.cs.drjava.ui.predictive.PredictiveInputModel.PrefixStrategy,edu.rice.cs.drjava.ui.predictive,***
edu.rice.cs.drjava.ui.predictive.PredictiveInputModel.FragmentStrategy,edu.rice.cs.drjava.ui.predictive,***
edu.rice.cs.drjava.ui.predictive.PredictiveInputModel.RegExStrategy,edu.rice.cs.drjava.ui.predictive,***
edu.rice.cs.drjava.ui.PreviewDefDocFrame,edu.rice.cs.drjava.ui
edu.rice.cs.drjava.ui.PreviewConsoleFrame,edu.rice.cs.drjava.ui
edu.rice.cs.drjava.ui.predictive.PredictiveInputFrame.FrameState,edu.rice.cs.drjava.ui.predictive,***
edu.rice.cs.util.swing.UnfocusableButton,edu.rice.cs.util.swing
edu.rice.cs.util.swing.DefaultFileDisplayManager,edu.rice.cs.util.swing
edu.rice.cs.util.swing.CenteredIcon,edu.rice.cs.util.swing
edu.rice.cs.util.swing.ScrollableListDialog,edu.rice.cs.util.swing
edu.rice.cs.util.swing.LayeredIcon,edu.rice.cs.util.swing
edu.rice.cs.util.docnavigation.GroupNotSelectedException,edu.rice.cs.util.docnavigation
edu.rice.cs.drjava.ui.MainFrameTest,edu.rice.cs.drjava.ui
edu.rice.cs.drjava.ui.MainFrameTest.SingleDisplayModelCompileListener,edu.rice.cs.drjava.ui,***
edu.rice.cs.drjava.ui.MainFrameTest.SingleDisplayModelFileClosedListener,edu.rice.cs.drjava.ui,***
edu.rice.cs.drjava.ui.MainFrameTest.SingleDisplayModelFileOpenedListener,edu.rice.cs.drjava.ui,***
edu.rice.cs.drjava.ui.predictive.PredictiveInputFrame.PredictiveInputListener,edu.rice.cs.drjava.ui.predictive,***
edu.rice.cs.drjava.ui.predictive.PredictiveInputModelTest,edu.rice.cs.drjava.ui.predictive
edu.rice.cs.drjava.ui.PreviewFrame.JSpinnerChanger,edu.rice.cs.drjava.ui,***
edu.rice.cs.drjava.ui.PreviewFrame.JTextFieldChanger,edu.rice.cs.drjava.ui,***
edu.rice.cs.drjava.ui.PreviewFrame.PagePreview,edu.rice.cs.drjava.ui,***
edu.rice.cs.drjava.ui.PreviewFrame.PagePreviewContainer,edu.rice.cs.drjava.ui,***
edu.rice.cs.drjava.ui.ProjectMenuTest,edu.rice.cs.drjava.ui
edu.rice.cs.drjava.ui.RecentFileManagerTest,edu.rice.cs.drjava.ui
edu.rice.cs.drjava.ui.RegionsListPanel.RegionMouseAdapter,edu.rice.cs.drjava.ui,***
edu.rice.cs.drjava.ui.RegionsTreePanel.RegionMouseAdapter,edu.rice.cs.drjava.ui,***
edu.rice.cs.drjava.ui.RegionsTreePanel.RegionRenderer,edu.rice.cs.drjava.ui,***
edu.rice.cs.drjava.ui.RegionsTreePanel.RegionTree,edu.rice.cs.drjava.ui,***
edu.rice.cs.drjava.ui.ReverseHighlighter.DefaultFrameHighlightPainter,edu.rice.cs.drjava.ui,***
edu.rice.cs.drjava.ui.ReverseHighlighter.HighlightInfo,edu.rice.cs.drjava.ui,***
edu.rice.cs.drjava.ui.ReverseHighlighter.LayeredHighlightInfo,edu.rice.cs.drjava.ui,***
edu.rice.cs.drjava.ui.ReverseHighlighter.SafeDamager,edu.rice.cs.drjava.ui,***
edu.rice.cs.util.ArgumentTokenizerTest,edu.rice.cs.util
edu.rice.cs.util.BidirectionalHashMap,edu.rice.cs.util
edu.rice.cs.util.BidirectionalHashMap.BHMIterator,edu.rice.cs.util,***
edu.rice.cs.util.BidirectionalHashMapTest,edu.rice.cs.util
edu.rice.cs.util.classloader.LimitingClassLoader,edu.rice.cs.util.classloader
edu.rice.cs.util.classloader.StickyClassLoaderTest,edu.rice.cs.util.classloader
edu.rice.cs.util.classloader.StickyClassLoaderTest.A,edu.rice.cs.util.classloader,***
edu.rice.cs.util.classloader.StickyClassLoaderTest.A.B,edu.rice.cs.util.classloader,***
edu.rice.cs.util.classloader.StickyClassLoaderTest.One,edu.rice.cs.util.classloader,***
edu.rice.cs.util.classloader.StickyClassLoaderTest.Two,edu.rice.cs.util.classloader,***
edu.rice.cs.util.classloader.StickyClassLoaderTest.testLoaderFindsNonSystemJavaClasses.LoadingClassException,edu.rice.cs.util.classloader,***
edu.rice.cs.util.classloader.StrictURLClassLoader,edu.rice.cs.util.classloader
edu.rice.cs.util.classloader.StrictURLClassLoaderTest,edu.rice.cs.util.classloader
edu.rice.cs.util.CompletionMonitorTest,edu.rice.cs.util
edu.rice.cs.util.CompletionMonitorTest.ThreadInterrupter,edu.rice.cs.util,***
edu.rice.cs.util.docnavigation.JListSortNavigator,edu.rice.cs.util.docnavigation
edu.rice.cs.util.docnavigation.DummyINavigatorItem,edu.rice.cs.util.docnavigation
edu.rice.cs.util.docnavigation.FileNode,edu.rice.cs.util.docnavigation
edu.rice.cs.util.docnavigation.GroupNode,edu.rice.cs.util.docnavigation
edu.rice.cs.util.docnavigation.StringNode,edu.rice.cs.util.docnavigation
edu.rice.cs.util.docnavigation.IDocList,edu.rice.cs.util.docnavigation
edu.rice.cs.util.docnavigation.JListNavigator,edu.rice.cs.util.docnavigation
edu.rice.cs.util.docnavigation.JListNavigator.CustomListCellRenderer,edu.rice.cs.util.docnavigation,***
edu.rice.cs.util.docnavigation.JListSortNavigatorTest,edu.rice.cs.util.docnavigation
edu.rice.cs.util.docnavigation.JTreeSortNavigator.CustomTreeCellRenderer,edu.rice.cs.util.docnavigation,***
edu.rice.cs.util.docnavigation.LeafNode,edu.rice.cs.util.docnavigation
edu.rice.cs.util.docnavigation.RootNode,edu.rice.cs.util.docnavigation
edu.rice.cs.util.docnavigation.JTreeSortNavigatorTest,edu.rice.cs.util.docnavigation
edu.rice.cs.util.ExitingNotAllowedException,edu.rice.cs.util
edu.rice.cs.util.FileOps.packageExplore.PrefixAndFile,edu.rice.cs.util,***
edu.rice.cs.util.FileOpsTest,edu.rice.cs.util
edu.rice.cs.util.jar.JarCreationTest,edu.rice.cs.util.jar
edu.rice.cs.util.LogTest,edu.rice.cs.util
edu.rice.cs.util.LogTest.LogTestThread,edu.rice.cs.util,***
edu.rice.cs.util.newjvm.SlaveJVMRunner,edu.rice.cs.util.newjvm
edu.rice.cs.util.newjvm.ExecJVMTest,edu.rice.cs.util.newjvm
edu.rice.cs.util.newjvm.ExecJVMTest.FileCreator,edu.rice.cs.util.newjvm,***
edu.rice.cs.util.newjvm.ExecJVMTest.NoOp,edu.rice.cs.util.newjvm,***
edu.rice.cs.util.newjvm.IntegratedMasterSlaveTest,edu.rice.cs.util.newjvm
edu.rice.cs.util.newjvm.IntegratedMasterSlaveTest.CounterSlave,edu.rice.cs.util.newjvm,***
edu.rice.cs.util.newjvm.IntegratedMasterSlaveTest.TestMasterJVM,edu.rice.cs.util.newjvm,***
edu.rice.cs.util.OrderedBidirectionalHashMap,edu.rice.cs.util
edu.rice.cs.util.OrderedBidirectionalHashMap.OBHMIterator,edu.rice.cs.util,***
edu.rice.cs.util.OrderedBidirectionalHashMapTest,edu.rice.cs.util
edu.rice.cs.util.OrderedHashSet.OHMIterator,edu.rice.cs.util,***
edu.rice.cs.util.OrderedHashSetTest,edu.rice.cs.util
edu.rice.cs.util.Pair,edu.rice.cs.util
edu.rice.cs.util.PreventExitSecurityManager,edu.rice.cs.util
edu.rice.cs.util.PreventExitSecurityManagerTest,edu.rice.cs.util
edu.rice.cs.util.ReaderWriterLock.Reader,edu.rice.cs.util,***
edu.rice.cs.util.ReaderWriterLock.Writer,edu.rice.cs.util,***
edu.rice.cs.util.ReaderWriterLockTest,edu.rice.cs.util
edu.rice.cs.util.ReaderWriterLockTest.PrintCommand,edu.rice.cs.util,***
edu.rice.cs.util.ReaderWriterLockTest.PrinterReaderThread,edu.rice.cs.util,***
edu.rice.cs.util.ReaderWriterLockTest.PrinterWriterThread,edu.rice.cs.util,***
edu.rice.cs.util.sexp.Lexer,edu.rice.cs.util.sexp
edu.rice.cs.util.sexp.Tokens.SExpToken,edu.rice.cs.util.sexp,***
edu.rice.cs.util.sexp.LexingException,edu.rice.cs.util.sexp
edu.rice.cs.util.sexp.Tokens.NumberToken,edu.rice.cs.util.sexp,***
edu.rice.cs.util.sexp.Tokens.WordToken,edu.rice.cs.util.sexp,***
edu.rice.cs.util.sexp.Tokens.LeftParenToken,edu.rice.cs.util.sexp,***
edu.rice.cs.util.sexp.Tokens.RightParenToken,edu.rice.cs.util.sexp,***
edu.rice.cs.util.sexp.Tokens.QuotedTextToken,edu.rice.cs.util.sexp,***
edu.rice.cs.util.sexp.Tokens.BackSlashToken,edu.rice.cs.util.sexp,***
edu.rice.cs.util.sexp.Tokens.BooleanToken,edu.rice.cs.util.sexp,***
edu.rice.cs.util.sexp.SExpParser.ParseHelper,edu.rice.cs.util.sexp,***
edu.rice.cs.util.sexp.SExpParser.PrivateParseException,edu.rice.cs.util.sexp,***
edu.rice.cs.util.sexp.QuotedTextAtom,edu.rice.cs.util.sexp
edu.rice.cs.util.sexp.SExpParserTest,edu.rice.cs.util.sexp
edu.rice.cs.util.sexp.TokensTest,edu.rice.cs.util.sexp
edu.rice.cs.util.StreamRedirectorTest,edu.rice.cs.util
edu.rice.cs.util.StringOpsTest,edu.rice.cs.util
edu.rice.cs.util.StringOpsTest.TestGetSimpleNameInner,edu.rice.cs.util,***
edu.rice.cs.util.StringOpsTest.TestGetSimpleNameInner.Inner,edu.rice.cs.util,***
edu.rice.cs.util.StringOpsTest.TestGetSimpleNameInner.Nested,edu.rice.cs.util,***
edu.rice.cs.util.swing.FileDisplay,edu.rice.cs.util.swing
edu.rice.cs.util.swing.DocumentOutputStream,edu.rice.cs.util.swing
edu.rice.cs.util.swing.FileSelectionEvent,edu.rice.cs.util.swing
edu.rice.cs.util.swing.FontChooser.NwList,edu.rice.cs.util.swing,***
edu.rice.cs.util.swing.HighlightManagerTest,edu.rice.cs.util.swing
edu.rice.cs.util.swing.ScrollableListDialogTest,edu.rice.cs.util.swing
edu.rice.cs.util.swing.ScrollableListSelectionDialog,edu.rice.cs.util.swing
edu.rice.cs.util.swing.ScrollableListSelectionDialog.SelectAllNoneActionListener,edu.rice.cs.util.swing,***
edu.rice.cs.util.swing.ScrollableListSelectionDialog.SelectionState,edu.rice.cs.util.swing,***
edu.rice.cs.util.swing.ScrollableListSelectionDialogTest,edu.rice.cs.util.swing
edu.rice.cs.util.swing.SwingWorker.ThreadVar,edu.rice.cs.util.swing,***
edu.rice.cs.util.swing.Utilities.TextAreaMessageDialog,edu.rice.cs.util.swing,***
edu.rice.cs.util.text.ConsoleDocument.ConsoleEditCondition,edu.rice.cs.util.text,***
edu.rice.cs.util.text.DocumentEditCondition,edu.rice.cs.util.text
edu.rice.cs.util.text.ConsoleDocumentTest,edu.rice.cs.util.text
edu.rice.cs.util.text.SwingDocumentTest,edu.rice.cs.util.text
edu.rice.cs.drjava.model.OpenDefinitionsDocument,edu.rice.cs.drjava.model
edu.rice.cs.drjava.model.GlobalModel,edu.rice.cs.drjava.model
edu.rice.cs.util.text.AbstractDocumentInterface,edu.rice.cs.util.text
edu.rice.cs.drjava.model.SingleDisplayModel,edu.rice.cs.drjava.model
edu.rice.cs.drjava.config.OptionMap,edu.rice.cs.drjava.config
edu.rice.cs.drjava.config.OptionListener,edu.rice.cs.drjava.config
edu.rice.cs.drjava.config.FormatStrategy,edu.rice.cs.drjava.config
edu.rice.cs.drjava.platform.PlatformSupport,edu.rice.cs.drjava.platform
edu.rice.cs.drjava.config.OptionConstants,edu.rice.cs.drjava.config
edu.rice.cs.drjava.config.ParseStrategy,edu.rice.cs.drjava.config
edu.rice.cs.util.FileOpenSelector,edu.rice.cs.util
edu.rice.cs.drjava.model.ILoadDocuments,edu.rice.cs.drjava.model
edu.rice.cs.util.text.EditDocumentInterface,edu.rice.cs.util.text
edu.rice.cs.drjava.model.definitions.reducedmodel.BraceReduction,edu.rice.cs.drjava.model.definitions.reducedmodel
edu.rice.cs.drjava.model.DJDocument,edu.rice.cs.drjava.model
edu.rice.cs.drjava.model.definitions.reducedmodel.ReducedModelStates,edu.rice.cs.drjava.model.definitions.reducedmodel
edu.rice.cs.drjava.model.cache.DCacheAdapter,edu.rice.cs.drjava.model.cache
edu.rice.cs.drjava.model.cache.DDReconstructor,edu.rice.cs.drjava.model.cache
edu.rice.cs.drjava.model.compiler.CompilerModel,edu.rice.cs.drjava.model.compiler
edu.rice.cs.drjava.model.debug.Breakpoint,edu.rice.cs.drjava.model.debug
edu.rice.cs.drjava.model.debug.DebugBreakpointData,edu.rice.cs.drjava.model.debug
edu.rice.cs.drjava.model.debug.Debugger,edu.rice.cs.drjava.model.debug
edu.rice.cs.drjava.model.javadoc.JavadocModel,edu.rice.cs.drjava.model.javadoc
edu.rice.cs.drjava.model.junit.JUnitModel,edu.rice.cs.drjava.model.junit
edu.rice.cs.drjava.project.DocumentInfoGetter,edu.rice.cs.drjava.project
edu.rice.cs.drjava.project.ProjectFileIR,edu.rice.cs.drjava.project
edu.rice.cs.util.Lambda,edu.rice.cs.util
edu.rice.cs.util.SRunnable,edu.rice.cs.util
edu.rice.cs.util.docnavigation.IDocumentNavigator,edu.rice.cs.util.docnavigation
edu.rice.cs.util.docnavigation.INavigationListener,edu.rice.cs.util.docnavigation
edu.rice.cs.util.docnavigation.INavigatorItem,edu.rice.cs.util.docnavigation
edu.rice.cs.util.docnavigation.NodeData,edu.rice.cs.util.docnavigation
edu.rice.cs.util.docnavigation.NodeDataVisitor,edu.rice.cs.util.docnavigation
edu.rice.cs.util.swing.IAsyncProgress,edu.rice.cs.util.swing
edu.rice.cs.util.swing.DocumentIterator,edu.rice.cs.util.swing
edu.rice.cs.drjava.model.FileGroupingState,edu.rice.cs.drjava.model
edu.rice.cs.drjava.model.DocumentRegion,edu.rice.cs.drjava.model
edu.rice.cs.drjava.model.GlobalModelListener,edu.rice.cs.drjava.model
edu.rice.cs.drjava.model.RegionManager,edu.rice.cs.drjava.model
edu.rice.cs.drjava.model.FileSaveSelector,edu.rice.cs.drjava.model
edu.rice.cs.drjava.model.FinalizationListener,edu.rice.cs.drjava.model
edu.rice.cs.drjava.model.RegionManagerListener,edu.rice.cs.drjava.model
edu.rice.cs.drjava.model.cache.DocumentCache.RegistrationListener,edu.rice.cs.drjava.model.cache,***
edu.rice.cs.drjava.model.Finalizable,edu.rice.cs.drjava.model
edu.rice.cs.drjava.model.compiler.CompilerListener,edu.rice.cs.drjava.model.compiler
edu.rice.cs.drjava.model.compiler.CompilerInterface,edu.rice.cs.drjava.model.compiler
edu.rice.cs.drjava.model.debug.DebugListener,edu.rice.cs.drjava.model.debug
edu.rice.cs.drjava.model.debug.DebugModelCallback,edu.rice.cs.drjava.model.debug
edu.rice.cs.drjava.model.repl.InteractionsListener,edu.rice.cs.drjava.model.repl
edu.rice.cs.drjava.model.LightWeightParsingControl,edu.rice.cs.drjava.model
edu.rice.cs.drjava.model.LightWeightParsingListener,edu.rice.cs.drjava.model
edu.rice.cs.drjava.model.definitions.DocumentClosedListener,edu.rice.cs.drjava.model.definitions
edu.rice.cs.drjava.model.definitions.indent.IndentRule,edu.rice.cs.drjava.model.definitions.indent
edu.rice.cs.util.text.SwingDocumentInterface,edu.rice.cs.util.text
edu.rice.cs.drjava.model.repl.InputListener,edu.rice.cs.drjava.model.repl
edu.rice.cs.drjava.model.junit.JUnitListener,edu.rice.cs.drjava.model.junit
edu.rice.cs.drjava.model.javadoc.JavadocListener,edu.rice.cs.drjava.model.javadoc
edu.rice.cs.util.DirectorySelector,edu.rice.cs.util
edu.rice.cs.drjava.model.junit.JUnitModelCallback,edu.rice.cs.drjava.model.junit
edu.rice.cs.util.text.ConsoleDocumentInterface,edu.rice.cs.util.text
edu.rice.cs.drjava.model.repl.JavaInterpreter,edu.rice.cs.drjava.model.repl
edu.rice.cs.drjava.model.repl.Interpreter,edu.rice.cs.drjava.model.repl
edu.rice.cs.drjava.model.repl.InteractionsModelCallback,edu.rice.cs.drjava.model.repl
edu.rice.cs.drjava.model.repl.newjvm.InterpretResult,edu.rice.cs.drjava.model.repl.newjvm
edu.rice.cs.drjava.model.repl.newjvm.InterpretResultVisitor,edu.rice.cs.drjava.model.repl.newjvm
edu.rice.cs.drjava.model.repl.newjvm.InterpreterJVMRemoteI,edu.rice.cs.drjava.model.repl.newjvm
edu.rice.cs.drjava.model.repl.newjvm.MainJVMRemoteI,edu.rice.cs.drjava.model.repl.newjvm
edu.rice.cs.util.newjvm.MasterRemote,edu.rice.cs.util.newjvm
edu.rice.cs.util.newjvm.SlaveRemote,edu.rice.cs.util.newjvm
edu.rice.cs.util.sexp.SExp,edu.rice.cs.util.sexp
edu.rice.cs.util.sexp.SEListVisitor,edu.rice.cs.util.sexp
edu.rice.cs.util.sexp.SExpVisitor,edu.rice.cs.util.sexp
edu.rice.cs.drjava.ui.ClipboardHistoryFrame.CloseAction,edu.rice.cs.drjava.ui,***
edu.rice.cs.drjava.ui.config.OptionComponent.ChangeListener,edu.rice.cs.drjava.ui.config,***
edu.rice.cs.drjava.ui.InteractionsController.ConsoleStateListener,edu.rice.cs.drjava.ui,***
edu.rice.cs.util.swing.FileDisplayManager,edu.rice.cs.util.swing
edu.rice.cs.util.swing.DisplayManager,edu.rice.cs.util.swing
edu.rice.cs.drjava.ui.predictive.PredictiveInputFrame.CloseAction,edu.rice.cs.drjava.ui.predictive,***
edu.rice.cs.drjava.ui.predictive.PredictiveInputFrame.InfoSupplier,edu.rice.cs.drjava.ui.predictive,***
edu.rice.cs.drjava.ui.predictive.PredictiveInputModel.MatchingStrategy,edu.rice.cs.drjava.ui.predictive,***
edu.rice.cs.util.docnavigation.IAWTContainerNavigatorActor,edu.rice.cs.util.docnavigation
edu.rice.cs.drjava.ui.RecentFileManager.RecentFileAction,edu.rice.cs.drjava.ui,***
edu.rice.cs.util.classloader.StickyClassLoaderTest.BMaker,edu.rice.cs.util.classloader,***
edu.rice.cs.util.docnavigation.IDocumentNavigatorFactory,edu.rice.cs.util.docnavigation
edu.rice.cs.util.docnavigation.IDocumentAwareMouseListener,edu.rice.cs.util.docnavigation
edu.rice.cs.util.docnavigation.IDocumentNavigatorAlgo,edu.rice.cs.util.docnavigation
edu.rice.cs.util.FileOps.FileSaver,edu.rice.cs.util,***
edu.rice.cs.util.newjvm.IntegratedMasterSlaveTest.TestMasterRemote,edu.rice.cs.util.newjvm,***
edu.rice.cs.util.newjvm.IntegratedMasterSlaveTest.TestSlaveRemote,edu.rice.cs.util.newjvm,***
edu.rice.cs.util.sexp.Atom,edu.rice.cs.util.sexp
edu.rice.cs.util.sexp.Tokens,edu.rice.cs.util.sexp
edu.rice.cs.util.swing.FileSelectionListener,edu.rice.cs.util.swing
edu.rice.cs.util.text.ReadersWritersLocking,edu.rice.cs.util.text
