edu.rice.cs.drjava.ui.MainFrame.FileOpenSelector_136,0,2.0
edu.rice.cs.drjava.ui.MainFrame.ModelListener.Runnable_177,0,6.0
edu.rice.cs.drjava.ui.FindResultsPanel.RegionManagerListener,0,7.0
edu.rice.cs.drjava.ui.DrJavaErrorWindow.AbstractAction,0,4.0
edu.rice.cs.drjava.ui.FindResultsPanel.FindResultsRegionTreeUserObj,0,16.0
edu.rice.cs.drjava.config.OptionConstants,0,470.0
edu.rice.cs.drjava.ui.DefinitionsPane.ErrorColorOptionListener,0,11.0
edu.rice.cs.drjava.ui.InteractionsPane.Runnable,0,2.0
edu.rice.cs.dynamicjava.interpreter.CheckerException,0,9.0
edu.rice.cs.plt.tuple.Triple,0,53.0
edu.rice.cs.drjava.ui.config.IntegerOptionComponent,0,39.0
edu.rice.cs.plt.iter.MappedIterator,0,15.0
edu.rice.cs.drjava.ConfigFileTest,0,19.0
edu.rice.cs.drjava.ui.DebugPanel.WatchRenderer,0,20.0
edu.rice.cs.drjava.model.junit.JUnitModelCallback,0,11.0
edu.rice.cs.plt.lambda.LambdaUtil.NegationPredicate3,0,5.0
edu.rice.cs.util.jar.JarCreationTest.FileFilter,0,4.0
edu.rice.cs.drjava.ui.MainFrameTest.SingleDisplayModelCompileListener,0,11.0
koala.dynamicjava.tree.MethodCall,0,28.0
edu.rice.cs.javalanglevels.ConstructorBodyTypeChecker,0,169.0
edu.rice.cs.drjava.ui.DefinitionsPaneTest.Runnable_12,0,0.0
edu.rice.cs.util.swing.ScrollableListSelectionDialog.SelectionState,0,4.0
edu.rice.cs.plt.tuple.IdentityQuad.Factory,0,9.0
edu.rice.cs.drjava.ui.DefinitionsPaneTest.Runnable_16,0,20.0
edu.rice.cs.drjava.model.definitions.indent.QuestionStartingNewStmt,0,26.0
edu.rice.cs.drjava.ui.DefinitionsPaneTest.Runnable_19,0,5.0
edu.rice.cs.drjava.ui.DefinitionsPaneTest.Runnable_18,0,16.0
edu.rice.cs.util.Lambda,0,3.0
koala.dynamicjava.tree.SubtractAssignExpression,0,12.0
edu.rice.cs.drjava.plugins.jedit.JEditPlugin.Runnable,0,5.0
edu.rice.cs.drjava.platform.MacFactoryTest,0,9.0
edu.rice.cs.javalanglevels.TryCatchBodyTypeChecker.TryCatchBodyTypeCheckerTest,0,100.0
edu.rice.cs.drjava.ui.MainFrame.AbstractAction_39,0,9.0
edu.rice.cs.plt.reflect.ReflectUtil.MethodLambda2,0,6.0
edu.rice.cs.util.CompletionMonitorTest.Thread,0,8.0
edu.rice.cs.drjava.ui.JUnitPanel.JUnitErrorListPane.JUnitProgressBar,0,31.0
koala.dynamicjava.tree.CastExpression,0,24.0
edu.rice.cs.drjava.ui.BookmarksPanel,0,39.0
edu.rice.cs.drjava.model.definitions.indent.QuestionExistsCharInStmtTest,0,75.0
edu.rice.cs.util.ReaderWriterLockTest,0,122.0
edu.rice.cs.plt.lambda.LambdaUtil.BindThirdPredicate2,0,8.0
edu.rice.cs.drjava.model.debug.DebugException,0,6.0
edu.rice.cs.drjava.model.GlobalModelCompileTest.TestListener_0,0,6.0
edu.rice.cs.drjava.model.definitions.DefinitionsEditorKit.ViewFactory,0,4.0
edu.rice.cs.drjava.ui.HTMLFrame.HistoryList,0,14.0
edu.rice.cs.plt.reflect.PathClassLoaderTest,0,88.0
edu.rice.cs.drjava.model.GlobalModelCompileSuccessTestCase,0,10.0
edu.rice.cs.plt.tuple.IdentityPair.Factory,0,5.0
edu.rice.cs.drjava.ui.config.ConfigFrame.AbstractAction_0,0,11.0
edu.rice.cs.drjava.model.repl.InteractionsModelTest.InputListener,0,2.0
edu.rice.cs.plt.iter.IterUtil.ByteArrayWrapper.IndexedIterator,0,3.0
koala.dynamicjava.tree.LongTypeName,0,11.0
edu.rice.cs.drjava.ui.MainFrame.FileOpenSelector_0,0,7.0
edu.rice.cs.drjava.ui.InteractionsScriptController.AbstractAction,0,6.0
edu.rice.cs.plt.tuple.Sextet,0,55.0
edu.rice.cs.util.OperationCanceledException,0,2.0
edu.rice.cs.util.ArgumentTokenizerTest,0,89.0
edu.rice.cs.drjava.ui.RegionsListPanel.Runnable_0,0,18.0
edu.rice.cs.plt.lambda.LambdaUtil.CurriedLambda4,0,10.0
edu.rice.cs.drjava.ui.config.KeyStrokeOptionComponent.GetKeyDialog.InputField,0,16.0
edu.rice.cs.drjava.ui.FindReplacePanel.DocumentListener,0,7.0
edu.rice.cs.plt.text.TextUtil.UnicodeTranslator.UnicodeTranslator_2,0,13.0
edu.rice.cs.dynamicjava.symbol.TreeClass.DefaultTreeConstructor,0,6.0
edu.rice.cs.drjava.ui.InteractionsPaneTest.Runnable_8,0,18.0
koala.dynamicjava.tree.tiger.TypeParameter,0,27.0
koala.dynamicjava.tree.DivideExpression,0,12.0
edu.rice.cs.drjava.config.Configuration.Runnable,0,0.0
edu.rice.cs.drjava.ui.InteractionsPaneTest.Runnable_6,0,0.0
edu.rice.cs.drjava.model.definitions.reducedmodel.GapTest,0,24.0
edu.rice.cs.util.newjvm.MasterRemote,0,5.0
edu.rice.cs.drjava.ui.MainFrame.AbstractAction_54,0,2.0
edu.rice.cs.drjava.ui.MainFrame.AbstractAction_55,0,5.0
edu.rice.cs.util.docnavigation.JListSortNavigator,0,26.0
edu.rice.cs.drjava.model.debug.Debugger.StepType,0,1.0
edu.rice.cs.drjava.ui.MainFrame.LineEnumOptionListener,0,3.0
edu.rice.cs.util.sexp.SExpParser.ParseHelper,0,74.0
edu.rice.cs.drjava.model.SingleDisplayModel,0,13.0
edu.rice.cs.drjava.config.BooleanOptionTest,0,31.0
edu.rice.cs.drjava.ui.config.VectorFileOptionComponent,0,53.0
edu.rice.cs.drjava.ui.RegionsListPanel.KeyAdapter,0,6.0
edu.rice.cs.drjava.ui.MainFrame.FocusListener_160,0,3.0
edu.rice.cs.drjava.ui.FindReplacePanel.ItemListener_8,0,8.0
edu.rice.cs.util.newjvm.SlaveRemote,0,4.0
edu.rice.cs.drjava.model.debug.jpda.JPDADebugger.Runnable_11,0,0.0
edu.rice.cs.util.OrderedBidirectionalHashMapTest,0,153.0
edu.rice.cs.plt.swing.SwingUtil.javax.swing.filechooser.FileFilter,0,3.0
edu.rice.cs.drjava.ui.DefinitionsPane.UndoAction,0,28.0
edu.rice.cs.plt.tuple.Pair.GetSecond,0,5.0
edu.rice.cs.javalanglevels.BodyBodyElementaryVisitor,0,42.0
edu.rice.cs.drjava.ui.MainFrame.ModelListener.Runnable_169,0,18.0
edu.rice.cs.util.ReaderWriterLockTest.ReaderThread,0,9.0
edu.rice.cs.drjava.config.FileOption.File,0,35.0
edu.rice.cs.drjava.ui.ClipboardHistoryFrame.AbstractAction,0,4.0
edu.rice.cs.drjava.ui.JUnitPanel.JUnitErrorListPane,0,166.0
koala.dynamicjava.interpreter.TypeUtil.Expression,0,4.0
edu.rice.cs.plt.reflect.JavaVersionTest,0,38.0
edu.rice.cs.util.docnavigation.AWTContainerNavigatorFactory,0,28.0
edu.rice.cs.drjava.ui.MainFrame.AbstractAction_118,0,23.0
edu.rice.cs.drjava.model.junit.JUnitEventNotifier,0,50.0
koala.dynamicjava.tree.AmbiguousName,0,46.0
edu.rice.cs.drjava.ui.config.ButtonComponent,0,23.0
edu.rice.cs.plt.iter.IterUtil.CharSequenceWrapper.IndexedIterator,0,3.0
edu.rice.cs.plt.recur.BinaryArgContinuation.Lambda,0,2.0
edu.rice.cs.drjava.model.junit.JUnitError,0,24.0
edu.rice.cs.dynamicjava.symbol.TypeSystem,0,116.0
edu.rice.cs.plt.text.TextUtilTest,0,47.0
edu.rice.cs.drjava.ui.RegionsListPanel.RegionMouseAdapter,0,10.0
edu.rice.cs.drjava.ui.MainFrame.AbstractAction_115,0,9.0
edu.rice.cs.drjava.ui.ErrorCaretListener,0,35.0
edu.rice.cs.drjava.model.repl.InteractionsEditorKit.Runnable,0,4.0
koala.dynamicjava.tree.tiger.EmptyEnv,0,10.0
edu.rice.cs.plt.ant.OneLineJUnitResultFormatter,0,107.0
edu.rice.cs.drjava.model.debug.Breakpoint,0,4.0
edu.rice.cs.dynamicjava.symbol.ExtendedTypeSystem.TypeAbstractVisitor,0,28.0
edu.rice.cs.dynamicjava.interpreter.ExpressionEvaluator.LValueVisitor.Box,0,3.0
edu.rice.cs.plt.concurrent.ReaderWriterLock,0,91.0
edu.rice.cs.drjava.model.compiler.CompilerOptions.WarningOptionListener,0,5.0
edu.rice.cs.drjava.model.javadoc.JavadocModelTest.DummyOpenDefDoc_3,0,4.0
edu.rice.cs.plt.io.IOUtil.Runnable_4,0,4.0
edu.rice.cs.plt.lambda.LambdaUtil.BindFirstLambda,0,8.0
edu.rice.cs.drjava.ui.MainFrame.AbstractAction_74,0,4.0
edu.rice.cs.util.swing.FileSelectorComponent.FocusListener,0,3.0
edu.rice.cs.drjava.ui.DrJavaErrorPopup.AbstractAction,0,4.0
edu.rice.cs.drjava.model.definitions.reducedmodel.Stutter,0,8.0
edu.rice.cs.dynamicjava.symbol.SymbolUtil,0,100.0
edu.rice.cs.drjava.model.definitions.indent.ActionStartPrevLinePlusMultilineTest,0,3.0
edu.rice.cs.drjava.model.DefaultLightWeightParsingControl.Runnable,0,32.0
edu.rice.cs.util.swing.SwingWorker.Runnable_0.Runnable_1,0,0.0
edu.rice.cs.drjava.model.definitions.ColoringView.DocumentClosedListener,0,16.0
edu.rice.cs.javalanglevels.IntermediateVisitor,0,200.0
edu.rice.cs.drjava.config.Option.Runnable,0,4.0
edu.rice.cs.dynamicjava.symbol.TypeSystem.MethodInvocation,0,12.0
edu.rice.cs.drjava.ui.DefinitionsPaneTest.Runnable_7,0,5.0
edu.rice.cs.drjava.ui.DefinitionsPaneTest.Runnable_6,0,5.0
edu.rice.cs.drjava.model.junit.DrJavaTestCaseClassLoader,0,164.0
edu.rice.cs.drjava.ui.DefinitionsPaneTest.Runnable_2,0,6.0
edu.rice.cs.drjava.ui.SimpleInteractionsWindow.InteractionsListener,0,20.0
edu.rice.cs.drjava.ui.DefinitionsPaneTest.Runnable_9,0,0.0
edu.rice.cs.drjava.ui.DefinitionsPaneTest.Runnable_8,0,5.0
edu.rice.cs.util.swing.BorderlessScrollPane,0,19.0
edu.rice.cs.plt.lambda.LambdaUtil.GeneralRunnable,0,3.0
edu.rice.cs.drjava.ui.PreviewFrame.PageChangerUpdater,0,4.0
edu.rice.cs.drjava.model.definitions.reducedmodel.InsideSingleQuote,0,32.0
edu.rice.cs.util.text.SwingDocumentInterface,0,1.0
edu.rice.cs.dynamicjava.symbol.TreeClass.TreeMethod,0,32.0
edu.rice.cs.drjava.ui.config.ConfigFrame.ActionListener_4,0,4.0
edu.rice.cs.drjava.ui.config.ConfigFrame.ActionListener_5,0,2.0
edu.rice.cs.plt.lambda.LambdaUtil.DecrementIntLambda,0,4.0
edu.rice.cs.drjava.ui.config.ConfigFrame.ActionListener_3,0,2.0
koala.dynamicjava.tree.SuperFieldAccess,0,14.0
edu.rice.cs.drjava.ui.MainFrame.AbstractAction_83,0,4.0
edu.rice.cs.drjava.ui.MainFrame.AbstractAction_82,0,2.0
edu.rice.cs.drjava.model.repl.newjvm.InterpreterJVM.OutputStreamRedirector_0,0,8.0
edu.rice.cs.drjava.model.compiler.Javac141Compiler.Writer,0,4.0
edu.rice.cs.drjava.ui.MainFrame.AbstractAction_86,0,5.0
edu.rice.cs.drjava.ui.MainFrame.AbstractAction_84,0,4.0
edu.rice.cs.drjava.model.debug.jpda.JPDADebugger.DebugModelCallback,0,0.0
edu.rice.cs.drjava.ui.MainFrameTest.Runnable_34,0,5.0
edu.rice.cs.drjava.model.definitions.indent.Indenter.IndentReason,0,4.0
edu.rice.cs.drjava.ui.MainFrameTest.Runnable_33,0,2.0
edu.rice.cs.drjava.ui.DrJavaErrorWindow.AbstractAction_1,0,10.0
edu.rice.cs.javalanglevels.JExprParserTest,0,38.0
edu.rice.cs.dynamicjava.symbol.JavaClass.Lambda,0,2.0
edu.rice.cs.plt.tuple.IdentityQuint,0,32.0
edu.rice.cs.plt.concurrent.ConcurrentUtilTest.ProcessTask1,0,6.0
edu.rice.cs.drjava.ui.JavadocErrorPanel.JavadocErrorListPane,0,22.0
koala.dynamicjava.util.LibraryFinder,0,52.0
edu.rice.cs.drjava.project.ProjectFileParser.PrivateProjectException,0,3.0
edu.rice.cs.dynamicjava.interpreter.StatementChecker,0,473.0
edu.rice.cs.drjava.model.definitions.CompoundUndoManager.Runnable,0,6.0
edu.rice.cs.plt.reflect.ReflectUtilTest.ReflectExceptionVisitor,0,12.0
edu.rice.cs.util.text.ConsoleDocument.Runnable,0,0.0
edu.rice.cs.drjava.plugins.eclipse.views.InteractionsController.EclipseInteractionsListener,0,46.0
edu.rice.cs.drjava.model.definitions.IndentHelperTest,0,342.0
edu.rice.cs.drjava.ui.MainFrame.AbstractAction_16,0,5.0
edu.rice.cs.drjava.ui.MainFrame.AbstractAction_10,0,15.0
edu.rice.cs.drjava.config.OptionMap,0,8.0
edu.rice.cs.drjava.ui.JavadocFrame.HyperlinkListener,0,7.0
edu.rice.cs.drjava.ui.MainFrame.AbstractAction_13,0,5.0
edu.rice.cs.dynamicjava.symbol.SymbolUtil.Lambda,0,2.0
edu.rice.cs.plt.lambda.LambdaUtil.RunnableThunk,0,6.0
edu.rice.cs.javalanglevels.LValueTypeChecker,0,27.0
edu.rice.cs.drjava.ui.MainFrameTest.Runnable_36,0,5.0
edu.rice.cs.drjava.ui.MainFrameTest.SingleDisplayModelFileClosedListener,0,11.0
edu.rice.cs.drjava.model.DefaultGlobalModel.ConcreteOpenDefDoc.DummyInteractionsListener,0,13.0
edu.rice.cs.drjava.ui.MainFrameTest.ComponentAdapter,0,5.0
edu.rice.cs.util.swing.DelegatingAction,0,102.0
edu.rice.cs.plt.tuple.Wrapper.Factory,0,5.0
edu.rice.cs.util.text.EditDocumentException,0,14.0
edu.rice.cs.drjava.ui.MainFrame.AbstractAction_61,0,6.0
edu.rice.cs.drjava.ui.DefinitionsPane.IndentKeyActionTab,0,5.0
edu.rice.cs.plt.tuple.Quad.GetFirst,0,5.0
pkg.IntBox,0,3.0
edu.rice.cs.drjava.ui.MainFrame.AbstractAction_69,0,7.0
edu.rice.cs.dynamicjava.interpreter.TreeCompiler.EvaluationAdapter,0,61.0
edu.rice.cs.util.swing.DirectorySelectorComponent.FocusListener,0,3.0
edu.rice.cs.drjava.model.definitions.indent.QuestionLineContainsTest,0,43.0
edu.rice.cs.plt.reflect.ReflectException.NoSuchFieldReflectException,0,6.0
edu.rice.cs.plt.lambda.LambdaUtilTest,0,62.0
edu.rice.cs.plt.lambda.LambdaUtil.OrPredicate4,0,12.0
edu.rice.cs.plt.lambda.LambdaUtil.OrPredicate3,0,12.0
edu.rice.cs.plt.lambda.LambdaUtil.OrPredicate2,0,8.0
edu.rice.cs.plt.lambda.LambdaUtil.NotIdenticalPredicate,0,4.0
edu.rice.cs.dynamicjava.interpreter.ExpressionEvaluator.ShiftOperation_23,0,5.0
edu.rice.cs.dynamicjava.symbol.ExtendedTypeSystem.TypeCopyDepthFirstVisitor.Thunk,0,12.0
koala.dynamicjava.tree.SimpleMethodCall,0,12.0
koala.dynamicjava.tree.ShiftRightExpression,0,12.0
edu.rice.cs.util.swing.AsyncTask,0,14.0
edu.rice.cs.plt.swing.SwingUtil.ActionListener_1,0,2.0
edu.rice.cs.javalanglevels.MethodData,0,88.0
edu.rice.cs.drjava.model.cache.DocumentCacheTest.FinalizationListener,0,4.0
edu.rice.cs.plt.reflect.ReflectUtil.FieldBox,0,36.0
edu.rice.cs.drjava.ui.InteractionsScriptPane,0,9.0
edu.rice.cs.javalanglevels.MethodData.MethodDataTest,0,61.0
edu.rice.cs.drjava.ui.RecentDocFrame.JLabel,0,8.0
edu.rice.cs.drjava.model.definitions.indent.ActionStartPrevLinePlusMultiline,0,52.0
edu.rice.cs.drjava.ui.JarOptionsDialog.ProcessingFrame,0,16.0
edu.rice.cs.util.classloader.StickyClassLoaderTest.BMaker,0,3.0
koala.dynamicjava.tree.ReturnStatement,0,23.0
edu.rice.cs.util.swing.FileDisplayManager,0,6.0
edu.rice.cs.plt.reflect.ReflectExceptionVisitor,0,13.0
edu.rice.cs.util.swing.UneditableTableModel,0,8.0
edu.rice.cs.drjava.ui.InteractionsPaneTest.Thread,0,7.0
edu.rice.cs.drjava.ui.DefinitionsPane.ThreadColorOptionListener,0,5.0
edu.rice.cs.util.docnavigation.StringNode,0,7.0
edu.rice.cs.drjava.model.StaticDocumentRegion,0,45.0
reflectionTests.I1,0,6.0
edu.rice.cs.plt.iter.IterUtil.LongArrayWrapper,0,12.0
edu.rice.cs.plt.lambda.LambdaUtil.LambdaPredicate3,0,5.0
edu.rice.cs.drjava.plugins.eclipse.repl.EclipseInteractionsModel.edu.rice.cs.util.OutputStreamRedirector_0,0,5.0
koala.dynamicjava.tree.SimpleAllocation,0,36.0
koala.dynamicjava.tree.IntTypeName,0,11.0
edu.rice.cs.drjava.ui.config.ColorOptionComponentTest,0,44.0
edu.rice.cs.javalanglevels.BodyTypeChecker,0,553.0
edu.rice.cs.drjava.model.print.DrJavaBook,0,73.0
edu.rice.cs.util.swing.BorderlessSplitPane,0,23.0
edu.rice.cs.dynamicjava.interpreter.StatementEvaluator.ReadOnlyIterator,0,7.0
koala.dynamicjava.tree.NotEqualExpression,0,12.0
edu.rice.cs.javalanglevels.InstanceData,0,17.0
edu.rice.cs.plt.collect.KeyDrivenEntrySet,0,24.0
edu.rice.cs.drjava.model.repl.newjvm.MainJVM.DummyDebugModel,0,4.0
edu.rice.cs.drjava.ui.MainFrame.AbstractAction_59.Runnable_60,0,0.0
edu.rice.cs.javalanglevels.VariableData,0,136.0
koala.dynamicjava.tree.FormalParameter,0,43.0
edu.rice.cs.plt.lambda.LambdaUtil.AddIntLambda,0,4.0
edu.rice.cs.plt.tuple.Triple.GetThird,0,5.0
edu.rice.cs.plt.lambda.LambdaUtil.BindSecondPredicate2,0,8.0
edu.rice.cs.drjava.model.definitions.reducedmodel.HighlightStatus,0,26.0
edu.rice.cs.drjava.ui.MainFrame.AbstractAction_111,0,6.0
edu.rice.cs.drjava.ui.ForegroundColorListener,0,16.0
edu.rice.cs.drjava.ui.DebugPanel.StackMouseAdapter,0,16.0
edu.rice.cs.plt.lambda.LambdaUtil.NoOp,0,8.0
edu.rice.cs.drjava.ui.DebugPanel.WatchEditor,0,10.0
edu.rice.cs.drjava.ui.InteractionsController.AbstractAction.Thread,0,2.0
edu.rice.cs.drjava.ui.InteractionsController.AbstractAction_6,0,11.0
edu.rice.cs.javalanglevels.Bob.BobTest,0,164.0
edu.rice.cs.plt.text.ArgumentParser,0,102.0
edu.rice.cs.plt.tuple.IdentityPair,0,26.0
edu.rice.cs.util.sexp.Atom,0,3.0
edu.rice.cs.drjava.config.VectorOption,0,60.0
edu.rice.cs.drjava.model.EventNotifierTest,0,34.0
koala.dynamicjava.tree.ExpressionContainer,0,5.0
edu.rice.cs.drjava.model.debug.jpda.Step,0,44.0
edu.rice.cs.drjava.ui.SimpleInteractionsWindow.WindowAdapter,0,2.0
edu.rice.cs.plt.iter.IterUtil.CollectionWrapper,0,10.0
edu.rice.cs.plt.iter.TruncatedIterator,0,15.0
edu.rice.cs.drjava.ui.ErrorPanel.ErrorListPane.DefaultEditorKit.CopyAction,0,8.0
edu.rice.cs.plt.concurrent.ConcurrentUtilTest.TrivialIncrementalTask,0,24.0
edu.rice.cs.drjava.ui.MainFrame.DocumentUIListener.Runnable_133,0,6.0
edu.rice.cs.drjava.model.GlobalIndentTest,0,133.0
edu.rice.cs.plt.lambda.LambdaUtil.BindSecondLambda2,0,8.0
edu.rice.cs.dynamicjava.symbol.Access,0,3.0
edu.rice.cs.dynamicjava.symbol.ExtendedTypeSystem.MultiVarargInferenceChecker.Lambda,0,2.0
edu.rice.cs.util.swing.Utilities.TextAreaMessageDialog.ActionListener,0,4.0
edu.rice.cs.drjava.model.debug.DebugWatchData,0,70.0
edu.rice.cs.drjava.ui.MainFrameTest.ComponentAdapter_19,0,5.0
edu.rice.cs.dynamicjava.symbol.TypeSystem.StaticMethodInvocation,0,6.0
edu.rice.cs.drjava.model.cache.DocumentCache.RegistrationListener,0,3.0
edu.rice.cs.drjava.ui.MainFrame.AbstractAction_112,0,5.0
edu.rice.cs.drjava.ui.MainFrame.AbstractAction_113,0,5.0
edu.rice.cs.drjava.ui.config.ConfigFrame,0,547.0
edu.rice.cs.javalanglevels.ExpressionTypeChecker,0,784.0
edu.rice.cs.drjava.model.AbstractGlobalModel.FocusListener,0,5.0
edu.rice.cs.dynamicjava.symbol.ExtendedTypeSystem.EmptyVarargInferenceChecker,0,23.0
edu.rice.cs.javalanglevels.InterfaceBodyAdvancedVisitor.InterfaceBodyAdvancedVisitorTest,0,235.0
koala.dynamicjava.tree.ByteTypeName,0,11.0
edu.rice.cs.drjava.model.print.PagePrinter,0,41.0
koala.dynamicjava.interpreter.error.BreakException,0,16.0
edu.rice.cs.drjava.model.junit.DefaultJUnitModel.DummyCompilerListener,0,17.0
edu.rice.cs.drjava.config.Option,0,27.0
edu.rice.cs.drjava.ui.MainFrame.AbstractAction_25,0,2.0
edu.rice.cs.drjava.ui.MainFrame.AbstractAction_26,0,4.0
edu.rice.cs.drjava.ui.MainFrame.AbstractAction_20,0,5.0
edu.rice.cs.drjava.config.ColorOptionTest,0,30.0
edu.rice.cs.drjava.ui.BreakpointsPanel.BreakpointRegionTreeUserObj,0,24.0
edu.rice.cs.drjava.platform.DefaultPlatform,0,71.0
edu.rice.cs.javalanglevels.CharConverter,0,122.0
koala.dynamicjava.util.DisplayVisitor,0,1161.0
edu.rice.cs.drjava.ui.config.ColorOptionComponent.OptionListener,0,4.0
edu.rice.cs.drjava.model.cache.DocumentCacheTest,0,314.0
edu.rice.cs.drjava.plugins.jedit.JEditPlugin,0,83.0
edu.rice.cs.drjava.model.GlobalModelOtherTest.UndoableEditListener,0,2.0
edu.rice.cs.dynamicjava.interpreter.TreeCompiler,0,715.0
edu.rice.cs.dynamicjava.interpreter.StatementEvaluator.Result,0,14.0
edu.rice.cs.util.text.ConsoleDocument.ConsoleEditCondition,0,10.0
edu.rice.cs.plt.lambda.LambdaUtil.DivideIntLambda,0,4.0
edu.rice.cs.drjava.MainController,0,2.0
edu.rice.cs.drjava.ui.DefinitionsPane.UndoWithPosition,0,26.0
edu.rice.cs.drjava.ui.InteractionsController.AbstractAction_7,0,8.0
edu.rice.cs.drjava.model.compiler.CompilerListener,0,6.0
edu.rice.cs.drjava.ui.predictive.PredictiveInputFrame.AbstractAction_6,0,14.0
edu.rice.cs.util.text.SwingDocumentTest,0,53.0
edu.rice.cs.drjava.model.definitions.reducedmodel.InsideDoubleQuote,0,31.0
edu.rice.cs.drjava.ui.BackgroundColorListener,0,10.0
edu.rice.cs.util.classloader.StickyClassLoader,0,59.0
edu.rice.cs.util.swing.DocumentIterator,0,5.0
edu.rice.cs.drjava.config.DefaultOptionMap,0,27.0
edu.rice.cs.drjava.ui.JavadocErrorPanel,0,29.0
edu.rice.cs.drjava.model.definitions.indent.QuestionBraceIsCurly,0,7.0
koala.dynamicjava.tree.BitOrAssignExpression,0,12.0
edu.rice.cs.plt.reflect.ReflectUtil.ObjectMethodThunk,0,7.0
edu.rice.cs.drjava.ui.PreviewDefDocFrame,0,24.0
edu.rice.cs.drjava.ui.HTMLFrame,0,184.0
koala.dynamicjava.tree.ArrayAllocation.TypeDescriptor,0,24.0
edu.rice.cs.drjava.ui.InteractionsHistoryFilter,0,25.0
edu.rice.cs.plt.recur.PrecomputedRecursionStack3,0,106.0
edu.rice.cs.plt.reflect.ReflectUtilTest.Runnable,0,0.0
edu.rice.cs.drjava.model.SingleDisplayModelTest.SDTestListener_1,0,15.0
edu.rice.cs.plt.lambda.LambdaUtil.BindFirstRunnable,0,6.0
edu.rice.cs.drjava.model.definitions.indent.ActionDoNothing,0,5.0
edu.rice.cs.util.text.SWTDocumentAdapterTest.DocumentEditCondition,0,7.0
edu.rice.cs.drjava.model.definitions.ColoringGlyphPainter.DocumentClosedListener,0,16.0
edu.rice.cs.drjava.model.definitions.indent.IndentRulesTestCase.AbstractDJDocument,0,10.0
edu.rice.cs.plt.iter.IterUtil.ComposeLambda,0,8.0
edu.rice.cs.drjava.ui.MainFrame.MouseListener,0,6.0
edu.rice.cs.drjava.ui.FindResultsPanel.AbstractAction_2,0,0.0
edu.rice.cs.drjava.model.repl.newjvm.InterpreterJVM.OutputStreamRedirector,0,8.0
edu.rice.cs.plt.reflect.JavaVersion.FullVersion,0,57.0
edu.rice.cs.drjava.ui.FindResultsPanel.AbstractAction_1,0,2.0
edu.rice.cs.drjava.config.OptionEvent,0,8.0
edu.rice.cs.drjava.model.definitions.indent.ActionStartPrevLinePlus,0,26.0
edu.rice.cs.util.swing.DirectoryChooser.FileFilter,0,3.0
edu.rice.cs.drjava.ui.MainFrame.RightClickMouseAdapter_158,0,5.0
edu.rice.cs.dynamicjava.symbol.JavaClass.Thunk,0,7.0
edu.rice.cs.plt.io.ExpandingByteBuffer,0,16.0
edu.rice.cs.plt.iter.IterUtil.CharArrayWrapper,0,12.0
edu.rice.cs.drjava.model.EventNotifier.Runnable,0,6.0
edu.rice.cs.util.StringOpsTest.TestGetSimpleNameInner.Nested.java.awt.event.ActionListener,0,2.0
edu.rice.cs.drjava.ui.MainFrame.OddDisplayManager,0,20.0
koala.dynamicjava.util.TigerUtilitiesTest,0,115.0
edu.rice.cs.drjava.ui.MainFrame.DoclistFontOptionListener,0,6.0
edu.rice.cs.plt.recur.ContinuationTest.PendingContinuation,0,2.0
koala.dynamicjava.tree.ShiftLeftAssignExpression,0,12.0
edu.rice.cs.drjava.model.repl.DefaultInteractionsModel.Runnable,0,0.0
edu.rice.cs.util.newjvm.IntegratedMasterSlaveTest,0,24.0
edu.rice.cs.dynamicjava.symbol.LocalVariable,0,13.0
edu.rice.cs.util.text.ReadersWritersLocking,0,6.0
edu.rice.cs.plt.iter.FiniteSequenceIterable,0,27.0
edu.rice.cs.plt.lambda.Thunk,0,3.0
edu.rice.cs.dynamicjava.symbol.ExtendedTypeSystem.VariableHandler,0,50.0
edu.rice.cs.drjava.model.junit.JUnitErrorModelTest,0,177.0
edu.rice.cs.drjava.ui.MainFrame.JavaAPIListEntry_209,0,7.0
koala.dynamicjava.tree.FloatTypeName,0,11.0
edu.rice.cs.util.jar.JarBuilder,0,84.0
edu.rice.cs.drjava.ui.MainFrame.ActionListener_204,0,4.0
edu.rice.cs.plt.tuple.IdentityWrapper,0,19.0
edu.rice.cs.drjava.ui.MainFrame.AbstractAction_48.ClipboardHistoryFrame.CloseAction_49,0,11.0
edu.rice.cs.drjava.ui.DefinitionsPaneTest.Runnable_32,0,0.0
edu.rice.cs.plt.iter.IterUtilTest,0,102.0
edu.rice.cs.dynamicjava.interpreter.RuntimeBindings,0,55.0
edu.rice.cs.util.docnavigation.GroupNotSelectedException,0,5.0
edu.rice.cs.drjava.ui.DebugPanel.AbstractAction,0,5.0
edu.rice.cs.drjava.model.GlobalModelTestCase.JUnitNonTestListener,0,13.0
edu.rice.cs.drjava.project.ProjectFileIR,0,29.0
edu.rice.cs.drjava.ui.AboutDialog.MouseListener_0,0,9.0
edu.rice.cs.plt.collect.ConsVisitor.Rest,0,10.0
edu.rice.cs.drjava.ui.MainFrame.DelegatingAction,0,8.0
edu.rice.cs.drjava.model.FileGroupingState,0,30.0
edu.rice.cs.dynamicjava.symbol.ExtendedTypeSystem.MultiVarargChecker,0,35.0
edu.rice.cs.drjava.ui.MainFrame.AbstractAction_94,0,9.0
edu.rice.cs.drjava.plugins.jedit.JEditPlugin.Runnable_1,0,9.0
edu.rice.cs.dynamicjava.symbol.TypeSystem.StaticFieldReference,0,5.0
edu.rice.cs.drjava.ui.MainFrame.AbstractAction_90,0,12.0
edu.rice.cs.drjava.model.debug.jpda.DebugContextTest.Runnable,0,4.0
edu.rice.cs.drjava.ui.MainFrame.KeyListener,0,9.0
edu.rice.cs.drjava.ui.MainFrameTest.Runnable_26,0,2.0
edu.rice.cs.drjava.ui.MainFrameTest.Runnable_27,0,2.0
edu.rice.cs.drjava.ui.MainFrameTest.Runnable_25,0,4.0
edu.rice.cs.drjava.model.GlobalModelIOTest.TestListener_6,0,11.0
edu.rice.cs.util.docnavigation.InnerNode,0,9.0
edu.rice.cs.util.StringOpsTest.TestGetSimpleNameInner.java.awt.event.ActionListener_3,0,2.0
edu.rice.cs.drjava.project.MalformedProjectFileException,0,5.0
edu.rice.cs.plt.lambda.LambdaUtil.RunnableLambda4,0,10.0
edu.rice.cs.drjava.project.ProjectFileParser.SExpVisitor,0,16.0
koala.dynamicjava.tree.ThrowStatement,0,25.0
edu.rice.cs.javalanglevels.BodyBodyAdvancedVisitor.BodyBodyAdvancedVisitorTest,0,133.0
edu.rice.cs.dynamicjava.symbol.JavaClass.JavaField,0,12.0
koala.dynamicjava.tree.ForEachStatementTest,0,11.0
edu.rice.cs.plt.lambda.WrappedException,0,3.0
edu.rice.cs.javalanglevels.ElementaryLevelTest.FileFilter_0,0,3.0
edu.rice.cs.javalanglevels.ElementaryLevelTest.FileFilter_2,0,3.0
koala.dynamicjava.tree.AnonymousInnerAllocation,0,26.0
edu.rice.cs.drjava.ui.ClipboardHistoryFrame.java.awt.event.WindowAdapter,0,4.0
koala.dynamicjava.tree.TypeName,0,5.0
edu.rice.cs.drjava.model.FindReplaceMachineTest.Runnable_0,0,12.0
JHawkDefaultPackage.Jerry,0,1.0
edu.rice.cs.drjava.model.SingleDisplayModelTest.SDTestListener_3,0,15.0
edu.rice.cs.drjava.model.SingleDisplayModelTest.SDTestListener_2,0,12.0
edu.rice.cs.dynamicjava.symbol.DJMethod,0,10.0
koala.dynamicjava.tree.BitOrExpression,0,12.0
edu.rice.cs.drjava.ui.PreviewFrame.AbstractAction_0,0,2.0
edu.rice.cs.drjava.model.cache.DocumentCacheTest.FileOpenSelector,0,2.0
edu.rice.cs.drjava.ui.CompilerErrorPanel.ItemListener,0,10.0
edu.rice.cs.util.docnavigation.JListNavigator.ListSelectionListener.Runnable.NodeData,0,2.0
edu.rice.cs.plt.recur.PrecomputedRecursionStack,0,95.0
edu.rice.cs.drjava.model.compiler.JavacCompiler,0,19.0
edu.rice.cs.dynamicjava.symbol.ExtendedTypeSystem.TypeCopyDepthFirstVisitor,0,32.0
edu.rice.cs.drjava.ui.MainFrame.MainFontOptionListener,0,3.0
edu.rice.cs.drjava.ui.MainFrame.DJFileDisplayManager,0,32.0
edu.rice.cs.drjava.config.SavableConfiguration,0,39.0
edu.rice.cs.plt.ant.ForNumTask.MapIterator,0,9.0
edu.rice.cs.drjava.ui.MainFrame.LastFocusListener,0,5.0
edu.rice.cs.drjava.ui.FindResultsPanel.ColorComboRenderer,0,26.0
edu.rice.cs.drjava.model.compiler.Javac160CompilerTest,0,15.0
edu.rice.cs.drjava.ui.DrJavaErrorWindow.HyperlinkListener_0,0,8.0
koala.dynamicjava.tree.AddExpression,0,12.0
edu.rice.cs.plt.iter.FilteredIterable,0,20.0
koala.dynamicjava.tree.PlusExpression,0,11.0
edu.rice.cs.util.swing.ScrollableListSelectionDialog.AbstractTableModel,0,60.0
koala.dynamicjava.tree.LongLiteralTest,0,30.0
edu.rice.cs.drjava.ui.BrowserHistoryPanel.RegionManagerListener,0,12.0
edu.rice.cs.plt.io.WrappedDirectReader,0,19.0
edu.rice.cs.drjava.model.repl.HistoryTest,0,162.0
koala.dynamicjava.tree.NotExpression,0,11.0
edu.rice.cs.drjava.model.definitions.indent.ActionStartPrevLinePlusMultilinePreserveTest,0,72.0
edu.rice.cs.drjava.ui.ClipboardHistoryFrame,0,174.0
edu.rice.cs.drjava.plugins.eclipse.DrJavaPerspective,0,20.0
edu.rice.cs.drjava.ui.DefinitionsPane.AbstractAction_3,0,5.0
edu.rice.cs.drjava.ui.QuickStartFrame.HyperlinkListener,0,26.0
edu.rice.cs.drjava.model.definitions.indent.QuestionNewParenPhraseTest,0,71.0
edu.rice.cs.plt.reflect.ReflectException.NullPointerReflectException,0,6.0
edu.rice.cs.plt.tuple.Pair,0,44.0
edu.rice.cs.drjava.model.AbstractGlobalModel.ProjectFileGroupingState,0,117.0
edu.rice.cs.drjava.ui.DefinitionsPane.AbstractAction_1,0,9.0
koala.dynamicjava.tree.tiger.PolymorphicSimpleAllocation,0,22.0
edu.rice.cs.plt.reflect.ReflectUtil.ConstructorLambda,0,4.0
edu.rice.cs.drjava.model.definitions.reducedmodel.ReducedModelState,0,45.0
edu.rice.cs.drjava.ui.TabbedPanel.ActionListener,0,4.0
edu.rice.cs.javalanglevels.JExprParserTest.FileFilter,0,4.0
edu.rice.cs.plt.io.LinkedInputAndOutputStream.DirectOutputStream,0,16.0
edu.rice.cs.drjava.plugins.jedit.JEditPlugin.JEditInteractionsListener.Runnable_3,0,8.0
edu.rice.cs.drjava.model.FileMovedException,0,8.0
edu.rice.cs.plt.concurrent.DelayedInterrupter.Thread,0,8.0
koala.dynamicjava.interpreter.TypeUtil,0,14.0
edu.rice.cs.drjava.plugins.jedit.JEditPlugin.JEditInteractionsListener.Runnable_4,0,5.0
koala.dynamicjava.tree.tiger.GenericReferenceTypeName,0,30.0
edu.rice.cs.dynamicjava.interpreter.ExpressionEvaluator.ShiftOperation,0,19.0
edu.rice.cs.drjava.ui.MainFrame.AbstractAction,0,9.0
edu.rice.cs.drjava.ui.DirectoryFilter,0,15.0
edu.rice.cs.drjava.ui.MainFrameTest.Runnable_7,0,8.0
edu.rice.cs.drjava.ui.MainFrame.AbstractAction_8,0,2.0
edu.rice.cs.plt.concurrent.ConcurrentUtil.TaskProcess,0,29.0
edu.rice.cs.drjava.plugins.jedit.JEditPlugin.JEditInteractionsListener,0,37.0
edu.rice.cs.plt.lambda.LambdaUtil.PromotedLambda4,0,5.0
edu.rice.cs.plt.lambda.LambdaUtil.PromotedLambda2,0,5.0
edu.rice.cs.plt.text.TextUtil.UnicodeTranslator.JState,0,1.0
edu.rice.cs.plt.concurrent.ConcurrentUtilTest.TestProcess,0,8.0
edu.rice.cs.drjava.model.definitions.InvalidPackageException,0,10.0
koala.dynamicjava.tree.ObjectMethodCall,0,28.0
edu.rice.cs.drjava.ui.InteractionsPaneTest.Runnable_13,0,5.0
edu.rice.cs.drjava.model.definitions.indent.IndentRuleWithTrace,0,46.0
edu.rice.cs.drjava.ui.ErrorPanel.ErrorListPane,0,285.0
edu.rice.cs.util.ReaderWriterLock.DeadlockException,0,6.0
edu.rice.cs.drjava.ui.MainFrame.AbstractAction_15,0,5.0
edu.rice.cs.drjava.ui.ProjectMenuTest.Runnable_2.FileOpenSelector_3,0,4.0
edu.rice.cs.util.newjvm.IntegratedMasterSlaveTest.TestMasterRemote,0,3.0
edu.rice.cs.javalanglevels.IntermediateLevelTest.FileFilter_0,0,3.0
edu.rice.cs.util.swing.ScrollableDialog.AbstractAction,0,4.0
edu.rice.cs.drjava.ui.AboutDialog.java.util.Comparator,0,4.0
edu.rice.cs.drjava.ui.InteractionsController.InputListener,0,10.0
koala.dynamicjava.tree.tiger.EnvironmentTest,0,52.0
edu.rice.cs.drjava.model.AbstractDJDocument.OptionListener,0,4.0
edu.rice.cs.drjava.ui.MainFrame.Thread,0,8.0
edu.rice.cs.drjava.DrJavaRoot.OutputStreamRedirector,0,2.0
edu.rice.cs.plt.io.DirectOutputStream,0,24.0
edu.rice.cs.drjava.ui.InteractionsScriptController.AbstractAction_0,0,6.0
edu.rice.cs.drjava.model.definitions.indent.QuestionCurrLineStartsWith,0,22.0
edu.rice.cs.dynamicjava.symbol.TypeSystem.TypeWrapper,0,10.0
edu.rice.cs.util.SRunnable,0,1.0
edu.rice.cs.plt.tuple.Quad.Factory,0,9.0
edu.rice.cs.drjava.model.DummyOpenDefDocTest,0,14.0
edu.rice.cs.drjava.ui.RecentDocFrame,0,161.0
koala.dynamicjava.tree.IntegerLiteral,0,18.0
edu.rice.cs.drjava.ui.MainFrame.AbstractAction_88,0,9.0
edu.rice.cs.util.sexp.Cons,0,22.0
edu.rice.cs.drjava.plugins.eclipse.views.InteractionsController.KeyUpdateListener,0,35.0
edu.rice.cs.plt.collect.OneToOneHashMapTest,0,123.0
edu.rice.cs.drjava.plugins.eclipse.views.InteractionsController.SelectionAdapter,0,5.0
edu.rice.cs.drjava.model.cache.DocumentCacheTest.DocumentCache.RegistrationListener,0,4.0
edu.rice.cs.util.swing.Utilities,0,56.0
edu.rice.cs.drjava.ui.config.KeyStrokeOptionComponent,0,72.0
edu.rice.cs.drjava.ui.MainFrame.OptionListener,0,4.0
edu.rice.cs.drjava.model.definitions.reducedmodel.MixedQuoteTest,0,59.0
edu.rice.cs.drjava.ui.config.ForcedChoiceOptionComponent,0,40.0
edu.rice.cs.drjava.ui.MainFrameTest.Runnable_16.FileOpenSelector_17,0,6.0
edu.rice.cs.drjava.model.repl.InteractionsDJDocumentTest.DummyInteractionsListener,0,6.0
edu.rice.cs.drjava.ui.MainFrame.AbstractAction_108,0,2.0
edu.rice.cs.drjava.model.definitions.indent.ActionBracePlusTest,0,135.0
edu.rice.cs.drjava.config.ClassPathOption,0,14.0
edu.rice.cs.drjava.model.SingleDisplayModelTest.FileOpenSelector,0,2.0
edu.rice.cs.util.SuppressWarnings,0,243.0
koala.dynamicjava.interpreter.TypeUtil.TypeName,0,4.0
edu.rice.cs.plt.concurrent.CompletionMonitorTest,0,31.0
edu.rice.cs.util.DirectorySelector,0,6.0
edu.rice.cs.plt.lambda.LambdaUtil.RunnableLambda,0,6.0
edu.rice.cs.drjava.ui.MainFrameTest.Runnable_18,0,7.0
edu.rice.cs.drjava.model.GlobalModelCompileSuccessTest,0,97.0
edu.rice.cs.drjava.ui.JarOptionsDialog.AbstractAction,0,4.0
edu.rice.cs.plt.swing.SwingUtil.ActionListener,0,2.0
edu.rice.cs.drjava.ui.MainFrameTest.Runnable_11,0,11.0
edu.rice.cs.drjava.ui.FindReplacePanel.DefaultEditorKit.CopyAction,0,11.0
edu.rice.cs.drjava.ui.InteractionsController.AbstractAction,0,11.0
edu.rice.cs.drjava.ui.MainFrameTest.Runnable_15,0,5.0
edu.rice.cs.drjava.ui.MainFrameTest.Runnable_14,0,5.0
edu.rice.cs.javalanglevels.IntermediateLevelTest.FileFilter,0,4.0
edu.rice.cs.drjava.model.debug.NoDebuggerAvailable,0,34.0
edu.rice.cs.dynamicjava.symbol.ExtendedTypeSystem.ConstraintSet_41,0,4.0
edu.rice.cs.drjava.ui.MainFrame.AbstractAction_38,0,9.0
koala.dynamicjava.tree.DoubleLiteral,0,11.0
edu.rice.cs.drjava.ui.MainFrame.AbstractAction_36,0,2.0
edu.rice.cs.javalanglevels.InterfaceBodyAdvancedVisitor,0,76.0
edu.rice.cs.plt.io.IOUtil.Runnable,0,4.0
edu.rice.cs.plt.lambda.Runnable1,0,3.0
edu.rice.cs.drjava.ui.MainFrame.AbstractAction_30,0,2.0
edu.rice.cs.drjava.ui.MainFrame.PredictiveInputFrame.InfoSupplier,0,4.0
edu.rice.cs.drjava.ui.MainFrame.ModelListener.Runnable_198,0,16.0
edu.rice.cs.drjava.model.definitions.reducedmodel.IndentInfoTest,0,42.0
edu.rice.cs.plt.iter.IndexedIterator,0,12.0
edu.rice.cs.drjava.ui.MainFrame.ModelListener.Runnable_197,0,19.0
edu.rice.cs.drjava.model.repl.DefaultInteractionsModel.OptionListener,0,4.0
edu.rice.cs.drjava.ui.MainFrame.ModelListener.Runnable_195,0,19.0
edu.rice.cs.drjava.ui.MainFrame.ModelListener.Runnable_193,0,13.0
edu.rice.cs.drjava.ui.MainFrame.ModelListener.Runnable_190,0,40.0
edu.rice.cs.dynamicjava.symbol.DJConstructor,0,5.0
edu.rice.cs.util.swing.FileSelectionEvent,0,28.0
edu.rice.cs.drjava.config.NonNegativeIntegerOptionTest,0,27.0
edu.rice.cs.drjava.ui.MainFrame.Runnable_164,0,8.0
edu.rice.cs.drjava.ui.MainFrame.RightClickMouseAdapter,0,163.0
edu.rice.cs.drjava.ui.JarOptionsDialog.FileFilter_4,0,3.0
edu.rice.cs.drjava.ui.MainFrame.ModelListener.Runnable_182,0,12.0
edu.rice.cs.plt.lambda.LambdaUtil.NullLambda,0,9.0
edu.rice.cs.drjava.ui.JarOptionsDialog.FrameState,0,31.0
edu.rice.cs.drjava.ui.InteractionsController.Runnable,0,0.0
edu.rice.cs.drjava.ui.config.OptionComponent.Runnable,0,4.0
edu.rice.cs.util.newjvm.AbstractSlaveJVM.Thread,0,15.0
edu.rice.cs.plt.io.OutputStreamSplitter,0,20.0
edu.rice.cs.drjava.ui.DebugPanel.BPTree,0,13.0
koala.dynamicjava.util.FileFinder,0,21.0
edu.rice.cs.plt.lambda.LambdaUtil.BindSecondRunnable3,0,8.0
edu.rice.cs.drjava.model.GlobalModelTestCase.TestListener_0,0,263.0
edu.rice.cs.drjava.config.IntegerOption,0,11.0
edu.rice.cs.drjava.config.ParseStrategy,0,3.0
edu.rice.cs.drjava.ui.DefinitionsPane.AbstractAction,0,2.0
edu.rice.cs.javalanglevels.ElementaryVisitor.ElementaryVisitorTest,0,329.0
edu.rice.cs.drjava.ui.RegionsTreePanel.RegionMouseAdapter,0,17.0
koala.dynamicjava.tree.tiger.ConsEnv,0,17.0
edu.rice.cs.drjava.platform.MacPlatform.ApplicationAdapter.Runnable,0,5.0
edu.rice.cs.util.newjvm.IntegratedMasterSlaveTest.TestSlaveRemote,0,4.0
edu.rice.cs.drjava.ui.config.ToolbarOptionComponent.OptionListener,0,4.0
koala.dynamicjava.tree.ExpressionStatement,0,2.0
edu.rice.cs.drjava.model.GlobalModelJUnitTest.JUnitCompileBeforeTestListener,0,16.0
koala.dynamicjava.tree.ClassDeclaration,0,30.0
edu.rice.cs.drjava.model.JDKToolsLibrary,0,73.0
edu.rice.cs.drjava.ui.MainFrame.ActionListener_144,0,3.0
koala.dynamicjava.tree.ArrayInitializer,0,44.0
edu.rice.cs.util.classloader.StickyClassLoaderTest.A,0,4.0
edu.rice.cs.drjava.ui.HistorySaveDialog.AbstractAction_0,0,2.0
edu.rice.cs.plt.io.ExpandingByteBuffer.DirectInputStream,0,106.0
edu.rice.cs.util.StringOpsTest.TestGetSimpleNameInner.Nested,0,6.0
edu.rice.cs.drjava.ui.ErrorPanel.ErrorListPane.DefaultEditorKit.PasteAction,0,2.0
edu.rice.cs.drjava.ui.config.KeyStrokeOptionComponent.GetKeyDialog.ActionListener_1,0,5.0
edu.rice.cs.drjava.ui.config.KeyStrokeOptionComponent.GetKeyDialog.ActionListener_0,0,7.0
edu.rice.cs.drjava.ui.config.KeyStrokeOptionComponent.GetKeyDialog.ActionListener_2,0,15.0
edu.rice.cs.drjava.ui.MainFrame.DocumentUIListener,0,9.0
edu.rice.cs.drjava.config.SavableConfigurationTest,0,51.0
koala.dynamicjava.tree.tiger.Environment,0,6.0
edu.rice.cs.drjava.ui.MainFrame.Runnable_165,0,5.0
koala.dynamicjava.util.UnexpectedException,0,15.0
edu.rice.cs.dynamicjava.symbol.Java5Class.TypeAbstractVisitor,0,13.0
edu.rice.cs.drjava.ui.ErrorPanel.ErrorListPane.DefaultEditorKit.CutAction,0,8.0
edu.rice.cs.javalanglevels.BodyData.BodyDataTest,0,20.0
edu.rice.cs.drjava.ui.predictive.PredictiveInputFrame.java.awt.event.WindowAdapter,0,4.0
edu.rice.cs.drjava.DrJavaRoot.OutputStreamRedirector_0,0,2.0
edu.rice.cs.plt.lambda.LambdaUtil.ComposedRunnable3,0,9.0
edu.rice.cs.plt.lambda.LambdaUtil.ComposedRunnable2,0,9.0
edu.rice.cs.javalanglevels.Augmentor,0,985.0
koala.dynamicjava.util.TigerUtilities,0,92.0
koala.dynamicjava.tree.ShortTypeName,0,11.0
koala.dynamicjava.tree.SwitchStatement,0,34.0
edu.rice.cs.drjava.ui.JarOptionsDialog.DocumentListener.Runnable,0,0.0
edu.rice.cs.plt.lambda.LambdaUtil.ThunkValueLambda,0,5.0
edu.rice.cs.util.PreventExitSecurityManagerTest,0,36.0
edu.rice.cs.javalanglevels.SourceInfo,0,68.0
edu.rice.cs.util.FileOpenSelector,0,3.0
edu.rice.cs.util.ReaderWriterLock.ReaderWriterThread,0,23.0
edu.rice.cs.dynamicjava.interpreter.ExpressionEvaluator.MatchingPrimitiveBinaryOperation,0,37.0
edu.rice.cs.util.OutputStreamRedirector,0,6.0
edu.rice.cs.drjava.ui.MainFrame.RecentFileManager.RecentFileAction,0,2.0
edu.rice.cs.drjava.ui.ProjectPropertiesFrame.AbstractAction_1,0,2.0
edu.rice.cs.javalanglevels.JExprParseException,0,22.0
edu.rice.cs.dynamicjava.symbol.ExtendedTypeSystem.LookupMethod_75.Lambda2,0,7.0
edu.rice.cs.drjava.model.AbstractGlobalModel.ProjectFileGroupingState.AsyncTask,0,57.0
JHawkDefaultPackage.James,0,2.0
edu.rice.cs.dynamicjava.symbol.Java5Class.Java5Field,0,4.0
edu.rice.cs.drjava.model.FindReplaceMachineTest.Runnable_2,0,5.0
edu.rice.cs.drjava.model.debug.jpda.JPDADebugger.Runnable_2,0,0.0
edu.rice.cs.drjava.model.debug.jpda.JPDADebugger.Runnable_1,0,0.0
edu.rice.cs.drjava.model.debug.jpda.JPDADebugger.Runnable_0,0,0.0
edu.rice.cs.drjava.model.debug.jpda.JPDADebugger.Runnable_7,0,0.0
edu.rice.cs.drjava.ui.DefinitionsPaneTest.Runnable_28,0,0.0
edu.rice.cs.drjava.ui.DefinitionsPaneTest.Runnable_29,0,0.0
edu.rice.cs.drjava.ui.MainFrameTest.Runnable_28,0,5.0
edu.rice.cs.drjava.model.definitions.ColoringGlyphPainter.ColorOptionListener,0,3.0
edu.rice.cs.drjava.ui.DefinitionsPane.AbstractAction_4,0,7.0
edu.rice.cs.drjava.ui.config.FileOptionComponent,0,40.0
edu.rice.cs.util.BidirectionalHashMap,0,44.0
edu.rice.cs.drjava.model.javadoc.JavadocModelTest.DummyGlobalModel_2,0,3.0
edu.rice.cs.plt.tuple.Octet,0,66.0
edu.rice.cs.drjava.model.javadoc.JavadocModelTest.DummyGlobalModel_0,0,4.0
koala.dynamicjava.tree.ShiftRightAssignExpression,0,12.0
edu.rice.cs.dynamicjava.symbol.ExtendedTypeSystem.TypeCopyDepthFirstVisitor_30,0,41.0
edu.rice.cs.drjava.model.debug.DebugTestCase.DebugStartAndStopListener,0,17.0
edu.rice.cs.plt.iter.IterUtil.BooleanArrayWrapper,0,12.0
edu.rice.cs.plt.iter.CartesianIterator,0,37.0
edu.rice.cs.drjava.model.javadoc.JavadocModelTest.JavadocListener,0,4.0
edu.rice.cs.drjava.platform.PlatformFactory,0,9.0
edu.rice.cs.drjava.model.repl.InteractionsScriptModel,0,60.0
edu.rice.cs.javalanglevels.AdvancedLevelTest.FileFilter_2,0,3.0
edu.rice.cs.dynamicjava.symbol.Java5Class.Java5Method,0,13.0
edu.rice.cs.drjava.ui.config.BooleanOptionComponentTest,0,43.0
reflectionTests.TestClass,0,35.0
edu.rice.cs.util.text.SWTDocumentAdapter.Runnable,0,17.0
edu.rice.cs.plt.recur.ComposedContinuation,0,16.0
edu.rice.cs.plt.concurrent.ConcurrentUtilTest.Runnable,0,2.0
edu.rice.cs.drjava.ui.BrowserHistoryPanel.AbstractAction_4,0,4.0
edu.rice.cs.drjava.ui.BrowserHistoryPanel.AbstractAction_5,0,6.0
edu.rice.cs.drjava.ui.ConsoleController.DefaultEditorKit.PasteAction,0,2.0
edu.rice.cs.util.StreamRedirectorTest.InputStreamRedirector_1,0,6.0
edu.rice.cs.dynamicjava.interpreter.ExpressionChecker.Lambda,0,2.0
edu.rice.cs.drjava.ui.InteractionsController.InputListener.Runnable_0.Runnable_2,0,0.0
edu.rice.cs.drjava.ui.MainFrame.FocusAdapter_154,0,2.0
edu.rice.cs.drjava.ui.MainFrame.AbstractAction_43,0,5.0
edu.rice.cs.drjava.plugins.eclipse.views.InteractionsController.EclipseInteractionsListener.Runnable_0,0,4.0
edu.rice.cs.drjava.ui.BreakpointsPanel.RegionManagerListener,0,26.0
edu.rice.cs.drjava.model.definitions.CommentTest,0,103.0
edu.rice.cs.util.StringOpsTest.TestGetSimpleNameInner.Inner,0,6.0
edu.rice.cs.util.docnavigation.DummyINavigatorItem,0,14.0
edu.rice.cs.dynamicjava.symbol.Java5Class.Lambda,0,4.0
edu.rice.cs.plt.lambda.LambdaUtil.PromotedRunnable3,0,5.0
edu.rice.cs.drjava.ui.MainFrame.FocusAdapter_155,0,2.0
koala.dynamicjava.tree.NullLiteral,0,8.0
edu.rice.cs.drjava.ui.InteractionsPane.AntiAliasOptionListener,0,6.0
edu.rice.cs.drjava.model.repl.newjvm.InterpretResult.ExceptionResult,0,9.0
edu.rice.cs.drjava.model.repl.DefaultInteractionsModel.Runnable_8,0,0.0
edu.rice.cs.drjava.model.repl.DefaultInteractionsModel.Runnable_2,0,0.0
edu.rice.cs.drjava.model.repl.DefaultInteractionsModel.Runnable_1,0,0.0
edu.rice.cs.dynamicjava.symbol.ExtendedTypeSystem.LookupMethod_70.Lambda2,0,6.0
edu.rice.cs.drjava.model.repl.DefaultInteractionsModel.Runnable_7,0,0.0
edu.rice.cs.drjava.model.repl.DefaultInteractionsModel.Runnable_6,0,0.0
edu.rice.cs.plt.iter.ReadOnlyIterator,0,3.0
edu.rice.cs.drjava.ui.MainFrame.ModelListener.Runnable_179,0,0.0
edu.rice.cs.util.swing.Utilities.Runnable_0,0,0.0
edu.rice.cs.util.swing.Utilities.Runnable_1,0,0.0
edu.rice.cs.drjava.model.definitions.indent.QuestionHasCharPrecedingOpenBrace,0,28.0
edu.rice.cs.drjava.ui.PreviewConsoleFrame,0,16.0
edu.rice.cs.plt.recur.ComposedContinuation.Lambda,0,4.0
edu.rice.cs.plt.collect.WeakHashSetTest,0,143.0
edu.rice.cs.plt.recur.ArgContinuation.Lambda,0,2.0
edu.rice.cs.javalanglevels.SymbolData.PrimitiveData_1,0,17.0
edu.rice.cs.drjava.ui.MainFrameTest.Runnable_10,0,0.0
edu.rice.cs.javalanglevels.SymbolData.PrimitiveData_3,0,15.0
edu.rice.cs.javalanglevels.SymbolData.PrimitiveData_2,0,16.0
edu.rice.cs.javalanglevels.SymbolData.PrimitiveData_4,0,14.0
edu.rice.cs.util.StreamRedirectorTest.InputStreamRedirector,0,4.0
edu.rice.cs.drjava.ui.MainFrame.AbstractAction_42,0,2.0
edu.rice.cs.drjava.model.repl.newjvm.InterpreterJVM.DebugMethodContext,0,10.0
edu.rice.cs.drjava.ui.FindReplacePanel.AbstractAction_2,0,2.0
edu.rice.cs.drjava.ui.InteractionsPaneTest.Runnable_9,0,0.0
edu.rice.cs.drjava.model.GlobalModelJUnitTest.JUnitCompileBeforeTestListener.FileSaveSelector,0,5.0
edu.rice.cs.drjava.ui.InteractionsPaneTest.Runnable_7,0,0.0
koala.dynamicjava.tree.IfThenElseStatement,0,26.0
edu.rice.cs.drjava.ui.InteractionsPaneTest.Runnable_5,0,0.0
edu.rice.cs.drjava.ui.InteractionsPaneTest.Runnable_3,0,5.0
edu.rice.cs.util.classloader.ClassFileError,0,13.0
edu.rice.cs.drjava.ui.InteractionsPaneTest.Runnable_1,0,5.0
edu.rice.cs.dynamicjava.interpreter.TreeCompiler.TypeAbstractVisitor_void,0,10.0
edu.rice.cs.drjava.ui.RecentFileManager,0,88.0
edu.rice.cs.javalanglevels.BlockData,0,9.0
edu.rice.cs.drjava.DrJavaRoot.Runnable_2,0,2.0
edu.rice.cs.plt.io.WrappedDirectOutputStream,0,15.0
edu.rice.cs.drjava.model.definitions.indent.QuestionCurrLineStartsWithSkipCommentsTest,0,132.0
edu.rice.cs.drjava.model.SingleDisplayModelTest.SDTestListener,0,3.0
JHawkDefaultPackage.IterableTest,0,8.0
edu.rice.cs.drjava.model.compiler.CompilerModel,0,18.0
edu.rice.cs.plt.reflect.ReflectException.IllegalAccessReflectException,0,6.0
edu.rice.cs.drjava.plugins.eclipse.DrJavaPreferencePage,0,28.0
edu.rice.cs.drjava.ui.PreviewFrame.JSpinnerChanger,0,14.0
edu.rice.cs.drjava.ui.DrJavaErrorWindow.AbstractAction_2,0,10.0
edu.rice.cs.javalanglevels.InterfaceBodyIntermediateVisitor,0,66.0
edu.rice.cs.drjava.plugins.eclipse.views.InteractionsController.Action,0,8.0
edu.rice.cs.drjava.ui.MainFrame.AbstractAction_98,0,5.0
edu.rice.cs.plt.lambda.LambdaUtil.ToStringLambda,0,4.0
edu.rice.cs.drjava.ui.InteractionsController.AbstractAction_10,0,7.0
koala.dynamicjava.tree.DivideAssignExpression,0,12.0
edu.rice.cs.javalanglevels.SymbolData.SymbolData_8,0,7.0
edu.rice.cs.util.CompletionMonitorTest.ThreadInterrupter.Thread_0,0,13.0
edu.rice.cs.drjava.plugins.jedit.JEditPlugin.AbstractAction_0,0,4.0
edu.rice.cs.drjava.IndentFiles,0,61.0
edu.rice.cs.drjava.config.OptionListener,0,3.0
koala.dynamicjava.tree.MinusExpression,0,11.0
edu.rice.cs.drjava.ui.MainFrameTest.Runnable_16,0,4.0
edu.rice.cs.drjava.ui.MainFrame.AbstractAction_95,0,7.0
edu.rice.cs.plt.iter.IterUtil.CharArrayWrapper.IndexedIterator,0,3.0
edu.rice.cs.util.swing.AsyncTaskLauncher.Runnable.Runnable_0.Runnable_1,0,5.0
edu.rice.cs.plt.collect.KeyDrivenEntrySet.Lambda,0,2.0
edu.rice.cs.drjava.plugins.eclipse.views.InteractionsController.InputListener,0,8.0
edu.rice.cs.util.classloader.StrictURLClassLoaderTest,0,18.0
edu.rice.cs.drjava.plugins.eclipse.views.InteractionsViewTest,0,148.0
koala.dynamicjava.tree.ImportDeclaration,0,54.0
edu.rice.cs.drjava.ui.DefinitionsPane.BreakpointColorOptionListener,0,6.0
edu.rice.cs.drjava.model.definitions.indent.QuestionLineContains,0,15.0
edu.rice.cs.util.docnavigation.JTreeSortNavigator.CustomTreeCellRenderer,0,16.0
bpkg.B,0,5.0
edu.rice.cs.util.swing.SwingWorker.Runnable,0,2.0
edu.rice.cs.drjava.model.definitions.DefinitionsDocument.WrappedPosition,0,6.0
edu.rice.cs.util.docnavigation.JTreeSortNavigator.NodeDataVisitor,0,4.0
edu.rice.cs.drjava.ui.ConsoleController.UpDownAction,0,11.0
edu.rice.cs.drjava.ui.MainFrameTest.Runnable_22,0,2.0
edu.rice.cs.plt.text.TextUtil.UnicodeTranslator.UnicodeTranslator_1,0,16.0
edu.rice.cs.drjava.ui.MainFrame.AbstractAction_116.AbstractAction_117,0,5.0
edu.rice.cs.drjava.model.definitions.indent.QuestionExistsCharInPrevStmt,0,20.0
edu.rice.cs.dynamicjava.symbol.Java5Class.Predicate,0,2.0
edu.rice.cs.util.docnavigation.NodeDataVisitor,0,5.0
koala.dynamicjava.tree.ClassInitializer,0,15.0
edu.rice.cs.drjava.ui.DrJavaErrorPopup.ChangeListener,0,4.0
edu.rice.cs.drjava.model.GlobalModelIOTest.FileOpenSelector,0,2.0
edu.rice.cs.dynamicjava.symbol.ExtendedTypeSystem.Lambda,0,2.0
edu.rice.cs.util.OrderedHashSetTest,0,121.0
koala.dynamicjava.tree.LongLiteral,0,20.0
edu.rice.cs.drjava.ui.MainFrame.AbstractAction_3,0,3.0
edu.rice.cs.util.newjvm.IntegratedMasterSlaveTest.CounterSlave,0,16.0
edu.rice.cs.plt.lambda.LambdaUtil.AndPredicate,0,8.0
edu.rice.cs.drjava.model.compiler.CompilerOptions,0,51.0
edu.rice.cs.drjava.model.GlobalModelTestCase.OpenWarningException,0,1.0
edu.rice.cs.drjava.ui.MainFrame.AbstractAction_33,0,2.0
edu.rice.cs.dynamicjava.symbol.ExtendedTypeSystem.LookupMethod_70.Lambda,0,5.0
edu.rice.cs.util.classloader.StickyClassLoaderTest.One,0,1.0
edu.rice.cs.drjava.ui.DefinitionsPaneTest.Runnable_13,0,0.0
edu.rice.cs.drjava.model.definitions.indent.QuestionBraceIsCurlyTest,0,92.0
edu.rice.cs.dynamicjava.interpreter.AmbiguousNameException,0,5.0
edu.rice.cs.drjava.ui.BreakpointsPanel.AbstractAction_2,0,4.0
edu.rice.cs.dynamicjava.interpreter.LocalContext,0,85.0
edu.rice.cs.drjava.model.definitions.reducedmodel.InsideLineComment,0,21.0
edu.rice.cs.drjava.ui.MainFrame.ModelListener.Runnable_188,0,6.0
edu.rice.cs.drjava.model.definitions.DefinitionsDocument.CommandUndoableEdit,0,17.0
edu.rice.cs.util.PreventExitSecurityManager,0,47.0
edu.rice.cs.drjava.ui.MainFrame.ModelListener.Runnable_187,0,2.0
edu.rice.cs.drjava.ui.MainFrame.Runnable_166,0,24.0
edu.rice.cs.drjava.ui.MainFrame.ModelListener.Runnable_180,0,7.0
edu.rice.cs.drjava.ui.MainFrame.ModelListener.Runnable_183,0,4.0
edu.rice.cs.util.sexp.TextAtom,0,9.0
edu.rice.cs.util.docnavigation.NodeData,0,3.0
edu.rice.cs.plt.lambda.LambdaUtil.StringConcatLambda,0,4.0
edu.rice.cs.drjava.ui.AbstractConsoleController.AbstractAction,0,7.0
edu.rice.cs.drjava.model.TestDocGetter,0,25.0
koala.dynamicjava.tree.LabeledStatement,0,37.0
edu.rice.cs.drjava.model.GlobalModelIOTest.TestIOListener_8,0,6.0
edu.rice.cs.plt.collect.ConsVisitor.Append,0,8.0
edu.rice.cs.drjava.model.GlobalModelIOTest.TestIOListener_9,0,6.0
edu.rice.cs.plt.recur.RecurUtil,0,10.0
edu.rice.cs.drjava.model.debug.jpda.JPDAStackData,0,8.0
edu.rice.cs.drjava.model.repl.newjvm.ClassPathManager.Lambda,0,4.0
edu.rice.cs.util.swing.FontChooser.ComponentAdapter,0,4.0
koala.dynamicjava.tree.BlockStatement,0,25.0
koala.dynamicjava.util.Constants,0,6.0
edu.rice.cs.drjava.model.EventNotifier.Runnable_0,0,6.0
koala.dynamicjava.tree.GreaterOrEqualExpression,0,12.0
edu.rice.cs.drjava.model.compiler.Javac150CompilerTest,0,20.0
edu.rice.cs.drjava.config.StringOption,0,5.0
edu.rice.cs.drjava.plugins.jedit.JEditPlugin.AbstractAction,0,4.0
edu.rice.cs.plt.debug.TextLog.Lambda,0,2.0
edu.rice.cs.dynamicjava.interpreter.ExpressionEvaluator.MatchingPrimitiveBinaryOperation_17,0,5.0
edu.rice.cs.plt.lambda.SimpleBox,0,9.0
edu.rice.cs.plt.iter.IterUtil.ObjectArrayWrapper,0,12.0
edu.rice.cs.dynamicjava.interpreter.ExpressionEvaluator.MatchingPrimitiveBinaryOperation_13,0,5.0
edu.rice.cs.dynamicjava.interpreter.ExpressionEvaluator.MatchingPrimitiveBinaryOperation_11,0,5.0
edu.rice.cs.drjava.model.compiler.Javac150Compiler,0,151.0
edu.rice.cs.plt.tuple.Quad.GetFourth,0,5.0
edu.rice.cs.plt.debug.Log,0,16.0
edu.rice.cs.plt.concurrent.ConcurrentUtil.CopyStream,0,13.0
edu.rice.cs.drjava.ui.BookmarksPanel.AbstractAction_2,0,0.0
edu.rice.cs.drjava.ui.BookmarksPanel.AbstractAction_3,0,4.0
koala.dynamicjava.interpreter.error.ContinueException,0,16.0
edu.rice.cs.drjava.ui.AbstractConsoleController.OptionListener,0,5.0
koala.dynamicjava.tree.AssertStatement,0,33.0
edu.rice.cs.drjava.model.compiler.Javac150Compiler.Writer,0,4.0
edu.rice.cs.util.swing.ConfirmCheckBoxDialog,0,34.0
edu.rice.cs.drjava.ui.ProjectMenuTest,0,77.0
edu.rice.cs.drjava.ui.DebugPanel.ThreadMouseAdapter,0,15.0
edu.rice.cs.dynamicjava.interpreter.TreeCompiler.AbstractVisitor,0,19.0
edu.rice.cs.drjava.ui.config.FileOptionComponent.DocumentListener,0,4.0
edu.rice.cs.util.swing.FileSelectionListener,0,3.0
edu.rice.cs.plt.lambda.LambdaUtil.LambdaRunnable4,0,5.0
koala.dynamicjava.tree.Identifier,0,38.0
edu.rice.cs.plt.lambda.LambdaUtil.LambdaRunnable3,0,5.0
edu.rice.cs.drjava.ui.MainFrame.AbstractAction_41,0,2.0
edu.rice.cs.drjava.ui.DefinitionsPane.BookmarkColorOptionListener,0,6.0
edu.rice.cs.drjava.ui.JavadocDialog,0,72.0
edu.rice.cs.drjava.model.definitions.indent.ActionStartPrevLinePlusBackupTest,0,42.0
edu.rice.cs.plt.iter.IterUtil.ObjectArrayWrapper.IndexedIterator,0,3.0
edu.rice.cs.drjava.model.repl.newjvm.InterpretResult.BooleanValueResult,0,5.0
edu.rice.cs.drjava.ui.MainFrameTest.Runnable_23.FileOpenSelector_24,0,2.0
edu.rice.cs.drjava.model.debug.jpda.DebugTest,1,463.0
edu.rice.cs.drjava.CommandLineTest,1,269.0
edu.rice.cs.plt.reflect.ReflectUtil,1,243.0
edu.rice.cs.drjava.ui.DrJavaErrorWindow,1,230.0
edu.rice.cs.drjava.model.GlobalModelTestCase,1,216.0
edu.rice.cs.drjava.ui.MainFrameTest,2,375.0
edu.rice.cs.drjava.model.debug.DebugTestCase,2,266.0
edu.rice.cs.util.newjvm.ExecJVM,1,132.0
edu.rice.cs.drjava.ui.JUnitPanel,1,108.0
edu.rice.cs.drjava.model.debug.DebugTestCase.DebugTestListener,1,88.0
edu.rice.cs.drjava.model.definitions.reducedmodel.ReducedModelTest,9,791.0
edu.rice.cs.drjava.model.junit.JUnitTestManager,2,141.0
edu.rice.cs.dynamicjava.interpreter.FunctionContext,1,67.0
edu.rice.cs.drjava.ui.predictive.PredictiveInputModel.RegExLineNumStrategy,1,66.0
edu.rice.cs.drjava.model.compiler.DefaultCompilerModel,3,191.0
edu.rice.cs.drjava.model.definitions.ColoringView,2,115.0
edu.rice.cs.drjava.ui.JarOptionsDialog.SwingWorker,2,114.0
edu.rice.cs.dynamicjava.interpreter.TopLevelContext,4,208.0
edu.rice.cs.drjava.model.definitions.CompoundUndoManager,2,99.0
edu.rice.cs.plt.debug.FileLog,1,49.0
edu.rice.cs.drjava.ui.JarOptionsDialog,6,281.0
edu.rice.cs.drjava.model.DummyGlobalModelTest,1,46.0
edu.rice.cs.drjava.ui.RegionsTreePanel,4,182.0
edu.rice.cs.drjava.model.definitions.indent.QuestionCurrLineStartsWithSkipComments,1,45.0
edu.rice.cs.drjava.model.GlobalModelTestCase.CompileShouldFailListener,1,41.0
edu.rice.cs.drjava.ui.config.ConfigFrame.PanelTreeNode,1,37.0
edu.rice.cs.drjava.model.debug.jpda.JPDADebugger,26,896.0
edu.rice.cs.drjava.model.DefaultGlobalModel.ConcreteOpenDefDoc,1,34.0
edu.rice.cs.util.swing.DirectorySelectorComponent,3,101.0
edu.rice.cs.util.newjvm.SlaveJVMRunner,2,67.0
edu.rice.cs.plt.reflect.ShadowingClassLoader,1,32.0
edu.rice.cs.drjava.ui.MainFrame.PositionListener,1,31.0
edu.rice.cs.drjava.model.definitions.indent.QuestionNewParenPhrase,1,30.0
edu.rice.cs.drjava.model.debug.Debugger,1,29.0
edu.rice.cs.plt.io.IOUtil,19,501.0
edu.rice.cs.drjava.config.OptionConstants.LookAndFeels,1,25.0
edu.rice.cs.plt.iter.TruncatedIterable,1,22.0
edu.rice.cs.drjava.model.definitions.reducedmodel.ReducedModelControl,11,225.0
edu.rice.cs.drjava.model.definitions.DefinitionsDocument,40,810.0
edu.rice.cs.plt.lambda.LambdaUtil.PartialLambda2,1,19.0
edu.rice.cs.plt.lambda.LambdaUtil.PartialThunk,1,19.0
edu.rice.cs.plt.lambda.LambdaUtil.PartialLambda,1,19.0
edu.rice.cs.dynamicjava.interpreter.TreeClassLoader,1,18.0
edu.rice.cs.drjava.ui.RegionsListPanel.Runnable_1,1,17.0
edu.rice.cs.drjava.model.definitions.reducedmodel.Gap,3,48.0
edu.rice.cs.drjava.ui.MainFrame.UIDebugListener,3,48.0
edu.rice.cs.plt.iter.IterUtil,52,832.0
edu.rice.cs.drjava.model.GlobalModel,7,111.0
edu.rice.cs.drjava.project.ProjectFileParser.NumberVisitor,1,15.0
edu.rice.cs.util.FileOps,22,324.0
edu.rice.cs.drjava.project.ProjectFileParser.BookmarkPropertyVisitor,2,27.0
edu.rice.cs.plt.iter.SingletonIterable,1,12.0
edu.rice.cs.plt.collect.ComplementSet,3,35.0
edu.rice.cs.plt.iter.DiagonalCartesianIterable,3,32.0
edu.rice.cs.drjava.model.DefaultGlobalModel.CompilerListener,1,10.0
edu.rice.cs.drjava.model.definitions.reducedmodel.ReducedToken,6,57.0
edu.rice.cs.util.FileOps.DefaultFileSaver,3,27.0
edu.rice.cs.drjava.model.DefaultGlobalModel.DebugListener,2,17.0
edu.rice.cs.plt.lambda.LambdaUtil.BindFirstPredicate3,1,8.0
edu.rice.cs.plt.debug.DebugUtil.Predicate2,1,8.0
edu.rice.cs.drjava.ui.MainFrame.RecentFilesOptionListener,1,8.0
edu.rice.cs.drjava.model.repl.SimpleInteractionsModel,11,75.0
edu.rice.cs.plt.iter.EmptyIterable,2,12.0
edu.rice.cs.plt.collect.ConsList.Nonempty,4,21.0
edu.rice.cs.plt.collect.ImmutableMapEntry,3,13.0
edu.rice.cs.plt.lambda.LambdaUtil.InstanceOfPredicate,1,4.0
edu.rice.cs.plt.collect.ConsVisitor.Map,2,8.0
edu.rice.cs.plt.lambda.Predicate,1,3.0
edu.rice.cs.drjava.model.repl.newjvm.MainJVMRemoteI,5,14.0
edu.rice.cs.drjava.project.ProjectFileParser.BreakpointPropertyVisitor.DebugBreakpointData_0,2,5.0
edu.rice.cs.plt.io.IOUtil.FileFilter,1,2.0
edu.rice.cs.drjava.DrJavaRoot.FileOpenSelector,1,2.0
edu.rice.cs.plt.iter.IterUtil.OptionVisitor,2,4.0
edu.rice.cs.drjava.model.repl.InteractionsModelCallback,9,18.0
edu.rice.cs.plt.collect.Multiset,12,22.0
edu.rice.cs.plt.collect.CollectUtil.OptionVisitor,2,3.0
edu.rice.cs.drjava.model.repl.newjvm.MainJVM.DummyJUnitModel,8,11.0
