org.jikesrvm.compilers.opt.ir.OperandEnumeration,0,3.0,0.231687065524
org.jikesrvm.compilers.opt.ir.InstructionEnumeration,0,3.0,0.156814455732
org.jikesrvm.mm.mminterface.MemoryManagerConstants,0,15.0,0.143693007114
org.jikesrvm.compilers.common.BootImageCompiler,0,26.0,0.140657277439
org.jikesrvm.compilers.opt.dfsolver.DF_Operator,0,3.0,0.128284951805
org.jikesrvm.compilers.opt.OperationNotImplementedException,0,6.0,0.120761074555
org.jikesrvm.scheduler.greenthreads.ThreadEventConstants,0,3.0,0.109299032846
org.jikesrvm.compilers.baseline.ia32.BaselineMagic.Fsqrt,0,10.0,0.106318199901
org.jikesrvm.compilers.opt.dfsolver.DF_Solution,0,13.0,0.10383196006
org.jikesrvm.MachineSpecific,0,8.0,0.100139813588
java.lang.VMString,0,6.0,0.0995968819327
org.jikesrvm.compilers.opt.ir.GenericRegisterPool,0,24.0,0.0929250843023
org.mmtk.harness.lang.Method,0,19.0,0.0805968875529
org.jikesrvm.compilers.opt.regalloc.SpillCostEstimator,0,17.0,0.0785961317911
org.jikesrvm.compilers.opt.controlflow.DominatorsPhase,1,32.0,0.0748113676075
org.jikesrvm.adaptive.OnStackReplacementPlan,0,61.0,0.0735885610595
org.jikesrvm.classloader.FieldReference,0,85.0,0.0655583053214
org.jikesrvm.classloader.RVMMember,0,72.0,0.0637545073163
org.jikesrvm.compilers.opt.ir.operand.TIBConstantOperand,0,22.0,0.0620193920247
java.lang.JikesRVMSupport,0,62.0,0.0610491573984
org.jikesrvm.adaptive.recompilation.instrumentation.AOSInstrumentationPlan,0,12.0,0.0603743615545
JHawkDefaultPackage.MyErrorBase,0,1.0,0.0603205964189
org.jikesrvm.compilers.opt.ir.operand.BasicBlockOperand,0,15.0,0.0581602786516
org.jikesrvm.compilers.opt.ir.operand.LocationOperand,0,130.0,0.0558134122073
org.jikesrvm.compilers.opt.controlflow.TailRecursionElimination,0,109.0,0.0550869917988
org.jikesrvm.compilers.baseline.ia32.BaselineMagic.InvokeMethodReturningDouble,0,13.0,0.054924316461
org.jikesrvm.compilers.baseline.ia32.BaselineMagic.InvokeMethodReturningFloat,0,13.0,0.054924316461
org.jikesrvm.compilers.opt.InstrumentedEventCounterManager,0,10.0,0.05492144444
org.jikesrvm.runtime.StackBrowser,0,86.0,0.0547283350386
org.jikesrvm.runtime.Reflection,2,130.0,0.0528259962908
org.jikesrvm.runtime.DynamicLibrary,0,110.0,0.0523945169506
org.mmtk.harness.Harness,1,21.0,0.0515571919365
org.jikesrvm.compilers.opt.util.GraphNodeEnumeration,0,3.0,0.0498357992943
sun.misc.Unsafe,0,98.0,0.0493757063918
org.jikesrvm.adaptive.controller.HotMethodRecompilationEvent,0,17.0,0.0490615021495
org.mmtk.harness.lang.Expression,0,3.0,0.0471154253068
org.jikesrvm.compilers.opt.ir.operand.HeapOperand,0,34.0,0.0469711977871
org.jikesrvm.compilers.opt.specialization.SpecializationDatabase,0,60.0,0.0466876217775
org.jikesrvm.compilers.opt.controlflow.DominatorOperator,0,24.0,0.0463718255661
org.jikesrvm.classloader.ExceptionHandlerMap,0,55.0,0.0462142904696
org.jikesrvm.compilers.opt.controlflow.DominatorTreeNode,0,84.0,0.045188534441
org.jikesrvm.compilers.opt.controlflow.LSTGraph,0,192.0,0.043530591914
org.jikesrvm.compilers.opt.controlflow.DominatorTree,1,125.0,0.0430923981823
org.jikesrvm.compilers.opt.ssa.LiveRangeSplitting,0,17.0,0.0423648996975
java.lang.reflect.AccessibleObject,0,116.0,0.0420592441519
org.jikesrvm.compilers.opt.ssa.GCP,0,37.0,0.0412767304215
org.jikesrvm.ia32.MachineSpecificIA,0,30.0,0.0405148091914
org.jikesrvm.compilers.opt.inlining.InterfaceHierarchy,0,60.0,0.0395994740525
org.mmtk.harness.lang.parser.MethodTable,0,15.0,0.0392096757465
org.mmtk.harness.lang.Value,0,21.0,0.0383683426127
org.jikesrvm.compilers.opt.driver.OptConstants,0,21.0,0.0381077769344
org.jikesrvm.compilers.opt.util.GraphNode,0,6.0,0.0380171618985
org.jikesrvm.compilers.common.CompiledMethods,0,183.0,0.0377725286594
org.jikesrvm.adaptive.controller.Controller,1,128.0,0.0377501936422
org.jikesrvm.compilers.opt.inlining.ClassLoadingDependencyManager,0,106.0,0.0375059700918
org.jikesrvm.classloader.DynamicTypeCheck,0,128.0,0.0371574375502
org.jikesrvm.compilers.opt.instrsched.Priority,0,8.0,0.0371063916576
java.lang.reflect.VMField,20,101.0,0.0370635601092
org.jikesrvm.compilers.opt.bc2ir.OsrPointConstructor,0,178.0,0.036040013999
org.jikesrvm.adaptive.measurements.instrumentation.YieldpointCounterData,0,30.0,0.0339842442176
org.jikesrvm.scheduler.MainThread,0,116.0,0.0338156356839
test.org.jikesrvm.basic.core.threads.Mailbox,0,20.0,0.0337501975941
org.jikesrvm.compilers.opt.ir.ia32.RegisterPool,0,9.0,0.0335834299117
org.jikesrvm.compilers.opt.util.TreeNode,0,39.0,0.0334811758319
org.jikesrvm.compilers.baseline.ia32.BaselineMagic.ReturnToNewStack,0,10.0,0.0333862990982
org.jikesrvm.tools.bootImageWriter.BootImage,7,229.0,0.0330910405319
org.vmutil.options.BooleanOption,0,24.0,0.0330355007849
org.jikesrvm.compilers.opt.controlflow.DominatorCell,2,24.0,0.0327046371706
org.vmutil.options.StringOption,0,24.0,0.0323555103652
org.jikesrvm.compilers.opt.util.Tree,0,53.0,0.0323478760912
org.jikesrvm.opt.OPT_SpaceEffGraphEdge.OPT_VCGEdge.EdgeDesc,0,4.0,0.0322315445963
org.jikesrvm.compilers.opt.ir.Instruction.BASE_OE,0,27.0,0.0316050099166
org.jikesrvm.compilers.opt.dfsolver.DF_AbstractCell,0,45.0,0.0307641402783
org.jikesrvm.osr.OSRProfiler,0,83.0,0.0307037914892
org.jikesrvm.adaptive.controller.MultiLevelAdaptiveModel,0,38.0,0.0303557784595
org.mmtk.harness.Mutator,2,246.0,0.030088399755
test.org.jikesrvm.basic.core.threads.TestInterruptAndSpin.Thread,0,5.0,0.0300660959317
org.jikesrvm.compilers.opt.depgraph.DepGraphNode,1,32.0,0.0300336732964
org.jikesrvm.compilers.opt.Simple,1,320.0,0.0297382999091
org.jikesrvm.compilers.opt.controlflow.LoopAnalysis,0,15.0,0.0296692335533
org.jikesrvm.classloader.RVMAnnotation.AnnotationFactory,0,30.0,0.0296601732622
org.jikesrvm.jni.ia32.JNIHelpers,3,162.0,0.0296120108619
java.lang.Class.Collector,0,25.0,0.0293483028559
org.jikesrvm.compilers.opt.regalloc.ScratchMap,0,98.0,0.0289899139662
org.jikesrvm.compilers.opt.controlflow.ReorderingPhase,0,195.0,0.0289795820608
org.jikesrvm.compilers.opt.regalloc.CoalesceGraph,0,46.0,0.0288399057612
org.jikesrvm.opt.ir.OPT_BasicBlockEnumeration,0,4.0,0.0286074628871
org.jikesrvm.compilers.common.assembler.AbstractAssembler,0,7.0,0.0285710710806
org.jikesrvm.compilers.opt.ssa.ValueNumberPair,0,37.0,0.0285690790484
org.jikesrvm.adaptive.controller.AdaptiveInlining,0,15.0,0.0283952593223
java.lang.VMRuntime,0,48.0,0.0283268890187
org.jikesrvm.compilers.opt.controlflow.DominatorInfo,0,18.0,0.0280134860101
org.jikesrvm.util.BitVector,0,159.0,0.0278005223364
org.jikesrvm.osr.LocalRegPair,0,33.0,0.0268922895333
org.jikesrvm.compilers.opt.controlflow.CFGTransformations,0,246.0,0.0268806514629
org.jikesrvm.compilers.opt.util.Graph,0,7.0,0.0268090587073
org.jikesrvm.tools.header_gen.GenArch_ia32,0,32.0,0.0266640552162
org.jikesrvm.compilers.opt.liveness.LiveSetElement,0,31.0,0.0265019979572
org.jikesrvm.compilers.opt.regalloc.LinearScan.IntervalAnalysis,2,106.0,0.0261568378781
org.jikesrvm.compilers.opt.ir.RegSpillListElement,1,43.0,0.0257959468997
JHawkDefaultPackage.D,0,1.0,0.0255511104792
JHawkDefaultPackage.TestRuntimeExec.Thread_2,0,5.0,0.0251637400267
org.jikesrvm.compilers.baseline.ia32.BaselineMagic.DynamicBridgeTo,0,21.0,0.0248481012263
java.lang.Throwable,0,234.0,0.0245414290446
org.jikesrvm.compilers.opt.regalloc.GenericStackManager.ScratchRegister,1,18.0,0.0241081164785
org.jikesrvm.compilers.opt.util.GraphEdgeFilter,0,4.0,0.0240698874404
org.jikesrvm.adaptive.measurements.instrumentation.MethodInvocationCounterData,0,11.0,0.0240202532968
JHawkDefaultPackage.F,0,1.0,0.0240151276651
org.jikesrvm.mm.mmtk.Factory,0,228.0,0.0237678540855
org.jikesrvm.adaptive.measurements.instrumentation.Instrumentation,0,49.0,0.0237531974748
org.jikesrvm.classloader.InterfaceInvocation,0,186.0,0.0236247182069
org.jikesrvm.opt.OPT_SpaceEffGraphNode.OPT_VCGNode.NodeDesc,0,4.0,0.0224224213371
org.jikesrvm.adaptive.controller.ControllerMemory,0,207.0,0.0222303669439
org.mmtk.harness.lang.Return,0,11.0,0.022181422702
org.jikesrvm.adaptive.recompilation.PreCompile,0,61.0,0.0221753991703
org.jikesrvm.compilers.opt.ssa.LoadElimination.LoadEliminationPreparation,0,27.0,0.0220247956309
test.org.jikesrvm.basic.core.threads.XThread,0,84.0,0.0219072542206
org.jikesrvm.compilers.opt.MutateSplits,0,22.0,0.0218859261686
org.jikesrvm.compilers.opt.ClassLoaderProxy,0,256.0,0.021400853333
org.jikesrvm.compilers.opt.ir.BasicBlock.BBEnum,0,16.0,0.0213546878713
org.jikesrvm.adaptive.recompilation.instrumentation.InstrumentationSamplingFramework,1,425.0,0.0212523497973
org.jikesrvm.runtime.Statics,2,312.0,0.021189359879
org.jikesrvm.tools.header_gen.GenArch,0,4.0,0.0210613134762
org.jikesrvm.Properties,0,27.0,0.0209698710156
org.jikesrvm.util.AbstractHashSetRVM.AbstractBucket,0,5.0,0.0209516768655
org.jikesrvm.osr.ppc.CodeInstaller,1,62.0,0.0205049347554
org.jikesrvm.osr.ia32.BaselineExecutionStateExtractor,0,155.0,0.0201925004282
java.lang.VMSystem,0,35.0,0.0200347324819
org.jikesrvm.compilers.opt.StaticFieldReader,0,294.0,0.0199438591051
org.jikesrvm.compilers.opt.dfsolver.DF_Equation,1,88.0,0.0195945508275
org.mmtk.harness.lang.parser.SymbolTable.Symbol,0,13.0,0.0195931965681
org.jikesrvm.UnimplementedError,0,9.0,0.0192912714667
org.jikesrvm.jni.ia32.JNICompiler,2,364.0,0.0188763346697
org.jikesrvm.compilers.opt.driver.IRPrinter,1,20.0,0.0186478223495
org.jikesrvm.compilers.opt.runtimesupport.ppc.OptExceptionDeliverer,0,45.0,0.0186383787859
org.jikesrvm.compilers.opt.regalloc.GenericRegisterRestrictions,0,140.0,0.0185614010132
org.jikesrvm.compilers.opt.ir.Register,0,224.0,0.0183907521556
org.jikesrvm.opt.OPT_DF_Operator,0,3.0,0.0183264216864
org.jikesrvm.opt.OPT_SpillCostEstimator,0,15.0,0.0181484565393
org.jikesrvm.compilers.opt.ir.IRTools,0,272.0,0.0180662252718
org.jikesrvm.compilers.opt.liveness.LiveAnalysis,6,515.0,0.0176203847487
org.mmtk.harness.lang.StringValue,0,28.0,0.0176019327728
org.jikesrvm.compilers.opt.regalloc.ia32.RegisterRestrictions,1,268.0,0.0175366393417
JHawkDefaultPackage.X,0,1.0,0.0174427070301
org.jikesrvm.compilers.opt.ssa.SSAOptions,1,110.0,0.0172406039418
org.jikesrvm.ia32.ProcessorLocalState,1,52.0,0.0172308671876
org.jikesrvm.osr.EncodedOSRMap,0,268.0,0.017158441243
org.jikesrvm.compilers.opt.controlflow.PostDominatorsPhase,1,28.0,0.017107520434
org.jikesrvm.adaptive.controller.RecompileOptChoice,0,37.0,0.0169855339032
org.jikesrvm.compilers.opt.ssa.ValueGraph,0,397.0,0.016909132716
org.jikesrvm.compilers.opt.regalloc.RegisterAllocator,0,13.0,0.0168318059866
org.jikesrvm.compilers.opt.ir.operand.ppc.PowerPCTrapOperand,1,186.0,0.0166948417323
org.jikesrvm.compilers.opt.bc2ir.GenerationContext,1,409.0,0.0166256656102
org.jikesrvm.compilers.opt.mir2mc.ia32.FinalMIRExpansion,1,360.0,0.0165764989537
org.jikesrvm.osr.bytecodes.InvokeStatic,0,44.0,0.0164361115526
java.io.VMObjectStreamClass,0,46.0,0.0162771837481
org.mmtk.harness.lang.Variable,0,12.0,0.0162036212001
java.lang.Package,0,234.0,0.0159687289458
org.jikesrvm.compilers.opt.ir.BasicBlock.OutEdgeEnum,0,11.0,0.0158957603977
org.mmtk.harness.options.Trace,0,20.0,0.0155919909829
org.jikesrvm.util.AbstractHashMapRVM.AbstractBucket,0,7.0,0.015494872469
org.jikesrvm.adaptive.database.methodsamples.MethodCountData,0,259.0,0.0153785687823
org.jikesrvm.osr.ia32.TempRegisters,0,35.0,0.0153409982169
org.jikesrvm.classloader.BootImageMemberLookupError,0,18.0,0.0151905929039
org.jikesrvm.compilers.opt.lir2mir.BURS_Common_Helpers,0,303.0,0.0151548775725
org.jikesrvm.compilers.opt.ssa.EnterSSA,0,692.0,0.0150639109177
org.mmtk.harness.vm.Factory,0,118.0,0.0149568034339
org.jikesrvm.opt.OPT_DF_Solution,0,13.0,0.0148331371514
org.jikesrvm.compilers.opt.mir2mc.ia32.AssemblerBase,4,549.0,0.0139472702448
org.jikesrvm.jni.ppc.JNIStackframeLayoutConstants,0,29.0,0.0139461899357
org.mmtk.harness.vm.BuildTimeConfig,0,25.0,0.0139053401882
org.mmtk.utility.Constants,0,53.0,0.0138596652097
org.jikesrvm.compilers.opt.mir2mc.AssemblerDriver,0,37.0,0.0138047791334
org.jikesrvm.compilers.opt.regalloc.ppc.CallingConvention,0,309.0,0.0136605806038
org.jikesrvm.compilers.opt.ssa.UniformlyGeneratedGVN,0,29.0,0.0136044997666
org.jikesrvm.compilers.opt.lir2mir.ppc.NormalizeConstants,1,511.0,0.0135165362118
org.jikesrvm.compilers.opt.depgraph.DepGraphStats,3,71.0,0.013426409107
org.jikesrvm.classloader.Atom.InternedStrings,0,33.0,0.0131832432298
org.jikesrvm.ppc.MachineReflection,0,190.0,0.0131614966689
org.jikesrvm.compilers.baseline.BaselineExceptionTable,0,26.0,0.0130498430415
org.jikesrvm.ia32.MachineReflection,0,155.0,0.0130373013707
org.jikesrvm.compilers.opt.util.SortedGraphNode,0,81.0,0.0128671355382
org.jikesrvm.compilers.opt.controlflow.LoopUnrolling,1,660.0,0.0126569762522
test.org.jikesrvm.basic.util.IdentityClassFileTransformer,0,12.0,0.0124331905894
org.jikesrvm.SizeConstants,0,46.0,0.0124079144071
test.org.jikesrvm.basic.core.threads.TestParallelHardwareTrap.Runnable,0,10.0,0.0121895993553
org.jikesrvm.compilers.opt.util.TopSortInterface,0,7.0,0.0121295513353
org.jikesrvm.runtime.RuntimeEntrypoints,0,536.0,0.0118577055412
org.jikesrvm.ia32.MultianewarrayHelper,0,34.0,0.011835740779
java.lang.Package.PrivilegedAction,0,10.0,0.0117047830291
org.jikesrvm.compilers.opt.regalloc.LinearScan.LinearScanState,0,5.0,0.0117033367972
org.jikesrvm.compilers.opt.ir.operand.Operand,0,533.0,0.0116897458293
test.org.jikesrvm.basic.core.bytecode.TestResolveOnInvokeInterface.A,0,3.0,0.0116327729759
org.jikesrvm.tools.bootImageWriter.BootImageWriterConstants,0,5.0,0.0114156192604
org.jikesrvm.ppc.StackframeLayoutConstants,0,22.0,0.0112827834915
org.jikesrvm.compilers.baseline.ia32.BaselineMagic.InvokeMethodReturningLong,0,9.0,0.0112036887502
org.jikesrvm.compilers.opt.regalloc.ia32.MIRSplitRanges,1,81.0,0.0112014971182
org.jikesrvm.util.StringUtilities,0,21.0,0.0111261067935
java.lang.JikesRVMHelpers,0,11.0,0.0109184387858
org.jikesrvm.osr.bytecodes.Goto,0,42.0,0.010877104406
java.lang.Class,1,769.0,0.0108584339241
org.jikesrvm.osr.OSRConstants,0,63.0,0.0107683924462
org.jikesrvm.compilers.opt.ir.BasicBlock,0,899.0,0.0107339297402
org.jikesrvm.opt.ir.OPT_OperandEnumeration,0,3.0,0.0106838996063
org.jikesrvm.compilers.opt.lir2mir.ConvertLIRtoMIR.ReduceOperators,0,177.0,0.0106209333901
org.jikesrvm.adaptive.database.methodsamples.MethodCountSet,0,16.0,0.0104947570831
org.jikesrvm.compilers.opt.ssa.RedundantBranchElimination.EnsureSSA,0,15.0,0.0103047137258
org.jikesrvm.compilers.opt.specialization.SpecializationContext,0,4.0,0.0102068114169
org.jikesrvm.compilers.opt.util.SpaceEffGraph.NodeEnumeration,0,11.0,0.0101343533322
org.jikesrvm.compilers.opt.inlining.CallSiteTree,0,39.0,0.0101059597104
org.jikesrvm.tools.bootImageWriter.BootImageWorker,0,32.0,0.0100278121732
org.mmtk.harness.Main,1,19.0,0.00998737184668
org.jikesrvm.ia32.InterfaceMethodConflictResolver,0,68.0,0.00996549457685
org.jikesrvm.classloader.InterfaceInvocation.IMTDict,0,77.0,0.00992060042607
org.jikesrvm.compilers.baseline.ia32.Barriers,4,89.0,0.00982336825683
org.jikesrvm.tools.bootImageWriter.BootImageWriter.Key,2,8.0,0.00979702663327
org.jikesrvm.compilers.opt.driver.ppc.MIROptimizationPlanner,0,28.0,0.00975992705564
java.lang.VMThrowable,0,94.0,0.00959879862196
org.jikesrvm.compilers.opt.controlflow.DominatorSystem,1,84.0,0.00946009433278
org.jikesrvm.compilers.opt.regalloc.LinearScan.IncreasingStartIntervalSet.StartComparator,0,9.0,0.00941129295353
org.jikesrvm.compilers.opt.escape.MethodSummary,0,36.0,0.00939418789159
org.jikesrvm.adaptive.util.UnResolvedWeightedCallTargets.UnResolvedMultiTarget,0,70.0,0.00931385436642
java.util.concurrent.atomic.AtomicLong,0,103.0,0.00930259156122
org.jikesrvm.scheduler.greenthreads.FileSystem.Callbacks.ExitMonitor,0,9.0,0.00927738765426
org.jikesrvm.compilers.opt.controlflow.BranchSimplifier,0,241.0,0.00925540407774
org.jikesrvm.compilers.opt.LocalCopyProp,0,97.0,0.00917503166997
org.jikesrvm.opt.ir.OPT_InstructionEnumeration,0,3.0,0.00914630268351
org.jikesrvm.compilers.opt.dfsolver.DF_Equation.GraphNodeEnumeration_0,0,11.0,0.0091404335183
org.jikesrvm.opt.OPT_CompilationPlan,0,40.0,0.00905317529279
org.jikesrvm.compilers.opt.regalloc.ScratchMap.SymbolicInterval,0,10.0,0.00903986190597
org.jikesrvm.adaptive.util.AOSLogging,0,519.0,0.00901000091823
org.mmtk.harness.lang.Alloc,0,29.0,0.00883158330284
org.jikesrvm.tools.header_gen.GenArch_ppc,0,93.0,0.00876293777676
org.jikesrvm.compilers.opt.regalloc.ppc.MIRSplitRanges,0,10.0,0.00852787845247
org.jikesrvm.adaptive.database.callgraph.PartialCallGraph.UnResolvedWeightedCallTargets.Visitor,0,7.0,0.00849471555538
JHawkDefaultPackage.A,0,3.0,0.00833232255115
org.jikesrvm.opt.ir.OPT_RegisterOperandEnumeration,0,3.0,0.00830596654906
org.jikesrvm.runtime.MagicNames,0,155.0,0.00827388383784
org.jikesrvm.compilers.opt.controlflow.YieldPoints,0,60.0,0.00825264679934
org.jikesrvm.opt.OPT_Priority,0,9.0,0.00824586481281
org.mmtk.harness.options.HarnessOptionSet,0,269.0,0.0082105703602
org.jikesrvm.compilers.opt.ssa.IndexPropagationSystem.UpdateDefArrayOperator,0,36.0,0.00811829769226
org.jikesrvm.compilers.opt.instrsched.PrePassScheduler,1,15.0,0.00796706574815
org.jikesrvm.adaptive.util.BlockingPriorityQueue,0,31.0,0.0079074435847
test.org.jikesrvm.basic.core.bytecode.TestResolveOnInstanceof.A,0,3.0,0.00775518198392
org.mmtk.harness.lang.StoreField,0,34.0,0.00775336277346
org.jikesrvm.compilers.opt.lir2mir.ConvertLIRtoMIR.DoBURS,0,49.0,0.00747779987096
org.jikesrvm.compilers.opt.regalloc.ia32.PhysicalRegisterConstants,0,26.0,0.00747216680845
org.jikesrvm.classloader.ApplicationClassLoader,1,51.0,0.00740336819688
org.jikesrvm.opt.OPT_VCGNode.NodeDesc,0,9.0,0.00737941598981
org.jikesrvm.tools.apt.SysCallProcessor,0,50.0,0.00719877939265
org.jikesrvm.opt.OPT_ReverseDFSenumerateByFinish,0,10.0,0.00717324475402
org.jikesrvm.runtime.ExitStatus,0,23.0,0.0071478741159
org.jikesrvm.adaptive.runtimeMeasurements.instrumentation.VM_MethodNameFunction,0,10.0,0.00713064422364
org.jikesrvm.osr.SpecialCompiler,0,101.0,0.00709915461261
org.jikesrvm.adaptive.runtimeMeasurements.instrumentation.VM_StringEventCounterData,0,69.0,0.00706953254669
org.jikesrvm.compilers.baseline.ia32.BaselineMagic.GetRegister,0,9.0,0.00706617440587
org.jikesrvm.tools.header_gen.SortableField,0,13.0,0.00702779580308
org.jikesrvm.compilers.opt.bc2ir.GenerateMagic,1,866.0,0.0069554072468
org.jikesrvm.classloader.BootstrapClassLoader.Handler,0,14.0,0.0069165367872
org.jikesrvm.opt.OPT_OptimizationPlanAtomicElement,0,58.0,0.00686452812653
org.jikesrvm.compilers.baseline.ppc.Barriers,5,86.0,0.00676957883958
org.jikesrvm.compilers.opt.util.SpaceEffGraphNode.OutNodeEnumeration,0,13.0,0.00672512939904
org.jikesrvm.opt.OPT_GraphNode,0,7.0,0.00671654379215
org.jikesrvm.objectmodel.FieldLayoutUnpacked.LayoutContext,0,34.0,0.00669886053247
org.jikesrvm.opt.OPT_GraphNodeEnumeration,0,4.0,0.00667590348322
org.jikesrvm.compilers.opt.lir2mir.ConvertLIRtoMIR.NormalizeConstantsPhase,0,11.0,0.00666065285418
java.nio.VMDirectByteBuffer,0,35.0,0.00661024596382
org.jikesrvm.compilers.baseline.ia32.BaselineMagic.Magic_Store64,0,11.0,0.00660825569385
org.jikesrvm.compilers.baseline.ia32.BaselineMagic.Store64_Offset,0,11.0,0.00660825569385
org.jikesrvm.compilers.opt.util.SpaceEffGraphNodeList,0,27.0,0.00651502229511
org.jikesrvm.compilers.opt.NullCheckCombining,0,116.0,0.00641071660176
java.security.AccessController,0,113.0,0.00630732164365
org.jikesrvm.compilers.opt.controlflow.ReorderingPhase.ChainInfo,0,12.0,0.00630017311212
org.jikesrvm.adaptive.measurements.instrumentation.ManagedCounterData.Counter,0,8.0,0.00628552415121
org.jikesrvm.compilers.opt.bc2ir.BC2IR.BBSet.DummyStackSlot,0,5.0,0.0062331642646
org.jikesrvm.opt.OPT_LiveIntervalElement,0,34.0,0.00622362800578
JHawkDefaultPackage.TestInterfaceB,0,4.0,0.0061216703367
org.jikesrvm.scheduler.nativethreads.NativeScheduler,0,88.0,0.00608850320802
JHawkDefaultPackage.C,0,10.0,0.00607549310579
org.mmtk.utility.options.LineReuseRatio,0,10.0,0.00606450298254
org.jikesrvm.compilers.opt.liveness.LiveInterval,0,105.0,0.00590350637337
org.jikesrvm.compilers.opt.util.ReverseEnumerator,0,22.0,0.00585761626875
org.mmtk.plan.GCspyPlan,0,5.0,0.00583482809605
org.jikesrvm.scheduler.greenthreads.JikesRVMSocketImpl.SocketImplFactory,0,2.0,0.00581638648794
org.jikesrvm.opt.OPT_DepGraph.GraphDesc,0,2.0,0.00581638648794
org.jikesrvm.scheduler.greenthreads.JikesRVMSocketImpl.SocketImplFactory_0,0,2.0,0.00581638648794
org.jikesrvm.opt.OPT_ConvertHIRtoLIR,0,19.0,0.00573422577367
org.jikesrvm.opt.OPT_AnnotatedLSTGraph,0,20.0,0.00566299476036
org.jikesrvm.compilers.baseline.ia32.BaselineMagic.AddressConstant,0,9.0,0.0056529395247
org.jikesrvm.PrintContainer,0,13.0,0.00561426825863
org.jikesrvm.opt.ir.OPT_HIRInfo,0,13.0,0.00560348303337
JHawkDefaultPackage.temp5,0,3.0,0.00558099979982
org.vmmagic.unboxed.ExtentArray,0,13.0,0.00548631183211
org.jikesrvm.opt.OPT_IRPrinter,0,21.0,0.00542527249076
org.jikesrvm.opt.ppc.OPT_PhysicalRegisterTools,0,7.0,0.00541242858872
org.jikesrvm.compilers.opt.AdjustBranchProbabilities,0,55.0,0.00540277617213
org.jikesrvm.compilers.opt.specialization.SpecializationDatabase.MethodSet,0,13.0,0.00538015365437
org.jikesrvm.tools.template.UnterminatedStringException,0,5.0,0.00536195556099
org.jikesrvm.opt.OPT_InvokeeThreadLocalContext,0,38.0,0.00521205602987
org.jikesrvm.opt.OPT_SpecializationDatabase,0,59.0,0.00515462693257
org.jikesrvm.opt.ir.OPT_BC2IR.BBSet.DummyStackSlot,0,5.0,0.00511252174922
org.jikesrvm.compilers.opt.util.EmptyIterator,0,12.0,0.00508485840411
org.mmtk.harness.lang.Hash,0,13.0,0.00506375420296
org.jikesrvm.opt.OPT_BitSet,0,26.0,0.00504444432296
gnu.classpath.VMSystemProperties,0,69.0,0.00503022983832
JHawkDefaultPackage.temp,0,4.0,0.00497813114391
org.jikesrvm.compilers.opt.lir2mir.ppc.BURS_Helpers,0,1688.0,0.00497143693228
org.jikesrvm.opt.OPT_Tree,0,55.0,0.00493796905451
org.jikesrvm.CommandLineArgs.ArgReader,0,24.0,0.00486216831345
org.jikesrvm.scheduler.greenthreads.Uninterruptible.Uninterruptible,0,11.0,0.00485632900408
org.jikesrvm.compilers.opt.mir2mc.ppc.AssemblerOpt,0,1051.0,0.00479904074007
org.jikesrvm.compilers.opt.dfsolver.DF_Equation.GraphNodeEnumeration,0,13.0,0.00474597749411
org.jikesrvm.osr.BytecodeTraverser,0,1139.0,0.00468313854817
org.jikesrvm.compilers.opt.util.GraphNodeEnumerator.Iter,0,8.0,0.00466926101636
org.jikesrvm.opt.ir.OPT_ExceptionHandlerBasicBlockBag,0,27.0,0.00462207116978
org.jikesrvm.opt.OPT_Diamond,0,77.0,0.00458138960301
org.jikesrvm.opt.OPT_GenericStackManager.ScratchRegister,0,19.0,0.00456785364856
org.jikesrvm.opt.OPT_MagicNotImplementedException,0,14.0,0.00455480320761
org.jikesrvm.opt.ir.OPT_BasicBlockOperand,0,16.0,0.00454377176966
test.org.jikesrvm.basic.core.threads.TestInterruptAndSpin,0,18.0,0.00452758948146
test.org.jikesrvm.basic.core.bytecode.TestInstanceOf.Magic,0,1.0,0.00447919262685
org.jikesrvm.opt.OPT_LinearScan,0,81.0,0.004439984328
org.mmtk.utility.options.MarkSweepMarkBits,0,11.0,0.00442629342074
test.org.jikesrvm.basic.core.bytecode.TestReturn,0,26.0,0.00439905228411
java.lang.VMDouble,0,20.0,0.00433271418528
org.jikesrvm.adaptive.runtimeMeasurements.instrumentation.VM_CounterNameFunction,0,3.0,0.00428987711853
JHawkDefaultPackage.Y,0,1.0,0.00425853367306
JHawkDefaultPackage.MyError,0,1.0,0.00425316310378
org.jikesrvm.opt.ir.OPT_ConvertBCtoHIR,0,25.0,0.0042463065685
org.jikesrvm.opt.OPT_GCP,0,36.0,0.00424515125548
org.jikesrvm.compilers.opt.util.GraphUtilities.GraphNodeEnumerator,0,8.0,0.00423377005496
org.jikesrvm.opt.OPT_GraphUtilities.OPT_GraphNodeEnumerator,0,8.0,0.00423377005496
org.jikesrvm.compilers.opt.regalloc.ExpandCallingConvention,0,14.0,0.00420178274869
org.jikesrvm.opt.ir.ia32.OPT_IA32ConditionOperand,0,149.0,0.0041922309379
test.org.jikesrvm.basic.core.threads.TestVolatiles,0,31.0,0.00414742569982
org.jikesrvm.opt.ir.OPT_TIBConstantOperand,0,23.0,0.00409928915959
org.jikesrvm.opt.ir.OPT_BranchOperand,0,17.0,0.00405871161112
org.jikesrvm.util.AbstractHashSetRVM.SetIterator,0,23.0,0.00405663524089
org.mmtk.utility.options.GCspyPort,0,10.0,0.0040538717424
org.mmtk.utility.options.GCspyTileSize,0,10.0,0.0040538717424
org.mmtk.utility.options.Verbose,0,10.0,0.0040538717424
org.jikesrvm.opt.OPT_TopSortInterface,0,7.0,0.00404318377844
test.org.jikesrvm.basic.core.threads.XThread.ThreadRecord,0,9.0,0.0040251710983
org.jikesrvm.opt.ir.OPT_GenericPhysicalRegisterSet,0,32.0,0.00401870114776
org.jikesrvm.compilers.opt.ir.Instruction.OEDefsOnly,0,21.0,0.00398937629091
org.jikesrvm.compilers.opt.ir.Instruction.MOE,0,21.0,0.00398937629091
test.org.jikesrvm.basic.core.threads.TestSuspend,0,29.0,0.00394052006296
org.jikesrvm.opt.OPT_LeaveSSA.VariableStacks,0,23.0,0.00391239849523
JHawkDefaultPackage.Node2I2A,0,45.0,0.00389817319537
org.jikesrvm.opt.ir.OPT_IntConstantOperand,0,55.0,0.00387996570584
org.jikesrvm.opt.ir.OPT_MachineSpecificIR,0,42.0,0.00380668090403
org.jikesrvm.opt.OPT_ReverseFilteredDFSenumerateByFinish,0,13.0,0.00380187471516
org.jikesrvm.adaptive.recompilation.instrumentation.Uninterruptible,0,9.0,0.00380022672834
org.jikesrvm.opt.OPT_SpaceEffGraphNode.Enumeration,0,4.0,0.00378885353542
org.jikesrvm.adaptive.runtimeMeasurements.instrumentation.VM_MethodInvocationCounterData,0,12.0,0.00375454364372
JHawkDefaultPackage.bug,0,14.0,0.00373370629784
gnu.java.nio.VMChannel.LocalByteArray,0,17.0,0.00369088720952
org.jikesrvm.opt.OPT_TailRecursionElimination,0,117.0,0.00367825548344
org.jikesrvm.compilers.common.assembler.ForwardReference.ShortBranch,0,11.0,0.0036699597401
org.jikesrvm.compilers.opt.mir2mc.ppc.AssemblerOpt.BranchSrcElement,0,8.0,0.00364089888469
org.mmtk.utility.options.BoundedNursery,0,10.0,0.00361676275285
org.jikesrvm.opt.ir.ia32.OPT_BURSManagedFPROperand,0,16.0,0.00358036889664
org.jikesrvm.opt.OPT_VCG,0,152.0,0.00353114951139
test.org.jikesrvm.basic.core.reflect.tClass.ToStringComparator,0,6.0,0.00352075751044
org.jikesrvm.opt.ir.OPT_StackLocationOperand,0,50.0,0.00350480821498
org.jikesrvm.compilers.opt.ssa.IndexPropagationSystem.UpdateUseObjectOperator,0,30.0,0.00349969130829
org.jikesrvm.compilers.opt.ssa.LoadElimination.UseRecord,0,25.0,0.00345396063932
org.jikesrvm.opt.ir.OPT_IREnumeration.OPT_InstructionEnumeration_1,0,14.0,0.00344137856661
gnu.java.nio.VMChannel.State,0,67.0,0.00339942721116
org.jikesrvm.compilers.common.assembler.ppc.Assembler,0,2487.0,0.00339832357676
org.jikesrvm.opt.OPT_InlineTools,0,105.0,0.00338496983243
org.jikesrvm.compilers.opt.regalloc.LinearScan.RegisterRestrictionsPhase,0,18.0,0.00337313989567
org.jikesrvm.opt.OPT_SpaceEffGraphNode.OutNodeEnumeration,0,13.0,0.00336256469952
org.mmtk.utility.options.DefragHeadroomFraction,0,10.0,0.00335773606525
org.jikesrvm.compilers.baseline.ia32.BaselineMagic.AddressComparison,0,17.0,0.0033091143853
test.org.jikesrvm.basic.core.reflect.tClass,0,137.0,0.00325949330075
JHawkDefaultPackage.TestRuntimeExec.Thread,0,17.0,0.00322850149559
org.jikesrvm.ia32.RegisterConstants.GPR.FPR.MM,0,17.0,0.00322476084803
org.jikesrvm.opt.OPT_DominatorTreePhase,0,22.0,0.00319239026423
org.jikesrvm.util.ImmutableEntryHashSetRVM,0,12.0,0.00319068236993
org.jikesrvm.ia32.RegisterConstants.GPR.FPR,0,17.0,0.00317054561355
org.jikesrvm.opt.OPT_LSTGraph,0,203.0,0.00316706087438
JHawkDefaultPackage.TestRuntimeExec,0,65.0,0.00315778922873
org.jikesrvm.opt.OPT_LinearScan.IncreasingStartIntervalSet,0,9.0,0.00308970871758
org.jikesrvm.opt.ir.OPT_UnreachableOperand,0,11.0,0.00307948232767
org.jikesrvm.compilers.opt.lir2mir.BURS_MemOp_Helpers.AddrStackElement,0,14.0,0.00305593566599
org.jikesrvm.compilers.baseline.ia32.BaselineMagic.LoadByte_Array,0,9.0,0.00304219589934
org.jikesrvm.opt.OPT_LiveRangeSplitting,0,17.0,0.00302479307472
org.jikesrvm.opt.OPT_LoadElimination.GVNPreparation,0,25.0,0.00302391173954
org.jikesrvm.opt.OPT_LeaveSSA.Copy,0,10.0,0.00301878369603
JHawkDefaultPackage.table,0,21.0,0.00297587927749
org.jikesrvm.opt.ir.OPT_MIRInfo,0,17.0,0.00296680297
test.org.jikesrvm.basic.core.serialization.SerializationData,0,105.0,0.00293073409629
org.jikesrvm.opt.ir.ppc.OPT_MachineSpecificIRPowerPC,0,39.0,0.00291722211957
org.jikesrvm.scheduler.greenthreads.JikesRVMSocketImpl.DatagramSocketImplFactory,0,4.0,0.00290819324397
org.jikesrvm.objectmodel.MiscHeaderConstants,0,6.0,0.00290261884571
org.jikesrvm.compilers.opt.ssa.GCP.GCPPreparation,0,38.0,0.00288567445937
org.jikesrvm.opt.OPT_LinearScan.IntervalAnalysis,0,120.0,0.002883352136
org.jikesrvm.opt.ir.OPT_TypeOperand,0,43.0,0.00286037689377
org.jikesrvm.ppc.LazyCompilationTrampoline,0,10.0,0.00281888560306
JHawkDefaultPackage.FindMissingAPI,0,133.0,0.0028182392843
org.jikesrvm.adaptive.runtimeMeasurements.organizers.VM_MethodSampleOrganizer,0,55.0,0.00280661136431
org.jikesrvm.opt.OPT_InterfaceHierarchy,0,58.0,0.0027924719381
org.jikesrvm.opt.ir.ppc.OPT_PowerPCTrapOperand,0,187.0,0.00276759408397
org.jikesrvm.compilers.common.assembler.ppc.AssemblerConstants,0,8.0,0.00276090718075
org.jikesrvm.compilers.opt.runtimesupport.ppc.OptGCMapIteratorConstants,0,4.0,0.00272926721534
org.jikesrvm.opt.ia32.VM_OptGCMapIteratorConstants,0,4.0,0.00272926721534
org.jikesrvm.util.HashSetRVM,0,12.0,0.00265890197494
org.jikesrvm.compilers.opt.regalloc.ppc.PhysicalRegisterConstants,0,31.0,0.00265564747722
org.jikesrvm.compilers.baseline.ia32.BaselineMagic.GetReturnAddressLocation,0,5.0,0.00264297106402
JHawkDefaultPackage.ExceptionTest4,0,17.0,0.00264092328638
org.jikesrvm.tools.ant.IfTask,0,26.0,0.00258713012939
org.jikesrvm.compilers.baseline.ppc.BaselineCompilerImpl,43,3567.0,0.00254628184252
org.apache.harmony.lang.RuntimePermissionCollection,0,39.0,0.00251854296219
org.jikesrvm.opt.ir.OPT_BasicBlock.OutEdgeEnum,0,11.0,0.002501802565
org.jikesrvm.compilers.opt.ir.ppc.MachineSpecificIRPowerPC.PPC32,0,21.0,0.00249778918617
org.jikesrvm.adaptive.runtimeMeasurements.instrumentation.VM_ManagedCounterData,0,117.0,0.00249500444528
org.mmtk.plan.nogc.Uninterruptible,0,19.0,0.00249033160217
org.mmtk.plan.concurrent.marksweep.Uninterruptible,0,19.0,0.00249033160217
org.mmtk.plan.semispace.gcspy.Uninterruptible,0,17.0,0.00248482716591
org.jikesrvm.util.HashSetRVM.Bucket,0,22.0,0.00246312254062
org.jikesrvm.opt.OSR_OsrPointConstructor,0,185.0,0.00244092234256
org.jikesrvm.adaptive.runtimeMeasurements.organizers.VM_AccumulatingMethodSampleOrganizer,0,33.0,0.00243893263772
org.jikesrvm.compilers.baseline.BuildReferenceMaps,2,1922.0,0.00243433484708
org.jikesrvm.compilers.opt.ir.Instruction.OE,0,50.0,0.00238579741345
test.org.jikesrvm.basic.core.bytecode.TestInvoke.TypeB,0,5.0,0.00237886286341
org.jikesrvm.opt.ia32.OPT_RegisterRestrictions,0,224.0,0.00236253611609
JHawkDefaultPackage.vTest4,0,7.0,0.0023498864998
org.jikesrvm.compilers.baseline.PendingRETInfo,0,26.0,0.00233197388408
org.jikesrvm.opt.OPT_LocalCSE,0,217.0,0.00232898801808
org.jikesrvm.opt.OPT_ReorderingPhase,0,207.0,0.00230978860112
org.jikesrvm.opt.ir.OPT_NullConstantOperand,0,20.0,0.00230593880825
org.jikesrvm.opt.OPT_LinearScan.IncreasingStartIntervalSet.IncreasingStartMappedIntervalSet.StartComparator_0,0,19.0,0.00230361617272
org.jikesrvm.tools.ant.IfTask.ConditionSet,0,4.0,0.0022994862299
test.org.jikesrvm.basic.core.bytecode.TestMiranda,0,13.0,0.00229042151369
org.jikesrvm.opt.OPT_LinearScan.IncreasingStartIntervalSet.IncreasingStartMappedIntervalSet.IncreasingEndMappedIntervalSet.UpdateOSRMaps,0,104.0,0.00228605281785
org.jikesrvm.compilers.opt.bc2ir.BC2IR.BBSet.ReturnAddressOperand,0,11.0,0.00228417726496
org.jikesrvm.tools.bootImageWriter.BootImageMap.Entry,0,22.0,0.00225799970998
JHawkDefaultPackage.L,0,1.0,0.00223959631342
org.jikesrvm.opt.ir.OPT_BC2IR.BBSet.BasicBlockLE,0,87.0,0.00223136149509
JHawkDefaultPackage.testCounts,0,15.0,0.00222700285476
java.lang.Class.PrivilegedAction,0,5.0,0.00222265849128
org.jikesrvm.ppc.OpcodeXX,0,12.0,0.00222166302287
org.jikesrvm.opt.OPT_LinearScan.IncreasingStartIntervalSet.IncreasingStartMappedIntervalSet,0,9.0,0.00219573692798
org.jikesrvm.compilers.common.assembler.ForwardReference.SwitchCase,0,8.0,0.00217238010888
org.jikesrvm.runtime.MathConstants,0,38.0,0.00214574809648
test.org.jikesrvm.basic.core.bytecode.TestFieldAccess,0,42.0,0.00213859252339
JHawkDefaultPackage.TestReturn,0,80.0,0.00213295382161
org.jikesrvm.opt.ppc.OPT_MIRSplitRanges,0,10.0,0.00213196961312
org.jikesrvm.opt.ir.ia32.OPT_PhysicalRegisterSet,0,308.0,0.00213119753974
org.jikesrvm.opt.OPT_PrePassScheduler,0,15.0,0.00211996176502
org.jikesrvm.opt.OPT_OptimizingCompilerException,0,77.0,0.00211899025954
org.jikesrvm.opt.OPT_SimpleSpillCost,0,55.0,0.00210970795858
JHawkDefaultPackage.ReferenceTest,0,131.0,0.0021028400241
org.jikesrvm.util.ImmutableEntryHashSetRVM.Bucket,0,25.0,0.00208777761183
org.jikesrvm.compilers.opt.ir.ExceptionHandlerBasicBlock.Enumeration,0,12.0,0.00207650602949
org.jikesrvm.opt.OPT_OptimizationPlanner,0,214.0,0.00207449582048
org.jikesrvm.compilers.opt.util.SpaceEffGraphNodeListHeader,0,46.0,0.00204158214777
JHawkDefaultPackage.TestInterfaceC,0,2.0,0.00201765969367
org.jikesrvm.opt.OPT_ConvertLIRtoMIR,0,24.0,0.00201444417895
org.jikesrvm.opt.OPT_CFGTransformations,0,243.0,0.00199294610921
JHawkDefaultPackage.TestInterfaceCall,0,61.0,0.0019852298187
org.jikesrvm.opt.OPT_LinearScan.BasicInterval,0,55.0,0.00198353303769
org.jikesrvm.adaptive.controller.Controller.BlockingPriorityQueue.CallBack,0,3.0,0.00196365823231
test.org.jikesrvm.basic.core.bytecode.TestResolveOnInstanceof,0,9.0,0.00196111917633
org.jikesrvm.adaptive.runtimeMeasurements.VM_RuntimeMeasurements,0,175.0,0.00187647795764
JHawkDefaultPackage.TestThrow2,0,29.0,0.00186705865945
JHawkDefaultPackage.TestStackAccess,0,179.0,0.00184547908736
org.jikesrvm.opt.ir.OPT_AbstractRegisterPool,0,182.0,0.00183114239122
org.jikesrvm.compilers.baseline.BBConstants,0,27.0,0.00181239719645
org.jikesrvm.opt.OPT_DefUse.RegOpListWalker,0,23.0,0.00180954168807
org.jikesrvm.compilers.opt.bc2ir.BC2IR.BBSet.TreeEnumerator,0,43.0,0.00180210925725
org.jikesrvm.compilers.baseline.Uninterruptible,0,49.0,0.00177820181508
test.org.jikesrvm.basic.core.serialization.TestSerialization,0,62.0,0.00175921407662
org.jikesrvm.opt.OPT_GlobalCSE,0,238.0,0.00175545844262
org.jikesrvm.opt.ir.OPT_IREnumeration.OPT_InstructionEnumeration_0,0,18.0,0.00175151820239
org.jikesrvm.opt.ir.OPT_IREnumeration.OPT_InstructionEnumeration,0,18.0,0.00175151820239
org.jikesrvm.opt.OPT_IndexPropagation.ObjectCell,0,98.0,0.00175053223766
org.jikesrvm.opt.ir.OPT_StringConstantOperand,0,14.0,0.00173763907481
org.jikesrvm.tools.ant.SelectRegexTask,0,84.0,0.00173714053702
org.jikesrvm.opt.OPT_LTDominators,0,319.0,0.00173623096745
org.mmtk.utility.options.XmlStats,0,5.0,0.00170456201961
org.jikesrvm.opt.OPT_RegisterAllocatorState,0,44.0,0.00163575754731
org.jikesrvm.opt.OPT_LocalCSE.AvExCache,0,230.0,0.00161828547364
org.jikesrvm.opt.ir.ia32.OPT_MachineSpecificIRIA.EM64T,0,23.0,0.00159018759619
org.jikesrvm.opt.ir.ppc.OPT_PhysicalRegisterSet,0,412.0,0.00157705362939
org.jikesrvm.opt.OPT_ReorderingPhase.ChainInfo,0,12.0,0.00157504327803
org.jikesrvm.opt.OPT_BURS_Common_Helpers,0,270.0,0.00157386718785
java.lang.String.CaseInsensitiveComparator,0,7.0,0.00156761114906
org.jikesrvm.opt.ir.OPT_MethodOperand,0,157.0,0.00155388977616
org.mmtk.utility.Uninterruptible,0,80.0,0.00154472062488
org.jikesrvm.opt.OPT_LoadElimination.UseRecordSet,0,22.0,0.00153448517366
org.jikesrvm.opt.OPT_EmptyIterator,0,12.0,0.00153349386291
JHawkDefaultPackage.ExceptionTest5,0,21.0,0.00152430557147
org.jikesrvm.opt.OPT_Pair,0,15.0,0.001521541911
org.jikesrvm.opt.ia32.OPT_NormalizeConstants,0,77.0,0.00151735311938
org.jikesrvm.compilers.opt.ir.ia32.PhysicalRegisterSet.PhysicalRegisterEnumeration,0,14.0,0.00151430054823
org.mmtk.harness.vm.Uninterruptible,0,14.0,0.0015078527759
org.jikesrvm.compilers.opt.driver.OptimizationPlanner.IRPrinter_1,1,4.0,0.00150208761356
org.jikesrvm.opt.OPT_OptimizationPlanner.OPT_IRPrinter_1,0,4.0,0.00150208761356
org.jikesrvm.opt.OPT_MIRBranchOptimizations,0,163.0,0.00149941316313
org.mmtk.harness.lang.GC,0,7.0,0.00149204198156
org.jikesrvm.tools.ant.HostnameTask,0,25.0,0.00148835025808
org.jikesrvm.opt.OPT_LoadElimination,0,367.0,0.00148765052951
org.mmtk.utility.gcspy.Uninterruptible,0,79.0,0.00147882399445
org.jikesrvm.opt.OPT_ReverseEnumerator,0,22.0,0.00146440406719
org.jikesrvm.opt.ir.OPT_ConditionOperand,0,469.0,0.0014617043289
org.jikesrvm.opt.OPT_ClassLoaderProxy,0,233.0,0.00146121541541
org.jikesrvm.classloader.FieldVector,0,76.0,0.00145759271933
JHawkDefaultPackage.NativeException,0,90.0,0.00144685036404
org.jikesrvm.adaptive.runtimeMeasurements.instrumentation.VM_Instrumentation,0,53.0,0.00143128404732
test.org.jikesrvm.basic.java.nio.TestFileChannel,0,34.0,0.00140920180259
org.mmtk.plan.refcount.fullheap.Uninterruptible,0,37.0,0.00140723741644
test.org.jikesrvm.basic.core.bytecode.TestArrayAccess,0,153.0,0.00140112685423
test.org.jikesrvm.basic.stats.JikesImageSizes,0,24.0,0.00138242809544
org.jikesrvm.opt.OPT_BrainDeadSpillCost,0,7.0,0.00136804666711
org.jikesrvm.opt.ir.OPT_IREnumeration.AllUsesEnum,0,51.0,0.00136175770496
org.jikesrvm.opt.OPT_ExpandCallingConvention,0,14.0,0.00136039791189
JHawkDefaultPackage.temp1,0,5.0,0.00135480612017
org.jikesrvm.opt.ir.OPT_BasicBlock.ExceptionOutEdgeEnum,0,16.0,0.00135207282523
org.mmtk.harness.options.MaxHeap,0,10.0,0.00134919770295
org.mmtk.harness.options.InitHeap,0,10.0,0.00134919770295
JHawkDefaultPackage.ExceptionTest7,0,20.0,0.00134693633483
org.jikesrvm.tools.ant.LineFilterTask,0,62.0,0.00134205347915
JHawkDefaultPackage.BlockingThreadsWorker,0,23.0,0.00134035879369
org.jikesrvm.opt.OPT_DefaultInlineOracle.VM_WeightedCallTargets.Visitor,0,103.0,0.00133996242868
org.jikesrvm.opt.OPT_DepGraphStats,0,74.0,0.00133338543059
org.jikesrvm.opt.ppc.VM_OptExceptionDeliverer,0,45.0,0.00133174645986
org.jikesrvm.compilers.opt.ir.ExceptionHandlerBasicBlockBag.BasicBlockEnumeration,0,30.0,0.00131802717598
JHawkDefaultPackage.MethodInvocation,0,180.0,0.00131032379585
org.jikesrvm.compilers.baseline.ia32.BaselineMagic.WordXor,0,6.0,0.00127998567848
org.jikesrvm.compilers.baseline.ia32.BaselineMagic.WordMinus,0,6.0,0.00127998567848
org.jikesrvm.opt.OPT_OptimizationPlanner.OPT_IRPrinter,0,4.0,0.00122644488894
JHawkDefaultPackage.tak_int,0,16.0,0.00121133901029
JHawkDefaultPackage.logic,0,144.0,0.0012084530126
org.jikesrvm.ia32.Uninterruptible,0,39.0,0.00119905017605
org.vmmagic.unboxed.Unboxed,0,98.0,0.00119667808218
org.mmtk.utility.statistics.Uninterruptible,0,105.0,0.00118249085002
JHawkDefaultPackage.GenerateAssembler.ArgumentType,0,124.0,0.00117797662619
org.jikesrvm.opt.ia32.OPT_MIRSplitRanges,0,95.0,0.00117090506912
JHawkDefaultPackage.fibo,0,16.0,0.0011673098613
org.mmtk.plan.refcount.cd.Uninterruptible,0,7.0,0.00116439292847
org.jikesrvm.opt.OPT_AnnotatedLSTNode.BBEnum,0,26.0,0.00115690823761
org.jikesrvm.opt.ir.ia32.OPT_MachineSpecificIRIA.IA32,0,18.0,0.00113442873273
org.jikesrvm.opt.OPT_IndexPropagationSystem.UpdateDefArrayOperator,0,35.0,0.00113393580603
org.jikesrvm.opt.ppc.OPT_ConvertALUOperators,0,12.0,0.00113136358844
org.jikesrvm.ppc.RegisterConstants.RegisterConstantsHelper,0,41.0,0.00111985535318
org.jikesrvm.tools.oth.OptTestHarness.Performance,0,16.0,0.0011121449433
org.jikesrvm.CommandLineArgs.PrefixType,0,30.0,0.00110726105065
org.jikesrvm.opt.ppc.OPT_CallingConvention,0,294.0,0.0011044268463
JHawkDefaultPackage.TestC2,0,3.0,0.00110102086968
test.org.jikesrvm.basic.core.bytecode.TestInvoke.TypeC,0,13.0,0.00109265360929
org.jikesrvm.opt.OPT_SpecializedMethodPool,0,36.0,0.001083496028
org.jikesrvm.opt.OPT_LSTNode.Enumeration,0,8.0,0.00108185404125
org.jikesrvm.opt.ir.OPT_IRTools,0,272.0,0.00107918708114
org.jikesrvm.ppc.Disassembler,0,1386.0,0.00106485891159
org.mmtk.plan.generational.copying.Uninterruptible,0,44.0,0.00104269619002
org.jikesrvm.compilers.opt.bc2ir.BC2IR.BBSet.InliningBlockLE,0,17.0,0.00103999136299
test.org.jikesrvm.basic.core.bytecode.TestClassHierarchy.Magic,0,1.0,0.00103896103896
JHawkDefaultPackage.virtUnresolved,0,15.0,0.00103890230757
org.jikesrvm.opt.OPT_SSA,0,120.0,0.0010128683878
JHawkDefaultPackage.TestInstanceOf,0,72.0,0.00100948497157
org.jikesrvm.opt.ir.ia32.OPT_GenerateMachineSpecificMagic,0,92.0,0.00100534889496
org.jikesrvm.adaptive.runtimeMeasurements.listeners.Uninterruptible,0,20.0,0.000992812313263
org.jikesrvm.osr.ppc.Uninterruptible,0,12.0,0.000980227272415
org.jikesrvm.tools.ant.ForEachTask,0,33.0,0.000964382400147
org.jikesrvm.opt.ir.OPT_Instruction.MOE,0,22.0,0.000952010251241
JHawkDefaultPackage.gctest,0,38.0,0.000951546480448
org.jikesrvm.osr.Uninterruptible,0,49.0,0.00094929195352
java.lang.ThreadGroup.ChildrenGroupsLock,0,1.0,0.00094591975189
JHawkDefaultPackage.I,0,1.0,0.00094591975189
org.jikesrvm.opt.ia32.OPT_ComplexLIR2MIRExpansion,0,370.0,0.000931142734716
org.jikesrvm.opt.OPT_IndexPropagationSystem.MeetOperator,0,108.0,0.000923643574393
org.jikesrvm.opt.OPT_EnumerationIterator,0,16.0,0.000922436854449
JHawkDefaultPackage.TestGC,0,58.0,0.000919773632301
org.jikesrvm.tools.bootImageWriter.BootImageWriter.Object,0,5.0,0.000917013173935
org.mmtk.plan.refcount.generational.Uninterruptible,0,50.0,0.000916857459814
JHawkDefaultPackage.LargeAlloc,0,56.0,0.000916321626858
org.jikesrvm.opt.OPT_ConvertMIRtoMC.AssemblerDriver,0,38.0,0.000894686903029
org.jikesrvm.opt.ir.OPT_GenerationContext,0,417.0,0.000892725581116
org.jikesrvm.compilers.common.assembler.ia32.AssemblerConstants,0,24.0,0.000884901975494
org.jikesrvm.opt.OPT_TreeBottomUpEnumerator,0,23.0,0.000872993797111
org.vmmagic.unboxed.Uninterruptible,0,51.0,0.000872374413125
JHawkDefaultPackage.GenerateAssembler.ArgumentType.EmitterSet,0,380.0,0.000870772168428
JHawkDefaultPackage.SelectTest,0,7.0,0.000852556205189
org.mmtk.utility.options.DefragFreeHeadroom,0,7.0,0.000844928880643
JHawkDefaultPackage.stPutGet,0,11.0,0.000842843977997
org.jikesrvm.tools.template.GenerateFromTemplate,0,879.0,0.000830039582102
JHawkDefaultPackage.BlockingWorker,0,19.0,0.000829349921013
org.jikesrvm.compilers.opt.util.FilterIterator.Filter,0,8.0,0.000820478749925
org.apache.harmony.lang.reflect.ReflectPermissionCollection,0,4.0,0.000819589901292
org.jikesrvm.opt.OPT_EnterSSA,0,699.0,0.000811555665304
org.jikesrvm.opt.OPT_SpaceEffGraphNode,0,457.0,0.000806437535185
JHawkDefaultPackage.JGF_MultithreadedBenchmark,0,31.0,0.000800439837348
org.mmtk.plan.generational.marksweep.Uninterruptible,0,50.0,0.000780030797897
org.jikesrvm.opt.OPT_LICM,0,792.0,0.000762113253708
org.jikesrvm.opt.OPT_ConvertMIRtoMC.FinalMIRExpansionDriver,0,17.0,0.000756867740753
org.mmtk.plan.copyms.Uninterruptible,0,35.0,0.000747148198246
org.jikesrvm.opt.OPT_LiveRangeSplitting.LiveRangeSplitting.RenamePreparation,0,17.0,0.000739522195091
org.jikesrvm.compilers.opt.regalloc.RegisterAllocator.RegisterAllocPreparation,0,14.0,0.000725817777202
org.jikesrvm.scheduler.greenthreads.Uninterruptible,0,103.0,0.000725552757397
org.jikesrvm.runtime.DynamicBridge.DL_Helper,0,56.0,0.000725459677266
JHawkDefaultPackage.inlineTest,0,9.0,0.000721300328904
org.mmtk.plan.semispace.Uninterruptible,0,38.0,0.000703214029337
org.jikesrvm.opt.ir.OPT_BasicBlock,0,879.0,0.000694324124468
org.jikesrvm.adaptive.util.UnResolvedWeightedCallTargets.Visitor,0,3.0,0.000692640692641
test.org.jikesrvm.basic.core.reflect.TestFieldReflection.TypeWithDifferentAccessModifiers,0,17.0,0.000682699170196
org.jikesrvm.compilers.opt.regalloc.LinearScan.IncreasingStartIntervalSet.IncreasingStartMappedIntervalSet.IncreasingEndMappedIntervalSet.UpdateGCMaps2,0,66.0,0.000682450013427
org.jikesrvm.opt.OPT_SpaceEffGraphNodeListHeader,0,46.0,0.000680527382589
org.mmtk.utility.options.VerboseTiming,0,7.0,0.000633696660482
org.mmtk.utility.options.HarnessAll,0,7.0,0.000633696660482
org.mmtk.utility.options.EagerCompleteSweep,0,7.0,0.000633696660482
org.mmtk.utility.options.NoReferenceTypes,0,7.0,0.000633696660482
org.mmtk.utility.options.EagerMmapSpaces,0,7.0,0.000633696660482
org.mmtk.utility.options.FullHeapSystemGC,0,7.0,0.000633696660482
org.mmtk.utility.options.NoFinalizer,0,7.0,0.000633696660482
org.mmtk.utility.options.GCspyWait,0,7.0,0.000633696660482
org.mmtk.utility.options.MetaDataLimit,0,7.0,0.000633696660482
org.jikesrvm.opt.ir.OPT_Instruction,0,726.0,0.000632206802523
org.mmtk.plan.markcompact.Uninterruptible,0,49.0,0.000609793440867
JHawkDefaultPackage.InterfaceBaz,0,3.0,0.000604385693671
org.jikesrvm.opt.OPT_LoadElimination.UseRecord,0,22.0,0.000595614424629
JHawkDefaultPackage.TestMath,0,27.0,0.000581182420273
JHawkDefaultPackage.inlineTest3,0,14.0,0.000571746771625
org.jikesrvm.opt.SuppressWarnings,0,620.0,0.000564917562559
test.org.jikesrvm.basic.core.bytecode.TestClassHierarchy.SubSubClass.O_E,0,3.0,0.000564831993403
test.org.jikesrvm.basic.core.bytecode.TestClassHierarchy.SubSubClass.O_G,0,3.0,0.000564831993403
test.org.jikesrvm.basic.core.bytecode.data.SubClassInDifferentPackage.P_E1,0,3.0,0.000564831993403
test.org.jikesrvm.basic.core.bytecode.data.SubClassInDifferentPackage.P_B,0,3.0,0.000564831993403
test.org.jikesrvm.basic.core.bytecode.data.SubClassInDifferentPackage.P_F,0,3.0,0.000564831993403
test.org.jikesrvm.basic.core.bytecode.data.SubClassInDifferentPackage.P_I2,0,3.0,0.000564831993403
test.org.jikesrvm.basic.core.bytecode.data.SubClassInDifferentPackage.P_J1,0,3.0,0.000564831993403
test.org.jikesrvm.basic.core.bytecode.TestClassHierarchy.J,0,3.0,0.000564831993403
test.org.jikesrvm.basic.core.bytecode.data.SubClassInDifferentPackage.P_C2,0,3.0,0.000564831993403
test.org.jikesrvm.basic.core.bytecode.data.SubClassInDifferentPackage.P_J2,0,3.0,0.000564831993403
test.org.jikesrvm.basic.core.bytecode.TestClassHierarchy.I,0,3.0,0.000564831993403
org.jikesrvm.opt.OPT_DynamicTypeCheckExpansion,0,689.0,0.000557415544887
org.jikesrvm.opt.ir.OPT_IR,0,736.0,0.000546118092287
org.jikesrvm.opt.OPT_AdjustBranchProbabilities,0,60.0,0.000527112235534
JHawkDefaultPackage.GenerateAssembler.ArgumentType.EmitterDescriptor,0,58.0,0.000525195779216
org.jikesrvm.classloader.UTF8Convert.UTF8CharacterVisitor,0,3.0,0.000519480519481
org.jikesrvm.opt.OPT_LinearScan.SpillLocationInterval,0,24.0,0.000514001365403
org.jikesrvm.opt.ppc.OPT_PhysicalRegisterConstants,0,35.0,0.000491639388226
org.mmtk.plan.immix.Uninterruptible,0,43.0,0.000491505972567
org.jikesrvm.tools.ant.ToAsciiTask,0,49.0,0.000473648138747
org.mmtk.plan.semispace.gctrace.Uninterruptible,0,58.0,0.000472117317861
JHawkDefaultPackage.t3GT3Worker,0,39.0,0.000437463973849
org.jikesrvm.opt.SaveVolatile,0,32.0,0.000436044364434
org.jikesrvm.runtime.Uninterruptible,0,20.0,0.000432153500464
org.jikesrvm.opt.ir.OPT_LIRInfo,0,3.0,0.000426716141002
JHawkDefaultPackage.TestConstants,0,440.0,0.000425130732358
org.mmtk.utility.options.VerboseFragmentationStats,0,7.0,0.000422464440322
org.jikesrvm.opt.OPT_SortedGraphIterator,0,74.0,0.000399436280153
JHawkDefaultPackage.inlineDeep,0,50.0,0.00039221626582
test.org.jikesrvm.basic.core.bytecode.TestClassInitializer,0,12.0,0.000371874556072
test.org.jikesrvm.basic.core.bytecode.TestClassInitializer.TypeB,0,7.0,0.000362562607461
org.jikesrvm.compilers.opt.dfsolver.DF_System.Comparator,1,6.0,0.00034275248561
org.jikesrvm.opt.OPT_DF_System.Comparator,0,6.0,0.00034275248561
JHawkDefaultPackage.StringRegion,0,37.0,0.000294477196201
org.jikesrvm.compilers.baseline.ia32.BaselineMagic.StoreByte,0,7.0,0.000291545189504
org.jikesrvm.compilers.baseline.ia32.BaselineMagic.LoadByte,0,7.0,0.000291545189504
test.org.jikesrvm.basic.java.lang.TestMath,0,36.0,0.000287758076106
JHawkDefaultPackage.ExceptionTest6,0,48.0,0.000285816766425
org.jikesrvm.Uninterruptible,0,1768.0,0.000283671143705
org.jikesrvm.opt.ppc.OPT_BURS_Helpers,0,1904.0,0.000275465649346
org.mmtk.harness.MMTkThread.UncaughtExceptionHandler,0,6.0,0.000259398496241
org.jikesrvm.osr.bytecodes.Pop,0,16.0,0.000256662471023
org.jikesrvm.compilers.baseline.ia32.BaselineMagic.LoadChar_Offset,0,8.0,0.000255102040816
org.jikesrvm.opt.ir.OPT_InlineSequence.java.util.Enumeration,0,16.0,0.0002545463865
org.jikesrvm.compilers.opt.inlining.InlineSequence.java.util.Enumeration,0,16.0,0.0002545463865
org.jikesrvm.opt.OPT_Simplifier,0,2716.0,0.000240695664021
org.jikesrvm.compilers.opt.util.FilterEnumerator.Filter,0,9.0,0.000229885057471
java.lang.Thread.State,0,8.0,0.000213219616205
org.mmtk.utility.options.EchoOptions,0,7.0,0.000211232220161
org.jikesrvm.compilers.opt.runtimesupport.SaveVolatile,0,41.0,0.000184486286798
org.jikesrvm.compilers.opt.Simplifier.DefUseEffect,0,7.0,0.000182759671033
org.jikesrvm.tools.template.GenerateFromTemplate.Command,0,13.0,0.000151356239879
org.jikesrvm.jni.NativeBridge,0,3338.0,0.000130106970359
org.jikesrvm.opt.ir.OPT_BC2IR,0,3481.0,0.000116028642485
org.jikesrvm.classloader.ClassLoadingListener,0,3.0,0.0
org.jikesrvm.Callbacks.LoadClassMonitor,0,3.0,0.0
test.org.jikesrvm.basic.core.bytecode.TestClassHierarchy.A,0,3.0,0.0
test.org.jikesrvm.basic.core.bytecode.data.SubClassInDifferentPackage.P_H,0,3.0,0.0
org.jikesrvm.compilers.common.CompiledMethods.Comparator,0,4.0,0.0
org.jikesrvm.Callbacks.DefineClassMonitor,0,3.0,0.0
org.jikesrvm.Callbacks.AppStartMonitor,0,3.0,0.0
org.jikesrvm.Callbacks.ClassResolvedMonitor,0,3.0,0.0
org.jikesrvm.Callbacks.ClassInstantiatedMonitor,0,3.0,0.0
org.jikesrvm.ia32.RegisterConstants.MachineRegister,0,3.0,0.0
org.jikesrvm.Callbacks.StartupMonitor,0,3.0,0.0
org.jikesrvm.adaptive.measurements.Decayable,0,3.0,0.0
org.jikesrvm.opt.OPT_SpaceEffGraphNode.GraphEdgeEnumeration,0,3.0,0.0
org.jikesrvm.Callbacks.ExitMonitor,0,3.0,0.0
org.jikesrvm.adaptive.runtimeMeasurements.VM_Decayable,0,3.0,0.0
org.jikesrvm.compilers.opt.driver.ppc.MIROptimizationPlanner.IRPrinter_1,0,4.0,0.0
org.jikesrvm.opt.ppc.OPT_MIROptimizationPlanner.OPT_IRPrinter,0,4.0,0.0
org.jikesrvm.compilers.opt.driver.OptimizationPlanner.,0,4.0,0.0
org.jikesrvm.Callbacks.MethodOverrideMonitor,0,3.0,0.0
