org.eclipse.jdt.core.util.OpcodeStringValues,1,0.0,1
org.eclipse.jdt.internal.core.AnnotationInfo,0,0.0,1
org.eclipse.jdt.core.util.ClassFileBytesDisassembler,0,0.0,1
org.eclipse.jdt.internal.compiler.parser.Parser,4,0.0,1
org.eclipse.jdt.core.search.TypeNameMatchRequestor,0,0.0,1
org.eclipse.jdt.internal.core.ImportDeclarationElementInfo,0,0.0,1
org.eclipse.jdt.internal.core.TypeParameterElementInfo,0,0.0,1
org.eclipse.jdt.internal.core.InitializerElementInfo,0,0.0,1
org.eclipse.jdt.internal.compiler.codegen.Label,0,3.0,0.105871568527
org.eclipse.jdt.core.formatter.CodeFormatter,0,3.0,0.0924716725052
org.eclipse.jdt.core.dom.BindingComparator,0,3.0,0.0555159290603
org.eclipse.jdt.internal.core.JarPackageFragmentInfo,0,3.0,0.0330829642221
org.eclipse.jdt.internal.core.XMLWriter,0,3.0,0.0305895672279
org.eclipse.jdt.core.search.PackageDeclarationMatch,0,3.0,0.0293287852657
org.eclipse.jdt.core.search.FieldDeclarationMatch,0,3.0,0.0293287852657
org.eclipse.jdt.internal.core.search.matching.DeclarationOfReferencedMethodsPattern,1,7.0,0.0268823193395
org.eclipse.jdt.internal.core.NullBuffer,0,3.0,0.0265544899321
org.eclipse.jdt.core.compiler.CategorizedProblem,0,6.0,0.0249084467281
org.eclipse.jdt.core.search.TypeNameRequestor,0,3.0,0.0245253552097
org.eclipse.jdt.internal.core.builder.AdditionalTypeCollection,1,4.0,0.0233351651364
org.eclipse.jdt.core.JDTCompilerAdapter,0,21.0,0.0216624777416
org.eclipse.jdt.internal.core.search.matching.InternalReferenceMatch,1,6.0,0.020983634494
org.eclipse.jdt.internal.formatter.AbortFormatting,0,4.0,0.0196391410667
org.eclipse.jdt.internal.compiler.problem.AbortCompilationUnit,0,4.0,0.0183189907766
org.eclipse.jdt.internal.compiler.codegen.CachedIndexEntry,0,4.0,0.0173722476222
org.eclipse.jdt.internal.core.util.Messages,1,6.0,0.0168602455344
org.eclipse.jdt.core.util.CompilationUnitSorter,0,19.0,0.01651321384
org.eclipse.jdt.internal.core.search.PathCollector,0,12.0,0.0156969537539
org.eclipse.jdt.internal.formatter.FormatJavadocReference,0,10.0,0.0156607454847
org.eclipse.jdt.internal.eval.InstallException,0,3.0,0.0149889858057
org.eclipse.jdt.internal.core.search.matching.PackageDeclarationPattern,1,17.0,0.0146497206467
org.eclipse.jdt.core.search.MethodReferenceMatch,1,13.0,0.0139292483054
org.eclipse.jdt.core.jdom.DOMException,0,3.0,0.0132544653435
org.eclipse.jdt.internal.codeassist.select.SelectionNodeFound,0,4.0,0.0127532573155
org.eclipse.jdt.internal.core.OpenableElementInfo,0,6.0,0.0119495244249
org.eclipse.jdt.internal.core.SetClasspathOperation,1,44.0,0.0116425161678
org.eclipse.jdt.internal.compiler.problem.ShouldNotImplement,0,3.0,0.0114026134916
org.eclipse.jdt.core.search.TypeReferenceMatch,2,16.0,0.010918434499
org.eclipse.jdt.internal.core.search.matching.TypeReferencePattern,1,54.0,0.00949944854719
org.eclipse.jdt.core.ElementChangedEvent,0,10.0,0.00899616757887
org.eclipse.jdt.internal.codeassist.complete.InvalidCursorLocation,0,3.0,0.00893762886769
org.eclipse.jdt.internal.compiler.lookup.ParameterizedFieldBinding,0,24.0,0.00799792450778
org.eclipse.jdt.core.dom.ASTMatcher,0,52.0,0.00786670796855
org.eclipse.jdt.internal.codeassist.select.SelectionOnFieldType,0,10.0,0.00761299824302
org.eclipse.jdt.internal.core.search.AbstractSearchScope,0,12.0,0.00734281080912
org.eclipse.jdt.internal.formatter.OptimizedReplaceEdit,0,8.0,0.00658679266309
org.eclipse.jdt.internal.core.dom.rewrite.LineInformation,0,10.0,0.00652977764557
org.eclipse.jdt.internal.core.MoveElementsOperation,0,9.0,0.00652490112912
org.eclipse.jdt.internal.eval.CodeSnippetEnvironment,0,17.0,0.00652389802735
org.eclipse.jdt.internal.compiler.batch.ClasspathLocation,0,15.0,0.00601004305705
org.eclipse.jdt.internal.codeassist.complete.CompletionOnPackageReference,0,12.0,0.00594876753986
org.eclipse.jdt.internal.compiler.lookup.ParameterizedMethodBinding,0,34.0,0.00586876515784
org.eclipse.jdt.internal.codeassist.select.SelectionOnImportReference,0,12.0,0.00586476216352
org.eclipse.jdt.internal.core.MemberValuePair,0,26.0,0.00556737201543
org.eclipse.jdt.internal.codeassist.complete.CompletionOnMethodTypeParameter,0,22.0,0.00531474161011
org.eclipse.jdt.core.dom.Type,0,24.0,0.00501603637383
org.eclipse.jdt.internal.codeassist.complete.CompletionOnSingleNameReference,0,17.0,0.00484302434256
org.eclipse.jdt.core.ToolFactory,0,63.0,0.00476204361825
org.eclipse.jdt.internal.codeassist.complete.CompletionOnKeyword2,0,18.0,0.0046979723715
org.eclipse.jdt.core.dom.BindingResolver,0,105.0,0.00426527119511
org.eclipse.jdt.internal.compiler.ast.ImportReference,0,35.0,0.00405435807789
org.eclipse.jdt.internal.core.ClasspathAccessRule,0,27.0,0.00404949559265
org.eclipse.jdt.internal.compiler.classfmt.FieldInfoWithAnnotation,0,40.0,0.0040310505256
org.eclipse.jdt.internal.compiler.lookup.VariableBinding,0,35.0,0.00372648326506
org.eclipse.jdt.internal.codeassist.complete.CompletionOnFieldType,0,14.0,0.00368087561878
org.eclipse.jdt.internal.compiler.ast.SingleTypeReference,0,63.0,0.0035593308695
org.eclipse.jdt.internal.core.search.indexing.InternalSearchDocument,1,16.0,0.00350579938659
org.eclipse.jdt.internal.core.search.matching.FieldPattern,1,63.0,0.00344848427139
org.eclipse.jdt.internal.core.ExternalJavaProject,0,29.0,0.00342086964981
org.eclipse.jdt.internal.compiler.flow.InsideSubRoutineFlowContext,0,27.0,0.00335175114627
org.eclipse.jdt.internal.core.ResolvedSourceMethod,0,23.0,0.0033086950527
org.eclipse.jdt.internal.core.ResolvedSourceField,0,23.0,0.0033086950527
org.eclipse.jdt.internal.core.search.matching.QualifiedTypeDeclarationPattern,1,100.0,0.0032862767827
org.eclipse.jdt.internal.core.search.matching.ImportMatchLocatorParser,0,28.0,0.00325223187521
org.eclipse.jdt.internal.formatter.comment.Java2HTMLEntityReader,0,50.0,0.00322787904041
org.eclipse.jdt.core.dom.EmptyStatement,0,29.0,0.00320356562474
org.eclipse.jdt.core.formatter.DefaultCodeFormatterConstants,2,177.0,0.00317080948806
org.eclipse.jdt.internal.core.LRUCacheEnumerator,0,11.0,0.00315150547576
org.eclipse.jdt.internal.compiler.flow.SwitchFlowContext,0,23.0,0.00310232127566
org.eclipse.jdt.internal.codeassist.complete.CompletionNodeDetector,0,29.0,0.00308388608644
org.eclipse.jdt.internal.core.search.matching.SuperTypeNamesCollector,0,162.0,0.00301181609482
org.eclipse.jdt.internal.core.util.ParameterAnnotation,0,25.0,0.00293338995523
org.eclipse.jdt.core.dom.SimplePropertyDescriptor,0,14.0,0.0028654828065
org.eclipse.jdt.internal.compiler.ast.JavadocReturnStatement,0,29.0,0.0027962279463
org.eclipse.jdt.internal.codeassist.complete.CompletionOnFieldName,0,20.0,0.00279121380894
org.eclipse.jdt.core.dom.Comment,0,24.0,0.00273801194597
org.eclipse.jdt.internal.core.dom.NaiveASTFlattener,0,48.0,0.00267671192443
org.eclipse.jdt.internal.core.dom.rewrite.NodeInfoStore,0,74.0,0.0026424249458
org.eclipse.jdt.internal.core.util.StackMapAttribute,0,33.0,0.00262746392738
org.eclipse.jdt.core.dom.Modifier,0,96.0,0.00261717953793
org.eclipse.jdt.core.dom.AnonymousClassDeclaration,0,53.0,0.0026135437712
org.eclipse.jdt.internal.compiler.lookup.ImportBinding,0,21.0,0.00259286443576
org.eclipse.jdt.internal.compiler.ast.ArrayQualifiedTypeReference,0,62.0,0.00257533610978
org.eclipse.jdt.internal.core.util.EnclosingMethodAttribute,0,50.0,0.00257299307133
org.eclipse.jdt.internal.core.search.indexing.SaveIndex,0,30.0,0.00256111789921
org.eclipse.jdt.internal.core.search.matching.TypeParameterPattern,0,61.0,0.00254784280129
org.eclipse.jdt.internal.compiler.parser.SourceTypeConverter,0,209.0,0.00254406702819
org.eclipse.jdt.internal.codeassist.complete.CompletionOnArgumentName,0,27.0,0.00250057338497
org.eclipse.jdt.internal.compiler.classfmt.AnnotationMethodInfoWithAnnotations,0,26.0,0.00247252843864
org.eclipse.jdt.internal.core.Initializer,0,67.0,0.00245355017341
org.eclipse.jdt.internal.codeassist.select.SelectionOnSuperReference,0,16.0,0.0024493701128
org.eclipse.jdt.internal.compiler.env.AccessRule,0,39.0,0.00242653868078
org.eclipse.jdt.internal.compiler.ast.NormalAnnotation,0,45.0,0.00242352941428
org.eclipse.jdt.internal.compiler.ast.JavadocMessageSend,0,174.0,0.00241076717
org.eclipse.jdt.internal.codeassist.complete.CompletionOnMessageSendName,0,44.0,0.00240613523275
org.eclipse.jdt.internal.core.search.matching.TypeDeclarationPattern,1,240.0,0.00239981221164
org.eclipse.jdt.internal.compiler.ast.JavadocAllocationExpression,0,142.0,0.00237517762851
org.eclipse.jdt.internal.compiler.ConfigurableOption,0,117.0,0.00235465784845
org.eclipse.jdt.internal.core.ClasspathAttribute,0,21.0,0.00233322483518
org.eclipse.jdt.internal.core.util.LocalVariableTypeTableEntry,0,38.0,0.00232911371335
org.eclipse.jdt.internal.core.JavaElementInfo,0,47.0,0.00232530008586
org.eclipse.jdt.internal.compiler.lookup.MissingTypeBinding,0,34.0,0.00229775421526
org.eclipse.jdt.internal.formatter.align.AlignmentException,0,21.0,0.00229741958166
org.eclipse.jdt.internal.core.Annotation,1,56.0,0.00227573461315
org.eclipse.jdt.internal.compiler.classfmt.AnnotationMethodInfo,0,95.0,0.00226021527484
org.eclipse.jdt.internal.eval.CodeSnippetTypeDeclaration,0,56.0,0.00223671891359
org.eclipse.jdt.internal.codeassist.select.SelectionOnLocalName,0,24.0,0.00223550635736
org.eclipse.jdt.internal.compiler.ast.Reference,1,42.0,0.0021981885684
org.eclipse.jdt.internal.compiler.ast.Argument,0,132.0,0.00218444127976
org.eclipse.jdt.internal.core.search.matching.InternalSearchPattern,1,64.0,0.00216186378638
org.eclipse.jdt.internal.compiler.lookup.SignatureWrapper,0,47.0,0.00213535770875
org.eclipse.jdt.internal.core.dom.rewrite.ASTRewriteFlattener,0,92.0,0.00213057683268
org.eclipse.jdt.internal.compiler.lookup.AnnotationHolder,0,32.0,0.0021146739714
org.eclipse.jdt.internal.core.search.matching.TypeParameterLocator,1,57.0,0.00206574973548
org.eclipse.jdt.internal.codeassist.InternalCompletionContext,1,48.0,0.00206448009629
org.eclipse.jdt.internal.core.index.MemoryIndex,0,99.0,0.00204392198927
org.eclipse.jdt.core.dom.Annotation,0,53.0,0.00203577845611
org.eclipse.jdt.internal.core.BufferFactoryWrapper,0,23.0,0.00203116672848
org.eclipse.jdt.core.dom.CompilationUnit,0,344.0,0.0020214084485
org.eclipse.jdt.internal.core.search.indexing.IndexBinaryFolder,0,122.0,0.00202081143711
org.eclipse.jdt.internal.compiler.lookup.UnresolvedAnnotationBinding,1,37.0,0.00201737244991
org.eclipse.jdt.internal.compiler.classfmt.MethodInfoWithAnnotations,0,35.0,0.0019962463152
org.eclipse.jdt.internal.core.ReconcileWorkingCopyOperation,0,190.0,0.00198389217374
org.eclipse.jdt.internal.core.util.CodeSnippetParsingUtil,0,152.0,0.00197587080389
org.eclipse.jdt.core.dom.BlockComment,0,31.0,0.00197025597942
org.eclipse.jdt.core.dom.LineComment,0,31.0,0.00197025597942
org.eclipse.jdt.internal.core.util.ClassFileAttribute,0,18.0,0.00196645877709
org.eclipse.jdt.internal.compiler.ast.PrefixExpression,0,28.0,0.00195504003054
org.eclipse.jdt.internal.core.eval.EvaluationContextWrapper,0,195.0,0.00195467405055
org.eclipse.jdt.internal.codeassist.select.SelectionOnExplicitConstructorCall,0,34.0,0.00194485088942
org.eclipse.jdt.internal.compiler.lookup.LocalVariableBinding,0,177.0,0.00194464106907
org.eclipse.jdt.internal.codeassist.select.SelectionOnQualifiedTypeReference,0,38.0,0.00193388083854
org.eclipse.jdt.core.dom.TypeDeclaration,0,303.0,0.0019302111308
org.eclipse.jdt.core.dom.PackageBinding,0,155.0,0.00187200726266
org.eclipse.jdt.core.CompletionRequestor,0,79.0,0.00187067105337
org.eclipse.jdt.internal.core.SourceRefElement,0,171.0,0.00186671471097
org.eclipse.jdt.core.dom.SingleVariableDeclaration,0,257.0,0.00181743561181
org.eclipse.jdt.internal.core.JavaModelCache,1,166.0,0.00181426556147
org.eclipse.jdt.internal.compiler.problem.DefaultProblemFactory,0,126.0,0.00181410684066
org.eclipse.jdt.internal.core.BatchOperation,0,28.0,0.00179778626538
org.eclipse.jdt.internal.compiler.ast.QualifiedThisReference,0,76.0,0.00179465237407
org.eclipse.jdt.internal.compiler.problem.DefaultProblem,0,164.0,0.00178914362625
org.eclipse.jdt.internal.compiler.ast.ReturnStatement,1,217.0,0.00178548571665
org.eclipse.jdt.core.dom.MethodDeclaration,0,319.0,0.00177246207102
org.eclipse.jdt.internal.core.CreateElementInCUOperation,0,142.0,0.00175866110896
org.eclipse.jdt.internal.core.util.Annotation,0,42.0,0.00173009264921
org.eclipse.jdt.core.dom.SimpleName,0,124.0,0.0017258300896
org.eclipse.jdt.internal.core.dom.rewrite.LineCommentEndOffsets,0,51.0,0.00170167889867
org.eclipse.jdt.internal.core.search.matching.TypeReferenceLocator,2,343.0,0.00169938424296
org.eclipse.jdt.internal.compiler.lookup.PackageBinding,4,136.0,0.00169494412519
org.eclipse.jdt.internal.core.search.matching.ConstructorPattern,1,154.0,0.00168344001522
org.eclipse.jdt.internal.formatter.old.CodeFormatter,0,131.0,0.00168291040002
org.eclipse.jdt.internal.core.builder.ClasspathJar,0,108.0,0.00168281949444
org.eclipse.jdt.internal.core.eval.GlobalVariableWrapper,0,17.0,0.00168005824988
org.eclipse.jdt.internal.compiler.ast.CastExpression,1,431.0,0.00167701438791
org.eclipse.jdt.internal.compiler.lookup.MethodScope,1,378.0,0.0016740913711
org.eclipse.jdt.internal.core.hierarchy.RegionBasedHierarchyBuilder,0,156.0,0.00165873120546
org.eclipse.jdt.core.dom.AnnotationBinding,2,190.0,0.00165798895122
org.eclipse.jdt.core.dom.ASTParser,1,426.0,0.00164502324133
org.eclipse.jdt.internal.core.builder.NameEnvironment,0,271.0,0.00163685417823
org.eclipse.jdt.internal.core.BasicCompilationUnit,0,71.0,0.00163562499316
org.eclipse.jdt.internal.eval.GlobalVariable,0,26.0,0.00163540682023
org.eclipse.jdt.internal.core.JavaElement,1,505.0,0.00162986174786
org.eclipse.jdt.internal.compiler.ast.NameReference,0,34.0,0.00160638039341
org.eclipse.jdt.core.dom.MethodBinding,0,290.0,0.00159932208667
org.eclipse.jdt.internal.core.UserLibraryManager,0,128.0,0.00159062092681
org.eclipse.jdt.internal.codeassist.impl.AssistSourceMethod,0,44.0,0.00158992307485
org.eclipse.jdt.internal.eval.CodeSnippetToCuMapper,0,233.0,0.00158952550106
org.eclipse.jdt.internal.compiler.classfmt.MethodInfo,0,392.0,0.00158906083137
org.eclipse.jdt.internal.compiler.ast.ArrayReference,0,158.0,0.00158875682877
org.eclipse.jdt.internal.core.SourceMethod,0,222.0,0.00158375239078
org.eclipse.jdt.internal.compiler.lookup.ElementValuePair,0,28.0,0.00157187003855
org.eclipse.jdt.internal.compiler.batch.ClasspathJar,1,155.0,0.0015716387597
org.eclipse.jdt.internal.compiler.ast.ParameterizedSingleTypeReference,1,244.0,0.00156111152052
org.eclipse.jdt.internal.compiler.ast.SynchronizedStatement,0,158.0,0.00156105316157
org.eclipse.jdt.internal.compiler.batch.CompilationUnit,0,50.0,0.00155882232429
org.eclipse.jdt.internal.core.search.HierarchyScope,0,240.0,0.00154800662645
org.eclipse.jdt.internal.codeassist.complete.CompletionOnMessageSend,0,41.0,0.00154207141829
org.eclipse.jdt.internal.core.search.matching.PackageReferenceLocator,3,256.0,0.00153454718223
org.eclipse.jdt.internal.compiler.lookup.FieldBinding,3,251.0,0.00153283211995
org.eclipse.jdt.internal.core.BinaryTypeConverter,0,216.0,0.00152811635219
org.eclipse.jdt.internal.core.CreateFieldOperation,0,77.0,0.00150699386406
org.eclipse.jdt.internal.core.SetContainerOperation,0,167.0,0.00149109773438
org.eclipse.jdt.internal.core.search.matching.ConstructorLocator,1,222.0,0.00146623117373
org.eclipse.jdt.internal.core.search.indexing.SourceIndexerRequestor,0,235.0,0.00146091086078
org.eclipse.jdt.internal.core.search.indexing.AddJarFileToIndex,1,195.0,0.00145278240875
org.eclipse.jdt.internal.compiler.ast.ASTNode,1,484.0,0.00144601526827
org.eclipse.jdt.internal.core.ClassFile,0,549.0,0.00144520684802
org.eclipse.jdt.internal.core.util.CommentRecorderParser,1,193.0,0.0014350237565
org.eclipse.jdt.internal.compiler.ast.QualifiedAllocationExpression,1,414.0,0.00140696129575
org.eclipse.jdt.internal.compiler.lookup.BlockScope,1,546.0,0.00139486050191
org.eclipse.jdt.internal.compiler.util.SimpleSetOfCharArray,0,103.0,0.00138104349143
org.eclipse.jdt.internal.compiler.util.SimpleSet,0,103.0,0.0013756821428
org.eclipse.jdt.internal.compiler.ast.TypeDeclaration,3,624.0,0.0013733602466
org.eclipse.jdt.internal.eval.EvaluationContext,0,332.0,0.00137015209665
org.eclipse.jdt.internal.core.util.MementoTokenizer,0,80.0,0.00136563151396
org.eclipse.jdt.core.BindingKey,0,82.0,0.00136093210992
org.eclipse.jdt.internal.compiler.ast.SwitchStatement,1,334.0,0.00135415181897
org.eclipse.jdt.internal.core.util.HashSetOfArray,0,109.0,0.00134726403743
org.eclipse.jdt.internal.compiler.ast.AnnotationMethodDeclaration,0,128.0,0.00134451180633
org.eclipse.jdt.internal.compiler.ast.NullLiteral,0,32.0,0.00133797255083
org.eclipse.jdt.internal.core.MovePackageFragmentRootOperation,0,231.0,0.00133679194217
org.eclipse.jdt.internal.core.CreateTypeOperation,0,62.0,0.00131749424418
org.eclipse.jdt.internal.compiler.ast.FalseLiteral,0,38.0,0.00130705328308
org.eclipse.jdt.internal.codeassist.ThrownExceptionFinder,0,75.0,0.001299256349
org.eclipse.jdt.internal.core.search.indexing.IndexManager,3,644.0,0.0012937402188
org.eclipse.jdt.internal.core.builder.AbstractImageBuilder,2,639.0,0.00129238877195
org.eclipse.jdt.internal.core.search.indexing.AddFolderToIndex,0,79.0,0.00128294750802
org.eclipse.jdt.internal.codeassist.InternalCompletionProposal,1,127.0,0.00128276407298
org.eclipse.jdt.internal.core.JavaElementDelta,0,485.0,0.00128217943364
org.eclipse.jdt.internal.compiler.classfmt.AnnotationInfo,0,316.0,0.00128215512475
org.eclipse.jdt.core.dom.RecoveredTypeBinding,0,402.0,0.00126883113069
org.eclipse.jdt.internal.compiler.ast.ForeachStatement,2,451.0,0.00126753410001
org.eclipse.jdt.internal.compiler.ast.AND_AND_Expression,0,230.0,0.0012642888264
org.eclipse.jdt.internal.eval.CodeSnippetAllocationExpression,1,184.0,0.00125497188857
org.eclipse.jdt.core.dom.ArrayInitializer,0,45.0,0.00124631264277
org.eclipse.jdt.internal.core.hierarchy.HierarchyResolver,0,629.0,0.00124554113943
org.eclipse.jdt.internal.compiler.ast.ForStatement,0,343.0,0.00124549299586
org.eclipse.jdt.internal.compiler.classfmt.InnerClassInfo,0,72.0,0.00121388700272
org.eclipse.jdt.core.dom.StructuralPropertyDescriptor,0,44.0,0.00121268829313
org.eclipse.jdt.core.dom.TypeDeclarationStatement,0,123.0,0.00120463410855
org.eclipse.jdt.internal.core.ExternalFoldersManager,3,192.0,0.00120434760017
org.eclipse.jdt.internal.core.util.Disassembler,1,629.0,0.00119465888786
org.eclipse.jdt.internal.compiler.parser.RecoveredInitializer,0,166.0,0.00118552069829
org.eclipse.jdt.internal.compiler.util.HashtableOfLong,0,74.0,0.00117398351545
org.eclipse.jdt.internal.core.jdom.CompilationUnit,0,30.0,0.00116938117381
org.eclipse.jdt.internal.core.JavaElementDeltaBuilder,0,354.0,0.00116192849258
org.eclipse.jdt.internal.core.SourceTypeElementInfo,0,193.0,0.00116110796094
org.eclipse.jdt.internal.core.util.ToStringSorter,0,42.0,0.00115028815449
org.eclipse.jdt.internal.compiler.codegen.StackMapFrameCodeStream,2,395.0,0.00114207892274
org.eclipse.jdt.internal.core.util.KeyToSignature,0,258.0,0.00113188588039
org.eclipse.jdt.internal.core.BinaryType,1,698.0,0.00112843149247
org.eclipse.jdt.internal.core.SelectionRequestor,0,781.0,0.00112415495693
org.eclipse.jdt.internal.core.NonJavaResource,0,77.0,0.00111886702782
org.eclipse.jdt.internal.formatter.comment.SingleCommentLine,0,48.0,0.00111865858355
org.eclipse.jdt.internal.compiler.parser.RecoveredMethod,0,409.0,0.00111777511472
org.eclipse.jdt.internal.core.builder.StringSet,0,56.0,0.00110709216341
org.eclipse.jdt.core.dom.AST,0,804.0,0.00109034351141
org.eclipse.jdt.internal.core.PackageFragmentRootInfo,0,110.0,0.00107719939514
org.eclipse.jdt.core.dom.PackageDeclaration,0,130.0,0.00105731874081
org.eclipse.jdt.internal.core.jdom.DOMType,0,419.0,0.00105251929115
org.eclipse.jdt.internal.core.JarPackageFragment,0,127.0,0.00104891129174
org.eclipse.jdt.internal.core.search.matching.JavaSearchPattern,1,306.0,0.00104457390125
org.eclipse.jdt.internal.core.hierarchy.HierarchyBinaryType,0,154.0,0.00104393976651
org.eclipse.jdt.internal.core.util.SimpleDocument,0,145.0,0.00103804902737
org.eclipse.jdt.internal.compiler.lookup.MethodBinding,3,724.0,0.0010365788494
org.eclipse.jdt.internal.compiler.lookup.NestedTypeBinding,1,115.0,0.00103601785598
org.eclipse.jdt.core.dom.CharacterLiteral,1,220.0,0.00103510894411
org.eclipse.jdt.internal.compiler.lookup.SyntheticMethodBinding,2,166.0,0.00102943480553
org.eclipse.jdt.internal.codeassist.complete.CompletionOnSingleTypeReference,0,63.0,0.00101313631872
org.eclipse.jdt.internal.core.builder.State,1,560.0,0.00101209728805
org.eclipse.jdt.internal.compiler.batch.ClasspathDirectory,0,136.0,0.00101196258142
org.eclipse.jdt.internal.codeassist.complete.CompletionOnJavadocTag,1,115.0,0.000968460422695
org.eclipse.jdt.internal.core.util.ExceptionTableEntry,0,28.0,0.00096516515874
org.eclipse.jdt.internal.compiler.ast.TryStatement,3,784.0,0.000960855710492
org.eclipse.jdt.internal.compiler.util.HashtableOfInt,0,71.0,0.000949035291098
org.eclipse.jdt.internal.core.util.MethodInfo,0,123.0,0.000948719526885
org.eclipse.jdt.internal.compiler.lookup.ParameterizedTypeBinding,2,866.0,0.000944908771391
org.eclipse.jdt.internal.compiler.ast.DoubleLiteral,0,85.0,0.000935255844935
org.eclipse.jdt.core.dom.ASTRecoveryPropagator,0,261.0,0.000933404011951
org.eclipse.jdt.internal.compiler.lookup.BinaryTypeBinding,1,947.0,0.000926773669977
org.eclipse.jdt.internal.compiler.impl.ShortConstant,0,37.0,0.000904703316383
org.eclipse.jdt.internal.core.dom.rewrite.ASTRewriteAnalyzer,2,907.0,0.000901512821819
org.eclipse.jdt.core.Signature,1,841.0,0.00090081628409
org.eclipse.jdt.core.dom.MarkerAnnotation,0,54.0,0.000875266533184
org.eclipse.jdt.internal.eval.CodeSnippetReturnStatement,1,101.0,0.000872423845229
org.eclipse.jdt.internal.core.jdom.DOMImport,0,62.0,0.000867091158331
org.eclipse.jdt.internal.compiler.lookup.CaptureBinding,0,210.0,0.000861920438839
org.eclipse.jdt.internal.core.dom.rewrite.ImportRewriteAnalyzer,1,606.0,0.000851480233752
org.eclipse.jdt.core.CompletionContext,1,123.0,0.000850143821883
org.eclipse.jdt.internal.compiler.parser.JavadocParser,3,795.0,0.00084783284395
org.eclipse.jdt.internal.eval.CodeSnippetSingleNameReference,2,591.0,0.000840173528142
org.eclipse.jdt.internal.eval.Evaluator,0,104.0,0.000826931705515
org.eclipse.jdt.internal.compiler.lookup.MethodVerifier,3,736.0,0.000823513130778
org.eclipse.jdt.internal.core.InternalNamingConventions,2,377.0,0.000809697901465
org.eclipse.jdt.internal.compiler.parser.TypeConverter,0,246.0,0.000782175690571
org.eclipse.jdt.internal.core.CreatePackageDeclarationOperation,0,57.0,0.000771674726662
org.eclipse.jdt.internal.compiler.util.HashtableOfObjectToIntArray,0,117.0,0.000752984139171
org.eclipse.jdt.internal.compiler.util.HashtableOfType,0,79.0,0.000741448510469
org.eclipse.jdt.internal.compiler.parser.RecoveryScanner,0,191.0,0.000739350798788
org.eclipse.jdt.internal.formatter.comment.CommentRegion,0,269.0,0.000730645264295
org.eclipse.jdt.internal.compiler.ast.SingleNameReference,6,787.0,0.000729305196866
org.eclipse.jdt.internal.core.SetVariablesOperation,0,152.0,0.000705814181718
org.eclipse.jdt.internal.codeassist.SelectionEngine,1,1189.0,0.000699583655554
org.eclipse.jdt.internal.eval.VariablesEvaluator,0,255.0,0.000692451429689
org.eclipse.jdt.internal.codeassist.complete.CompletionJavadocParser,0,768.0,0.000689056057174
org.eclipse.jdt.internal.core.util.WeakHashSetOfCharArray,0,144.0,0.000674896021415
org.eclipse.jdt.internal.compiler.util.FloatUtil,0,311.0,0.000663611723752
org.eclipse.jdt.internal.core.jdom.DOMCompilationUnit,0,89.0,0.00066173387397
org.eclipse.jdt.internal.compiler.ast.CombinedBinaryExpression,0,266.0,0.000654699345147
org.eclipse.jdt.internal.compiler.lookup.SourceTypeBinding,6,1461.0,0.000621390413619
org.eclipse.jdt.internal.compiler.codegen.VerificationTypeInfo,0,156.0,0.000616579059047
org.eclipse.jdt.core.dom.SimpleType,0,72.0,0.000612300199233
org.eclipse.jdt.core.dom.ExpressionStatement,0,72.0,0.000611876171596
org.eclipse.jdt.internal.formatter.CodeFormatterVisitor,2,1248.0,0.000605150975851
org.eclipse.jdt.internal.codeassist.select.SelectionParser,1,1189.0,0.000584530459766
org.eclipse.jdt.internal.compiler.codegen.IntegerCache,0,94.0,0.000547214543083
org.eclipse.jdt.internal.compiler.codegen.LongCache,0,94.0,0.000547214543083
org.eclipse.jdt.core.dom.AnnotationTypeDeclaration,0,98.0,0.000546628504685
org.eclipse.jdt.internal.core.jdom.AbstractDOMBuilder,0,82.0,0.000529585420274
org.eclipse.jdt.core.dom.TypeLiteral,0,72.0,0.000526251903232
org.eclipse.jdt.internal.compiler.codegen.StackMapFrame,0,325.0,0.000490593974733
org.eclipse.jdt.internal.core.util.LRUCache,0,276.0,0.000446018475166
org.eclipse.jdt.internal.compiler.flow.UnconditionalFlowInfo,0,1440.0,0.000432428781126
org.eclipse.jdt.internal.core.ModelUpdater,0,157.0,0.000415571378626
org.eclipse.jdt.core.dom.ConstructorInvocation,0,76.0,0.000409833533627
org.eclipse.jdt.internal.compiler.ast.BinaryExpression,0,1782.0,0.000375902778337
org.eclipse.jdt.internal.core.JavaModelManager,9,2475.0,0.000363088934721
org.eclipse.jdt.core.dom.SynchronizedStatement,0,106.0,0.00035622288322
org.eclipse.jdt.core.dom.LabeledStatement,0,107.0,0.000352893697396
org.eclipse.jdt.core.dom.TryStatement,0,108.0,0.000333892830576
org.eclipse.jdt.core.dom.ConditionalExpression,0,141.0,0.00033222398729
org.eclipse.jdt.internal.core.util.DefaultBytecodeVisitor,2,1585.0,0.000316957527352
org.eclipse.jdt.core.dom.CastExpression,0,106.0,0.000293842910902
org.eclipse.jdt.core.dom.CatchClause,0,107.0,0.000291096715473
org.eclipse.jdt.core.dom.TagElement,0,70.0,0.000276075440008
org.eclipse.jdt.internal.formatter.Scribe,9,3184.0,0.000273852748742
org.eclipse.jdt.internal.compiler.parser.Scanner,1,3449.0,0.000239931256904
org.eclipse.jdt.core.dom.MethodRefParameter,0,121.0,0.000231096592116
org.eclipse.jdt.internal.core.util.PublicScanner,0,3449.0,0.000212291114454
org.eclipse.jdt.internal.codeassist.complete.CompletionParser,1,4390.0,0.000184015098928
org.eclipse.jdt.internal.compiler.ClassFile,6,6113.0,0.000145758560724
