com.gargoylesoftware.htmlunit.SgmlPage,com.gargoylesoftware.htmlunit
com.gargoylesoftware.htmlunit.html.DomNamespaceNode,com.gargoylesoftware.htmlunit.html
com.gargoylesoftware.htmlunit.WebWindowImpl,com.gargoylesoftware.htmlunit
com.gargoylesoftware.htmlunit.html.DomNode,com.gargoylesoftware.htmlunit.html
com.gargoylesoftware.htmlunit.html.BaseFrame,com.gargoylesoftware.htmlunit.html
com.gargoylesoftware.htmlunit.javascript.PostponedAction,com.gargoylesoftware.htmlunit.javascript
com.gargoylesoftware.htmlunit.html.HtmlElement,com.gargoylesoftware.htmlunit.html
com.gargoylesoftware.htmlunit.html.HtmlInput,com.gargoylesoftware.htmlunit.html
com.gargoylesoftware.htmlunit.html.DomCharacterData,com.gargoylesoftware.htmlunit.html
com.gargoylesoftware.htmlunit.html.DoTypeProcessor,com.gargoylesoftware.htmlunit.html
com.gargoylesoftware.htmlunit.html.HtmlTableCell,com.gargoylesoftware.htmlunit.html
com.gargoylesoftware.htmlunit.html.TableRowGroup,com.gargoylesoftware.htmlunit.html
com.gargoylesoftware.htmlunit.html.NodeIterator,com.gargoylesoftware.htmlunit.html
com.gargoylesoftware.htmlunit.javascript.background.JavaScriptExecutionJob,com.gargoylesoftware.htmlunit.javascript.background
com.gargoylesoftware.htmlunit.javascript.background.JavaScriptJob,com.gargoylesoftware.htmlunit.javascript.background
com.gargoylesoftware.htmlunit.javascript.host.css.CSSStyleDeclaration.CssValue,com.gargoylesoftware.htmlunit.javascript.host.css,***
com.gargoylesoftware.htmlunit.javascript.SimpleScriptableProxy,com.gargoylesoftware.htmlunit.javascript
com.gargoylesoftware.htmlunit.javascript.JavaScriptEngine.HtmlUnitContextAction,com.gargoylesoftware.htmlunit.javascript,***
com.gargoylesoftware.htmlunit.util.FalsifyingWebConnection,com.gargoylesoftware.htmlunit.util
com.gargoylesoftware.htmlunit.WebTestCase,com.gargoylesoftware.htmlunit
com.gargoylesoftware.htmlunit.WebDriverTestCase,com.gargoylesoftware.htmlunit
com.gargoylesoftware.htmlunit.WebServerTestCase,com.gargoylesoftware.htmlunit
com.gargoylesoftware.htmlunit.util.ServletContentWrapper,com.gargoylesoftware.htmlunit.util
com.gargoylesoftware.htmlunit.libraries.JQueryTestBase,com.gargoylesoftware.htmlunit.libraries
com.gargoylesoftware.htmlunit.libraries.LibraryTestCase,com.gargoylesoftware.htmlunit.libraries
com.gargoylesoftware.htmlunit.libraries.PrototypeTestBase,com.gargoylesoftware.htmlunit.libraries
com.gargoylesoftware.htmlunit.AjaxController,com.gargoylesoftware.htmlunit
com.gargoylesoftware.htmlunit.html.HtmlPage,com.gargoylesoftware.htmlunit.html
com.gargoylesoftware.htmlunit.WebRequestSettings,com.gargoylesoftware.htmlunit
com.gargoylesoftware.htmlunit.attachment.Attachment,com.gargoylesoftware.htmlunit.attachment
com.gargoylesoftware.htmlunit.attachment.CollectingAttachmentHandler,com.gargoylesoftware.htmlunit.attachment
com.gargoylesoftware.htmlunit.WebAssert,com.gargoylesoftware.htmlunit
com.gargoylesoftware.htmlunit.BrowserVersion,com.gargoylesoftware.htmlunit
com.gargoylesoftware.htmlunit.PluginConfiguration,com.gargoylesoftware.htmlunit
com.gargoylesoftware.htmlunit.BrowserVersionFeatures,com.gargoylesoftware.htmlunit
com.gargoylesoftware.htmlunit.PluginConfiguration.MimeType,com.gargoylesoftware.htmlunit,***
com.gargoylesoftware.htmlunit.Cache,com.gargoylesoftware.htmlunit
com.gargoylesoftware.htmlunit.Cache.Entry,com.gargoylesoftware.htmlunit,***
com.gargoylesoftware.htmlunit.HttpMethod,com.gargoylesoftware.htmlunit
com.gargoylesoftware.htmlunit.util.StringUtils,com.gargoylesoftware.htmlunit.util
com.gargoylesoftware.htmlunit.CollectingAlertHandler,com.gargoylesoftware.htmlunit
com.gargoylesoftware.htmlunit.CookieManager,com.gargoylesoftware.htmlunit
com.gargoylesoftware.htmlunit.util.Cookie,com.gargoylesoftware.htmlunit.util
com.gargoylesoftware.htmlunit.DefaultCredentialsProvider,com.gargoylesoftware.htmlunit
com.gargoylesoftware.htmlunit.DefaultCredentialsProvider.AuthScopeProxy,com.gargoylesoftware.htmlunit,***
com.gargoylesoftware.htmlunit.DefaultCredentialsProvider.NTCredentialsExt,com.gargoylesoftware.htmlunit,***
com.gargoylesoftware.htmlunit.DefaultCredentialsProvider.UsernamePasswordCredentialsExt,com.gargoylesoftware.htmlunit,***
com.gargoylesoftware.htmlunit.DefaultCssErrorHandler,com.gargoylesoftware.htmlunit
com.gargoylesoftware.htmlunit.DefaultPageCreator,com.gargoylesoftware.htmlunit
com.gargoylesoftware.htmlunit.html.DomElement,com.gargoylesoftware.htmlunit.html
com.gargoylesoftware.htmlunit.html.HTMLParser,com.gargoylesoftware.htmlunit.html
com.gargoylesoftware.htmlunit.html.XHtmlPage,com.gargoylesoftware.htmlunit.html
com.gargoylesoftware.htmlunit.xml.XmlPage,com.gargoylesoftware.htmlunit.xml
com.gargoylesoftware.htmlunit.JavaScriptPage,com.gargoylesoftware.htmlunit
com.gargoylesoftware.htmlunit.TextPage,com.gargoylesoftware.htmlunit
com.gargoylesoftware.htmlunit.UnexpectedPage,com.gargoylesoftware.htmlunit
com.gargoylesoftware.htmlunit.DialogWindow,com.gargoylesoftware.htmlunit
com.gargoylesoftware.htmlunit.WebClient,com.gargoylesoftware.htmlunit
com.gargoylesoftware.htmlunit.ElementNotFoundException,com.gargoylesoftware.htmlunit
com.gargoylesoftware.htmlunit.FailingHttpStatusCodeException,com.gargoylesoftware.htmlunit
com.gargoylesoftware.htmlunit.FormEncodingType,com.gargoylesoftware.htmlunit
com.gargoylesoftware.htmlunit.History,com.gargoylesoftware.htmlunit
com.gargoylesoftware.htmlunit.util.UrlUtils,com.gargoylesoftware.htmlunit.util
com.gargoylesoftware.htmlunit.html.applets.AppletClassLoader,com.gargoylesoftware.htmlunit.html.applets
com.gargoylesoftware.htmlunit.html.applets.AppletContextImpl,com.gargoylesoftware.htmlunit.html.applets
com.gargoylesoftware.htmlunit.javascript.SimpleScriptable,com.gargoylesoftware.htmlunit.javascript
com.gargoylesoftware.htmlunit.javascript.host.Window,com.gargoylesoftware.htmlunit.javascript.host
com.gargoylesoftware.htmlunit.html.applets.AppletStubImpl,com.gargoylesoftware.htmlunit.html.applets
com.gargoylesoftware.htmlunit.html.HtmlApplet,com.gargoylesoftware.htmlunit.html
com.gargoylesoftware.htmlunit.javascript.JavaScriptEngine,com.gargoylesoftware.htmlunit.javascript
com.gargoylesoftware.htmlunit.html.FrameWindow,com.gargoylesoftware.htmlunit.html
com.gargoylesoftware.htmlunit.html.DomAttr,com.gargoylesoftware.htmlunit.html
com.gargoylesoftware.htmlunit.html.DefaultElementFactory,com.gargoylesoftware.htmlunit.html
com.gargoylesoftware.htmlunit.html.HtmlAbbreviated,com.gargoylesoftware.htmlunit.html
com.gargoylesoftware.htmlunit.html.HtmlAcronym,com.gargoylesoftware.htmlunit.html
com.gargoylesoftware.htmlunit.html.HtmlAddress,com.gargoylesoftware.htmlunit.html
com.gargoylesoftware.htmlunit.html.HtmlAnchor,com.gargoylesoftware.htmlunit.html
com.gargoylesoftware.htmlunit.html.HtmlArea,com.gargoylesoftware.htmlunit.html
com.gargoylesoftware.htmlunit.html.HtmlBackgroundSound,com.gargoylesoftware.htmlunit.html
com.gargoylesoftware.htmlunit.html.HtmlBase,com.gargoylesoftware.htmlunit.html
com.gargoylesoftware.htmlunit.html.HtmlBaseFont,com.gargoylesoftware.htmlunit.html
com.gargoylesoftware.htmlunit.html.HtmlBidirectionalOverride,com.gargoylesoftware.htmlunit.html
com.gargoylesoftware.htmlunit.html.HtmlBig,com.gargoylesoftware.htmlunit.html
com.gargoylesoftware.htmlunit.html.HtmlBlink,com.gargoylesoftware.htmlunit.html
com.gargoylesoftware.htmlunit.html.HtmlBlockQuote,com.gargoylesoftware.htmlunit.html
com.gargoylesoftware.htmlunit.html.HtmlBody,com.gargoylesoftware.htmlunit.html
com.gargoylesoftware.htmlunit.html.HtmlBold,com.gargoylesoftware.htmlunit.html
com.gargoylesoftware.htmlunit.html.HtmlBreak,com.gargoylesoftware.htmlunit.html
com.gargoylesoftware.htmlunit.html.HtmlButton,com.gargoylesoftware.htmlunit.html
com.gargoylesoftware.htmlunit.html.HtmlButtonInput,com.gargoylesoftware.htmlunit.html
com.gargoylesoftware.htmlunit.html.HtmlCanvas,com.gargoylesoftware.htmlunit.html
com.gargoylesoftware.htmlunit.html.HtmlCaption,com.gargoylesoftware.htmlunit.html
com.gargoylesoftware.htmlunit.html.HtmlCenter,com.gargoylesoftware.htmlunit.html
com.gargoylesoftware.htmlunit.html.HtmlCheckBoxInput,com.gargoylesoftware.htmlunit.html
com.gargoylesoftware.htmlunit.html.HtmlCitation,com.gargoylesoftware.htmlunit.html
com.gargoylesoftware.htmlunit.html.HtmlCode,com.gargoylesoftware.htmlunit.html
com.gargoylesoftware.htmlunit.html.HtmlDefinition,com.gargoylesoftware.htmlunit.html
com.gargoylesoftware.htmlunit.html.HtmlDefinitionDescription,com.gargoylesoftware.htmlunit.html
com.gargoylesoftware.htmlunit.html.HtmlDefinitionList,com.gargoylesoftware.htmlunit.html
com.gargoylesoftware.htmlunit.html.HtmlDefinitionTerm,com.gargoylesoftware.htmlunit.html
com.gargoylesoftware.htmlunit.html.HtmlDeletedText,com.gargoylesoftware.htmlunit.html
com.gargoylesoftware.htmlunit.html.HtmlDivision,com.gargoylesoftware.htmlunit.html
com.gargoylesoftware.htmlunit.html.HtmlEmbed,com.gargoylesoftware.htmlunit.html
com.gargoylesoftware.htmlunit.html.HtmlEmphasis,com.gargoylesoftware.htmlunit.html
com.gargoylesoftware.htmlunit.html.HtmlFieldSet,com.gargoylesoftware.htmlunit.html
com.gargoylesoftware.htmlunit.html.HtmlFileInput,com.gargoylesoftware.htmlunit.html
com.gargoylesoftware.htmlunit.html.HtmlFont,com.gargoylesoftware.htmlunit.html
com.gargoylesoftware.htmlunit.html.HtmlForm,com.gargoylesoftware.htmlunit.html
com.gargoylesoftware.htmlunit.html.HtmlFrame,com.gargoylesoftware.htmlunit.html
com.gargoylesoftware.htmlunit.html.HtmlFrameSet,com.gargoylesoftware.htmlunit.html
com.gargoylesoftware.htmlunit.html.HtmlHead,com.gargoylesoftware.htmlunit.html
com.gargoylesoftware.htmlunit.html.HtmlHeading1,com.gargoylesoftware.htmlunit.html
com.gargoylesoftware.htmlunit.html.HtmlHeading2,com.gargoylesoftware.htmlunit.html
com.gargoylesoftware.htmlunit.html.HtmlHeading3,com.gargoylesoftware.htmlunit.html
com.gargoylesoftware.htmlunit.html.HtmlHeading4,com.gargoylesoftware.htmlunit.html
com.gargoylesoftware.htmlunit.html.HtmlHeading5,com.gargoylesoftware.htmlunit.html
com.gargoylesoftware.htmlunit.html.HtmlHeading6,com.gargoylesoftware.htmlunit.html
com.gargoylesoftware.htmlunit.html.HtmlHiddenInput,com.gargoylesoftware.htmlunit.html
com.gargoylesoftware.htmlunit.html.HtmlHorizontalRule,com.gargoylesoftware.htmlunit.html
com.gargoylesoftware.htmlunit.html.HtmlHtml,com.gargoylesoftware.htmlunit.html
com.gargoylesoftware.htmlunit.html.HtmlImage,com.gargoylesoftware.htmlunit.html
com.gargoylesoftware.htmlunit.html.HtmlImageInput,com.gargoylesoftware.htmlunit.html
com.gargoylesoftware.htmlunit.html.HtmlInlineFrame,com.gargoylesoftware.htmlunit.html
com.gargoylesoftware.htmlunit.html.HtmlInlineQuotation,com.gargoylesoftware.htmlunit.html
com.gargoylesoftware.htmlunit.html.HtmlInsertedText,com.gargoylesoftware.htmlunit.html
com.gargoylesoftware.htmlunit.html.HtmlIsIndex,com.gargoylesoftware.htmlunit.html
com.gargoylesoftware.htmlunit.html.HtmlItalic,com.gargoylesoftware.htmlunit.html
com.gargoylesoftware.htmlunit.html.HtmlKeyboard,com.gargoylesoftware.htmlunit.html
com.gargoylesoftware.htmlunit.html.HtmlLabel,com.gargoylesoftware.htmlunit.html
com.gargoylesoftware.htmlunit.html.HtmlLegend,com.gargoylesoftware.htmlunit.html
com.gargoylesoftware.htmlunit.html.HtmlLink,com.gargoylesoftware.htmlunit.html
com.gargoylesoftware.htmlunit.html.HtmlListing,com.gargoylesoftware.htmlunit.html
com.gargoylesoftware.htmlunit.html.HtmlListItem,com.gargoylesoftware.htmlunit.html
com.gargoylesoftware.htmlunit.html.HtmlMap,com.gargoylesoftware.htmlunit.html
com.gargoylesoftware.htmlunit.html.HtmlMarquee,com.gargoylesoftware.htmlunit.html
com.gargoylesoftware.htmlunit.html.HtmlMenu,com.gargoylesoftware.htmlunit.html
com.gargoylesoftware.htmlunit.html.HtmlMeta,com.gargoylesoftware.htmlunit.html
com.gargoylesoftware.htmlunit.html.HtmlMultiColumn,com.gargoylesoftware.htmlunit.html
com.gargoylesoftware.htmlunit.html.HtmlNoBreak,com.gargoylesoftware.htmlunit.html
com.gargoylesoftware.htmlunit.html.HtmlNoEmbed,com.gargoylesoftware.htmlunit.html
com.gargoylesoftware.htmlunit.html.HtmlNoFrames,com.gargoylesoftware.htmlunit.html
com.gargoylesoftware.htmlunit.html.HtmlNoScript,com.gargoylesoftware.htmlunit.html
com.gargoylesoftware.htmlunit.html.HtmlObject,com.gargoylesoftware.htmlunit.html
com.gargoylesoftware.htmlunit.html.HtmlOption,com.gargoylesoftware.htmlunit.html
com.gargoylesoftware.htmlunit.html.HtmlOptionGroup,com.gargoylesoftware.htmlunit.html
com.gargoylesoftware.htmlunit.html.HtmlOrderedList,com.gargoylesoftware.htmlunit.html
com.gargoylesoftware.htmlunit.html.HtmlParagraph,com.gargoylesoftware.htmlunit.html
com.gargoylesoftware.htmlunit.html.HtmlParameter,com.gargoylesoftware.htmlunit.html
com.gargoylesoftware.htmlunit.html.HtmlPasswordInput,com.gargoylesoftware.htmlunit.html
com.gargoylesoftware.htmlunit.html.HtmlPlainText,com.gargoylesoftware.htmlunit.html
com.gargoylesoftware.htmlunit.html.HtmlPreformattedText,com.gargoylesoftware.htmlunit.html
com.gargoylesoftware.htmlunit.html.HtmlRadioButtonInput,com.gargoylesoftware.htmlunit.html
com.gargoylesoftware.htmlunit.html.HtmlResetInput,com.gargoylesoftware.htmlunit.html
com.gargoylesoftware.htmlunit.html.HtmlS,com.gargoylesoftware.htmlunit.html
com.gargoylesoftware.htmlunit.html.HtmlSample,com.gargoylesoftware.htmlunit.html
com.gargoylesoftware.htmlunit.html.HtmlScript,com.gargoylesoftware.htmlunit.html
com.gargoylesoftware.htmlunit.html.HtmlSelect,com.gargoylesoftware.htmlunit.html
com.gargoylesoftware.htmlunit.html.HtmlSmall,com.gargoylesoftware.htmlunit.html
com.gargoylesoftware.htmlunit.html.HtmlSpacer,com.gargoylesoftware.htmlunit.html
com.gargoylesoftware.htmlunit.html.HtmlSpan,com.gargoylesoftware.htmlunit.html
com.gargoylesoftware.htmlunit.html.HtmlStrike,com.gargoylesoftware.htmlunit.html
com.gargoylesoftware.htmlunit.html.HtmlStrong,com.gargoylesoftware.htmlunit.html
com.gargoylesoftware.htmlunit.html.HtmlStyle,com.gargoylesoftware.htmlunit.html
com.gargoylesoftware.htmlunit.html.HtmlSubmitInput,com.gargoylesoftware.htmlunit.html
com.gargoylesoftware.htmlunit.html.HtmlSubscript,com.gargoylesoftware.htmlunit.html
com.gargoylesoftware.htmlunit.html.HtmlSuperscript,com.gargoylesoftware.htmlunit.html
com.gargoylesoftware.htmlunit.html.HtmlTable,com.gargoylesoftware.htmlunit.html
com.gargoylesoftware.htmlunit.html.HtmlTableBody,com.gargoylesoftware.htmlunit.html
com.gargoylesoftware.htmlunit.html.HtmlTableColumn,com.gargoylesoftware.htmlunit.html
com.gargoylesoftware.htmlunit.html.HtmlTableColumnGroup,com.gargoylesoftware.htmlunit.html
com.gargoylesoftware.htmlunit.html.HtmlTableDataCell,com.gargoylesoftware.htmlunit.html
com.gargoylesoftware.htmlunit.html.HtmlTableFooter,com.gargoylesoftware.htmlunit.html
com.gargoylesoftware.htmlunit.html.HtmlTableHeader,com.gargoylesoftware.htmlunit.html
com.gargoylesoftware.htmlunit.html.HtmlTableHeaderCell,com.gargoylesoftware.htmlunit.html
com.gargoylesoftware.htmlunit.html.HtmlTableRow,com.gargoylesoftware.htmlunit.html
com.gargoylesoftware.htmlunit.html.HtmlTeletype,com.gargoylesoftware.htmlunit.html
com.gargoylesoftware.htmlunit.html.HtmlTextArea,com.gargoylesoftware.htmlunit.html
com.gargoylesoftware.htmlunit.html.HtmlDirectory,com.gargoylesoftware.htmlunit.html
com.gargoylesoftware.htmlunit.html.HtmlTextInput,com.gargoylesoftware.htmlunit.html
com.gargoylesoftware.htmlunit.html.HtmlTitle,com.gargoylesoftware.htmlunit.html
com.gargoylesoftware.htmlunit.html.HtmlUnderlined,com.gargoylesoftware.htmlunit.html
com.gargoylesoftware.htmlunit.html.HtmlUnorderedList,com.gargoylesoftware.htmlunit.html
com.gargoylesoftware.htmlunit.html.HtmlVariable,com.gargoylesoftware.htmlunit.html
com.gargoylesoftware.htmlunit.html.HtmlWordBreak,com.gargoylesoftware.htmlunit.html
com.gargoylesoftware.htmlunit.html.HtmlExample,com.gargoylesoftware.htmlunit.html
com.gargoylesoftware.htmlunit.html.DomCDataSection,com.gargoylesoftware.htmlunit.html
com.gargoylesoftware.htmlunit.html.DomText,com.gargoylesoftware.htmlunit.html
com.gargoylesoftware.htmlunit.html.DomChangeEvent,com.gargoylesoftware.htmlunit.html
com.gargoylesoftware.htmlunit.html.DomComment,com.gargoylesoftware.htmlunit.html
com.gargoylesoftware.htmlunit.html.DomDocumentFragment,com.gargoylesoftware.htmlunit.html
com.gargoylesoftware.htmlunit.html.DomDocumentType,com.gargoylesoftware.htmlunit.html
com.gargoylesoftware.htmlunit.html.NamedAttrNodeMapImpl,com.gargoylesoftware.htmlunit.html
com.gargoylesoftware.htmlunit.util.MapWrapper,com.gargoylesoftware.htmlunit.util
com.gargoylesoftware.htmlunit.html.XPathDomNodeList,com.gargoylesoftware.htmlunit.html
com.gargoylesoftware.htmlunit.html.xpath.XPathUtils,com.gargoylesoftware.htmlunit.html.xpath
com.gargoylesoftware.htmlunit.html.DomNode.ChildIterator,com.gargoylesoftware.htmlunit.html,***
com.gargoylesoftware.htmlunit.html.DomNode.DescendantElementsIterator,com.gargoylesoftware.htmlunit.html,***
com.gargoylesoftware.htmlunit.javascript.host.css.CSSStyleDeclaration,com.gargoylesoftware.htmlunit.javascript.host.css
com.gargoylesoftware.htmlunit.javascript.host.html.HTMLElement,com.gargoylesoftware.htmlunit.javascript.host.html
com.gargoylesoftware.htmlunit.html.HtmlSerializer,com.gargoylesoftware.htmlunit.html
com.gargoylesoftware.htmlunit.html.SiblingDomNodeList,com.gargoylesoftware.htmlunit.html
com.gargoylesoftware.htmlunit.html.DomProcessingInstruction,com.gargoylesoftware.htmlunit.html
com.gargoylesoftware.htmlunit.StringWebResponse,com.gargoylesoftware.htmlunit
com.gargoylesoftware.htmlunit.TextUtil,com.gargoylesoftware.htmlunit
com.gargoylesoftware.htmlunit.protocol.javascript.JavaScriptURLConnection,com.gargoylesoftware.htmlunit.protocol.javascript
com.gargoylesoftware.htmlunit.html.HtmlAttributeChangeEvent,com.gargoylesoftware.htmlunit.html
com.gargoylesoftware.htmlunit.util.NameValuePair,com.gargoylesoftware.htmlunit.util
com.gargoylesoftware.htmlunit.html.HtmlElement.ChildElementsIterator,com.gargoylesoftware.htmlunit.html,***
com.gargoylesoftware.htmlunit.ScriptResult,com.gargoylesoftware.htmlunit
com.gargoylesoftware.htmlunit.javascript.host.Event,com.gargoylesoftware.htmlunit.javascript.host
com.gargoylesoftware.htmlunit.javascript.host.EventHandler,com.gargoylesoftware.htmlunit.javascript.host
com.gargoylesoftware.htmlunit.javascript.host.KeyboardEvent,com.gargoylesoftware.htmlunit.javascript.host
com.gargoylesoftware.htmlunit.javascript.host.MouseEvent,com.gargoylesoftware.htmlunit.javascript.host
com.gargoylesoftware.htmlunit.javascript.host.Node,com.gargoylesoftware.htmlunit.javascript.host
com.gargoylesoftware.htmlunit.util.KeyDataPair,com.gargoylesoftware.htmlunit.util
com.gargoylesoftware.htmlunit.javascript.host.html.HTMLObjectElement,com.gargoylesoftware.htmlunit.javascript.host.html
com.gargoylesoftware.htmlunit.html.HtmlPage.JavaScriptLoadResult,com.gargoylesoftware.htmlunit.html,***
com.gargoylesoftware.htmlunit.ScriptException,com.gargoylesoftware.htmlunit
com.gargoylesoftware.htmlunit.TopLevelWindow,com.gargoylesoftware.htmlunit
com.gargoylesoftware.htmlunit.html.HTMLParser.HtmlUnitDOMBuilder,com.gargoylesoftware.htmlunit.html,***
com.gargoylesoftware.htmlunit.html.impl.SimpleRange,com.gargoylesoftware.htmlunit.html.impl
com.gargoylesoftware.htmlunit.html.XmlSerializer,com.gargoylesoftware.htmlunit.html
com.gargoylesoftware.htmlunit.html.HTMLErrorHandler,com.gargoylesoftware.htmlunit.html
com.gargoylesoftware.htmlunit.html.HTMLScannerForIE,com.gargoylesoftware.htmlunit.html
com.gargoylesoftware.htmlunit.html.HTMLScannerForIE.ContentScannerForIE,com.gargoylesoftware.htmlunit.html,***
com.gargoylesoftware.htmlunit.ObjectInstantiationException,com.gargoylesoftware.htmlunit
com.gargoylesoftware.htmlunit.javascript.host.html.HTMLBodyElement,com.gargoylesoftware.htmlunit.javascript.host.html
com.gargoylesoftware.htmlunit.html.InputElementFactory,com.gargoylesoftware.htmlunit.html
com.gargoylesoftware.htmlunit.html.UnknownElementFactory,com.gargoylesoftware.htmlunit.html
com.gargoylesoftware.htmlunit.javascript.host.html.HTMLElement.ProxyDomNode,com.gargoylesoftware.htmlunit.javascript.host.html,***
com.gargoylesoftware.htmlunit.html.IEConditionalCommentExpressionEvaluator,com.gargoylesoftware.htmlunit.html
com.gargoylesoftware.htmlunit.html.SimpleHTMLParserListener,com.gargoylesoftware.htmlunit.html
com.gargoylesoftware.htmlunit.html.impl.SelectionDelegate,com.gargoylesoftware.htmlunit.html.impl
com.gargoylesoftware.htmlunit.javascript.host.html.HTMLScriptElement,com.gargoylesoftware.htmlunit.javascript.host.html
com.gargoylesoftware.htmlunit.html.HtmlTable.RowIterator,com.gargoylesoftware.htmlunit.html,***
com.gargoylesoftware.htmlunit.html.HtmlTableRow.CellIterator,com.gargoylesoftware.htmlunit.html,***
com.gargoylesoftware.htmlunit.html.HtmlUnknownElement,com.gargoylesoftware.htmlunit.html
com.gargoylesoftware.htmlunit.html.SiblingDomNodeList.SiblingListIterator,com.gargoylesoftware.htmlunit.html,***
com.gargoylesoftware.htmlunit.html.Util,com.gargoylesoftware.htmlunit.html
com.gargoylesoftware.htmlunit.html.xpath.HtmlUnitPrefixResolver,com.gargoylesoftware.htmlunit.html.xpath
com.gargoylesoftware.htmlunit.html.xpath.IsDescendantOfContextualFormFunction,com.gargoylesoftware.htmlunit.html.xpath
com.gargoylesoftware.htmlunit.html.xpath.LowerCaseFunction,com.gargoylesoftware.htmlunit.html.xpath
com.gargoylesoftware.htmlunit.html.xpath.XPathAdapter,com.gargoylesoftware.htmlunit.html.xpath
com.gargoylesoftware.htmlunit.html.XPathDomNodeList.DomHtmlAttributeChangeListenerImpl,com.gargoylesoftware.htmlunit.html,***
com.gargoylesoftware.htmlunit.HttpWebConnection,com.gargoylesoftware.htmlunit
com.gargoylesoftware.htmlunit.HttpWebConnection.FilePartPageCharSet,com.gargoylesoftware.htmlunit,***
com.gargoylesoftware.htmlunit.WebResponseData,com.gargoylesoftware.htmlunit
com.gargoylesoftware.htmlunit.WebResponseImpl,com.gargoylesoftware.htmlunit
com.gargoylesoftware.htmlunit.ImmediateRefreshHandler,com.gargoylesoftware.htmlunit
com.gargoylesoftware.htmlunit.IncorrectnessListenerImpl,com.gargoylesoftware.htmlunit
com.gargoylesoftware.htmlunit.javascript.background.JavaScriptFunctionJob,com.gargoylesoftware.htmlunit.javascript.background
com.gargoylesoftware.htmlunit.javascript.background.JavaScriptJobManagerImpl,com.gargoylesoftware.htmlunit.javascript.background
com.gargoylesoftware.htmlunit.javascript.background.JavaScriptJobManagerImpl.ExecutingJobTracker,com.gargoylesoftware.htmlunit.javascript.background,***
com.gargoylesoftware.htmlunit.javascript.background.JavaScriptStringJob,com.gargoylesoftware.htmlunit.javascript.background
com.gargoylesoftware.htmlunit.javascript.configuration.ClassConfiguration,com.gargoylesoftware.htmlunit.javascript.configuration
com.gargoylesoftware.htmlunit.javascript.configuration.ClassConfiguration.BrowserInfo,com.gargoylesoftware.htmlunit.javascript.configuration,***
com.gargoylesoftware.htmlunit.javascript.configuration.ClassConfiguration.FunctionInfo,com.gargoylesoftware.htmlunit.javascript.configuration,***
com.gargoylesoftware.htmlunit.javascript.configuration.ClassConfiguration.PropertyInfo,com.gargoylesoftware.htmlunit.javascript.configuration,***
com.gargoylesoftware.htmlunit.javascript.configuration.JavaScriptConfiguration,com.gargoylesoftware.htmlunit.javascript.configuration
com.gargoylesoftware.htmlunit.javascript.StrictErrorHandler,com.gargoylesoftware.htmlunit.javascript
com.gargoylesoftware.htmlunit.javascript.host.html.HTMLDivElement,com.gargoylesoftware.htmlunit.javascript.host.html
com.gargoylesoftware.htmlunit.javascript.host.html.HTMLHeadingElement,com.gargoylesoftware.htmlunit.javascript.host.html
com.gargoylesoftware.htmlunit.javascript.host.html.HTMLQuoteElement,com.gargoylesoftware.htmlunit.javascript.host.html
com.gargoylesoftware.htmlunit.javascript.host.html.HTMLSpanElement,com.gargoylesoftware.htmlunit.javascript.host.html
com.gargoylesoftware.htmlunit.javascript.host.html.HTMLTableColElement,com.gargoylesoftware.htmlunit.javascript.host.html
com.gargoylesoftware.htmlunit.javascript.host.html.HTMLTableSectionElement,com.gargoylesoftware.htmlunit.javascript.host.html
com.gargoylesoftware.htmlunit.javascript.DebugFrameAdapter,com.gargoylesoftware.htmlunit.javascript
com.gargoylesoftware.htmlunit.javascript.DebugFrameImpl,com.gargoylesoftware.htmlunit.javascript
com.gargoylesoftware.htmlunit.javascript.DebuggerAdapter,com.gargoylesoftware.htmlunit.javascript
com.gargoylesoftware.htmlunit.javascript.DebuggerImpl,com.gargoylesoftware.htmlunit.javascript
com.gargoylesoftware.htmlunit.javascript.host.ActiveXObject,com.gargoylesoftware.htmlunit.javascript.host
com.gargoylesoftware.htmlunit.javascript.host.xml.XMLDocument,com.gargoylesoftware.htmlunit.javascript.host.xml
com.gargoylesoftware.htmlunit.javascript.host.xml.XMLHttpRequest,com.gargoylesoftware.htmlunit.javascript.host.xml
com.gargoylesoftware.htmlunit.javascript.host.ActiveXObjectImpl,com.gargoylesoftware.htmlunit.javascript.host
com.gargoylesoftware.htmlunit.javascript.host.XSLTemplate,com.gargoylesoftware.htmlunit.javascript.host
com.gargoylesoftware.htmlunit.javascript.host.Attr,com.gargoylesoftware.htmlunit.javascript.host
com.gargoylesoftware.htmlunit.javascript.host.BoxObject,com.gargoylesoftware.htmlunit.javascript.host
com.gargoylesoftware.htmlunit.javascript.host.canvas.CanvasRenderingContext2D,com.gargoylesoftware.htmlunit.javascript.host.canvas
com.gargoylesoftware.htmlunit.javascript.host.CDATASection,com.gargoylesoftware.htmlunit.javascript.host
com.gargoylesoftware.htmlunit.javascript.host.Text,com.gargoylesoftware.htmlunit.javascript.host
com.gargoylesoftware.htmlunit.javascript.host.CharacterDataImpl,com.gargoylesoftware.htmlunit.javascript.host
com.gargoylesoftware.htmlunit.javascript.host.ClipboardData,com.gargoylesoftware.htmlunit.javascript.host
com.gargoylesoftware.htmlunit.javascript.host.Comment,com.gargoylesoftware.htmlunit.javascript.host
com.gargoylesoftware.htmlunit.javascript.host.css.ComputedCSSStyleDeclaration,com.gargoylesoftware.htmlunit.javascript.host.css
com.gargoylesoftware.htmlunit.javascript.host.css.CSSStyleDeclaration.StyleElement,com.gargoylesoftware.htmlunit.javascript.host.css,***
com.gargoylesoftware.htmlunit.javascript.host.css.SelectorSpecificity,com.gargoylesoftware.htmlunit.javascript.host.css
com.gargoylesoftware.htmlunit.javascript.host.Element,com.gargoylesoftware.htmlunit.javascript.host
com.gargoylesoftware.htmlunit.javascript.host.css.CSSImportRule,com.gargoylesoftware.htmlunit.javascript.host.css
com.gargoylesoftware.htmlunit.javascript.host.MediaList,com.gargoylesoftware.htmlunit.javascript.host
com.gargoylesoftware.htmlunit.javascript.host.Stylesheet,com.gargoylesoftware.htmlunit.javascript.host
com.gargoylesoftware.htmlunit.javascript.host.css.CSSRule,com.gargoylesoftware.htmlunit.javascript.host.css
com.gargoylesoftware.htmlunit.javascript.host.css.CSSPrimitiveValue,com.gargoylesoftware.htmlunit.javascript.host.css
com.gargoylesoftware.htmlunit.javascript.host.css.CSSValue,com.gargoylesoftware.htmlunit.javascript.host.css
com.gargoylesoftware.htmlunit.javascript.host.css.CSSStyleRule,com.gargoylesoftware.htmlunit.javascript.host.css
com.gargoylesoftware.htmlunit.javascript.host.css.CSSRuleList,com.gargoylesoftware.htmlunit.javascript.host.css
com.gargoylesoftware.htmlunit.javascript.host.css.CSSStyleDeclaration.Shorthand,com.gargoylesoftware.htmlunit.javascript.host.css,***
com.gargoylesoftware.htmlunit.javascript.host.html.HTMLHtmlElement,com.gargoylesoftware.htmlunit.javascript.host.html
com.gargoylesoftware.htmlunit.javascript.host.Document,com.gargoylesoftware.htmlunit.javascript.host
com.gargoylesoftware.htmlunit.javascript.host.html.HTMLCollection,com.gargoylesoftware.htmlunit.javascript.host.html
com.gargoylesoftware.htmlunit.xml.XmlUtil,com.gargoylesoftware.htmlunit.xml
com.gargoylesoftware.htmlunit.javascript.host.EventNode,com.gargoylesoftware.htmlunit.javascript.host
com.gargoylesoftware.htmlunit.javascript.host.DOMImplementation,com.gargoylesoftware.htmlunit.javascript.host
com.gargoylesoftware.htmlunit.javascript.host.DocumentFragment,com.gargoylesoftware.htmlunit.javascript.host
com.gargoylesoftware.htmlunit.javascript.host.XPathNSResolver,com.gargoylesoftware.htmlunit.javascript.host
com.gargoylesoftware.htmlunit.javascript.host.XPathResult,com.gargoylesoftware.htmlunit.javascript.host
com.gargoylesoftware.htmlunit.javascript.host.Location,com.gargoylesoftware.htmlunit.javascript.host
com.gargoylesoftware.htmlunit.javascript.host.DocumentType,com.gargoylesoftware.htmlunit.javascript.host
com.gargoylesoftware.htmlunit.javascript.host.DOMException,com.gargoylesoftware.htmlunit.javascript.host
com.gargoylesoftware.htmlunit.javascript.host.DOMParser,com.gargoylesoftware.htmlunit.javascript.host
com.gargoylesoftware.htmlunit.javascript.NamedNodeMap,com.gargoylesoftware.htmlunit.javascript
com.gargoylesoftware.htmlunit.javascript.host.Enumerator,com.gargoylesoftware.htmlunit.javascript.host
com.gargoylesoftware.htmlunit.javascript.host.html.HTMLFormElement,com.gargoylesoftware.htmlunit.javascript.host.html
com.gargoylesoftware.htmlunit.javascript.host.EventListenersContainer,com.gargoylesoftware.htmlunit.javascript.host
com.gargoylesoftware.htmlunit.javascript.host.EventListenersContainer.Handlers,com.gargoylesoftware.htmlunit.javascript.host,***
com.gargoylesoftware.htmlunit.javascript.host.FormChild,com.gargoylesoftware.htmlunit.javascript.host
com.gargoylesoftware.htmlunit.javascript.host.FormField,com.gargoylesoftware.htmlunit.javascript.host
com.gargoylesoftware.htmlunit.javascript.host.History,com.gargoylesoftware.htmlunit.javascript.host
com.gargoylesoftware.htmlunit.javascript.host.html.HTMLAnchorElement,com.gargoylesoftware.htmlunit.javascript.host.html
com.gargoylesoftware.htmlunit.javascript.host.html.HTMLAppletElement,com.gargoylesoftware.htmlunit.javascript.host.html
com.gargoylesoftware.htmlunit.javascript.host.html.HTMLAreaElement,com.gargoylesoftware.htmlunit.javascript.host.html
com.gargoylesoftware.htmlunit.javascript.host.html.HTMLBaseElement,com.gargoylesoftware.htmlunit.javascript.host.html
com.gargoylesoftware.htmlunit.javascript.host.html.HTMLBaseFontElement,com.gargoylesoftware.htmlunit.javascript.host.html
com.gargoylesoftware.htmlunit.javascript.host.html.HTMLBRElement,com.gargoylesoftware.htmlunit.javascript.host.html
com.gargoylesoftware.htmlunit.javascript.host.html.HTMLButtonElement,com.gargoylesoftware.htmlunit.javascript.host.html
com.gargoylesoftware.htmlunit.javascript.host.html.HTMLCanvasElement,com.gargoylesoftware.htmlunit.javascript.host.html
com.gargoylesoftware.htmlunit.javascript.host.html.HTMLCollection.DomHtmlAttributeChangeListenerImpl,com.gargoylesoftware.htmlunit.javascript.host.html,***
com.gargoylesoftware.htmlunit.javascript.host.WindowProxy,com.gargoylesoftware.htmlunit.javascript.host
com.gargoylesoftware.htmlunit.javascript.host.html.HTMLCollectionTags,com.gargoylesoftware.htmlunit.javascript.host.html
com.gargoylesoftware.htmlunit.javascript.host.html.HTMLDelElement,com.gargoylesoftware.htmlunit.javascript.host.html
com.gargoylesoftware.htmlunit.javascript.host.html.HTMLDirectoryElement,com.gargoylesoftware.htmlunit.javascript.host.html
com.gargoylesoftware.htmlunit.javascript.host.html.HTMLListElement,com.gargoylesoftware.htmlunit.javascript.host.html
com.gargoylesoftware.htmlunit.javascript.host.html.HTMLDListElement,com.gargoylesoftware.htmlunit.javascript.host.html
com.gargoylesoftware.htmlunit.javascript.host.html.HTMLDocument,com.gargoylesoftware.htmlunit.javascript.host.html
com.gargoylesoftware.htmlunit.javascript.host.html.HTMLDocument.PARSING_STATUS,com.gargoylesoftware.htmlunit.javascript.host.html,***
com.gargoylesoftware.htmlunit.javascript.host.MutationEvent,com.gargoylesoftware.htmlunit.javascript.host
com.gargoylesoftware.htmlunit.javascript.host.NamespaceCollection,com.gargoylesoftware.htmlunit.javascript.host
com.gargoylesoftware.htmlunit.javascript.host.NodeFilter,com.gargoylesoftware.htmlunit.javascript.host
com.gargoylesoftware.htmlunit.javascript.host.Range,com.gargoylesoftware.htmlunit.javascript.host
com.gargoylesoftware.htmlunit.javascript.host.Selection,com.gargoylesoftware.htmlunit.javascript.host
com.gargoylesoftware.htmlunit.javascript.host.StyleSheetList,com.gargoylesoftware.htmlunit.javascript.host
com.gargoylesoftware.htmlunit.javascript.host.TreeWalker,com.gargoylesoftware.htmlunit.javascript.host
com.gargoylesoftware.htmlunit.javascript.host.UIEvent,com.gargoylesoftware.htmlunit.javascript.host
com.gargoylesoftware.htmlunit.javascript.host.html.HTMLElement.DownloadBehaviorJob,com.gargoylesoftware.htmlunit.javascript.host.html,***
com.gargoylesoftware.htmlunit.javascript.host.TextRange,com.gargoylesoftware.htmlunit.javascript.host
com.gargoylesoftware.htmlunit.javascript.host.TextRectangle,com.gargoylesoftware.htmlunit.javascript.host
com.gargoylesoftware.htmlunit.javascript.host.Screen,com.gargoylesoftware.htmlunit.javascript.host
com.gargoylesoftware.htmlunit.javascript.host.Navigator,com.gargoylesoftware.htmlunit.javascript.host
com.gargoylesoftware.htmlunit.javascript.host.html.HTMLEmbedElement,com.gargoylesoftware.htmlunit.javascript.host.html
com.gargoylesoftware.htmlunit.javascript.host.html.HTMLFieldSetElement,com.gargoylesoftware.htmlunit.javascript.host.html
com.gargoylesoftware.htmlunit.javascript.host.html.HTMLFontElement,com.gargoylesoftware.htmlunit.javascript.host.html
com.gargoylesoftware.htmlunit.javascript.host.html.HTMLFrameElement,com.gargoylesoftware.htmlunit.javascript.host.html
com.gargoylesoftware.htmlunit.javascript.host.html.HTMLFrameSetElement,com.gargoylesoftware.htmlunit.javascript.host.html
com.gargoylesoftware.htmlunit.javascript.host.html.HTMLHeadElement,com.gargoylesoftware.htmlunit.javascript.host.html
com.gargoylesoftware.htmlunit.javascript.host.html.HTMLHRElement,com.gargoylesoftware.htmlunit.javascript.host.html
com.gargoylesoftware.htmlunit.javascript.host.html.HTMLIFrameElement,com.gargoylesoftware.htmlunit.javascript.host.html
com.gargoylesoftware.htmlunit.javascript.host.html.HTMLImageElement,com.gargoylesoftware.htmlunit.javascript.host.html
com.gargoylesoftware.htmlunit.javascript.host.html.HTMLImageElement.ImageOnLoadAction,com.gargoylesoftware.htmlunit.javascript.host.html,***
com.gargoylesoftware.htmlunit.javascript.host.html.HTMLInputElement,com.gargoylesoftware.htmlunit.javascript.host.html
com.gargoylesoftware.htmlunit.javascript.host.html.HTMLInsElement,com.gargoylesoftware.htmlunit.javascript.host.html
com.gargoylesoftware.htmlunit.javascript.host.html.HTMLIsIndexElement,com.gargoylesoftware.htmlunit.javascript.host.html
com.gargoylesoftware.htmlunit.javascript.host.html.HTMLLabelElement,com.gargoylesoftware.htmlunit.javascript.host.html
com.gargoylesoftware.htmlunit.javascript.host.html.HTMLLegendElement,com.gargoylesoftware.htmlunit.javascript.host.html
com.gargoylesoftware.htmlunit.javascript.host.html.HTMLLIElement,com.gargoylesoftware.htmlunit.javascript.host.html
com.gargoylesoftware.htmlunit.javascript.host.html.HTMLLinkElement,com.gargoylesoftware.htmlunit.javascript.host.html
com.gargoylesoftware.htmlunit.javascript.host.html.HTMLMapElement,com.gargoylesoftware.htmlunit.javascript.host.html
com.gargoylesoftware.htmlunit.javascript.host.html.HTMLMenuElement,com.gargoylesoftware.htmlunit.javascript.host.html
com.gargoylesoftware.htmlunit.javascript.host.html.HTMLMetaElement,com.gargoylesoftware.htmlunit.javascript.host.html
com.gargoylesoftware.htmlunit.javascript.host.html.HTMLOListElement,com.gargoylesoftware.htmlunit.javascript.host.html
com.gargoylesoftware.htmlunit.javascript.host.html.HTMLOptGroupElement,com.gargoylesoftware.htmlunit.javascript.host.html
com.gargoylesoftware.htmlunit.javascript.host.html.HTMLOptionElement,com.gargoylesoftware.htmlunit.javascript.host.html
com.gargoylesoftware.htmlunit.javascript.host.html.HTMLOptionsCollection,com.gargoylesoftware.htmlunit.javascript.host.html
com.gargoylesoftware.htmlunit.javascript.host.html.HTMLSelectElement,com.gargoylesoftware.htmlunit.javascript.host.html
com.gargoylesoftware.htmlunit.javascript.host.html.HTMLParagraphElement,com.gargoylesoftware.htmlunit.javascript.host.html
com.gargoylesoftware.htmlunit.javascript.host.html.HTMLParamElement,com.gargoylesoftware.htmlunit.javascript.host.html
com.gargoylesoftware.htmlunit.javascript.host.html.HTMLPreElement,com.gargoylesoftware.htmlunit.javascript.host.html
com.gargoylesoftware.htmlunit.javascript.host.html.HTMLSpacerElement,com.gargoylesoftware.htmlunit.javascript.host.html
com.gargoylesoftware.htmlunit.javascript.host.html.HTMLStyleElement,com.gargoylesoftware.htmlunit.javascript.host.html
com.gargoylesoftware.htmlunit.javascript.host.html.HTMLTableCaptionElement,com.gargoylesoftware.htmlunit.javascript.host.html
com.gargoylesoftware.htmlunit.javascript.host.html.HTMLTableCellElement,com.gargoylesoftware.htmlunit.javascript.host.html
com.gargoylesoftware.htmlunit.javascript.host.html.HTMLTableComponent,com.gargoylesoftware.htmlunit.javascript.host.html
com.gargoylesoftware.htmlunit.javascript.host.html.HTMLTableElement,com.gargoylesoftware.htmlunit.javascript.host.html
com.gargoylesoftware.htmlunit.javascript.host.RowContainer,com.gargoylesoftware.htmlunit.javascript.host
com.gargoylesoftware.htmlunit.javascript.host.html.HTMLTableRowElement,com.gargoylesoftware.htmlunit.javascript.host.html
com.gargoylesoftware.htmlunit.javascript.host.html.HTMLTextAreaElement,com.gargoylesoftware.htmlunit.javascript.host.html
com.gargoylesoftware.htmlunit.javascript.host.html.HTMLTitleElement,com.gargoylesoftware.htmlunit.javascript.host.html
com.gargoylesoftware.htmlunit.javascript.host.html.HTMLUListElement,com.gargoylesoftware.htmlunit.javascript.host.html
com.gargoylesoftware.htmlunit.javascript.host.html.HTMLUnknownElement,com.gargoylesoftware.htmlunit.javascript.host.html
com.gargoylesoftware.htmlunit.javascript.host.html.HTMLWBRElement,com.gargoylesoftware.htmlunit.javascript.host.html
com.gargoylesoftware.htmlunit.javascript.host.MimeType,com.gargoylesoftware.htmlunit.javascript.host
com.gargoylesoftware.htmlunit.javascript.host.Plugin,com.gargoylesoftware.htmlunit.javascript.host
com.gargoylesoftware.htmlunit.javascript.host.MimeTypeArray,com.gargoylesoftware.htmlunit.javascript.host
com.gargoylesoftware.htmlunit.javascript.host.SimpleArray,com.gargoylesoftware.htmlunit.javascript.host
com.gargoylesoftware.htmlunit.javascript.host.Namespace,com.gargoylesoftware.htmlunit.javascript.host
com.gargoylesoftware.htmlunit.javascript.host.PluginArray,com.gargoylesoftware.htmlunit.javascript.host
com.gargoylesoftware.htmlunit.javascript.host.xml.XMLSerializer,com.gargoylesoftware.htmlunit.javascript.host.xml
com.gargoylesoftware.htmlunit.javascript.host.OfflineResourceList,com.gargoylesoftware.htmlunit.javascript.host
com.gargoylesoftware.htmlunit.javascript.host.Popup,com.gargoylesoftware.htmlunit.javascript.host
com.gargoylesoftware.htmlunit.javascript.host.PopupPseudoWebWindow,com.gargoylesoftware.htmlunit.javascript.host
com.gargoylesoftware.htmlunit.javascript.host.ProcessingInstruction,com.gargoylesoftware.htmlunit.javascript.host
com.gargoylesoftware.htmlunit.javascript.host.Window.DomHtmlAttributeChangeListenerImpl,com.gargoylesoftware.htmlunit.javascript.host,***
com.gargoylesoftware.htmlunit.javascript.host.Window.FrameToWindowTransformer,com.gargoylesoftware.htmlunit.javascript.host,***
com.gargoylesoftware.htmlunit.WebWindowNotFoundException,com.gargoylesoftware.htmlunit
com.gargoylesoftware.htmlunit.javascript.host.xml.XMLAttr,com.gargoylesoftware.htmlunit.javascript.host.xml
com.gargoylesoftware.htmlunit.javascript.host.xml.XMLDOMParseError,com.gargoylesoftware.htmlunit.javascript.host.xml
com.gargoylesoftware.htmlunit.javascript.host.xml.XMLHttpRequest.NetworkErrorWebResponse,com.gargoylesoftware.htmlunit.javascript.host.xml,***
com.gargoylesoftware.htmlunit.util.WebResponseWrapper,com.gargoylesoftware.htmlunit.util
com.gargoylesoftware.htmlunit.javascript.host.XSLTProcessor,com.gargoylesoftware.htmlunit.javascript.host
com.gargoylesoftware.htmlunit.javascript.HtmlUnitContextFactory,com.gargoylesoftware.htmlunit.javascript
com.gargoylesoftware.htmlunit.javascript.HtmlUnitContextFactory.TimeoutContext,com.gargoylesoftware.htmlunit.javascript,***
com.gargoylesoftware.htmlunit.javascript.regexp.HtmlUnitRegExpProxy,com.gargoylesoftware.htmlunit.javascript.regexp
com.gargoylesoftware.htmlunit.javascript.HtmlUnitWrapFactory,com.gargoylesoftware.htmlunit.javascript
com.gargoylesoftware.htmlunit.javascript.StrictErrorReporter,com.gargoylesoftware.htmlunit.javascript
com.gargoylesoftware.htmlunit.javascript.TimeoutError,com.gargoylesoftware.htmlunit.javascript
com.gargoylesoftware.htmlunit.javascript.StringScriptPreProcessor,com.gargoylesoftware.htmlunit.javascript
com.gargoylesoftware.htmlunit.javascript.IEConditionalCompilationScriptPreProcessor,com.gargoylesoftware.htmlunit.javascript
com.gargoylesoftware.htmlunit.javascript.ScriptableWrapper,com.gargoylesoftware.htmlunit.javascript
com.gargoylesoftware.htmlunit.javascript.IEWeirdSyntaxScriptPreProcessor,com.gargoylesoftware.htmlunit.javascript
com.gargoylesoftware.htmlunit.javascript.JavaScriptEngine.FallbackCaller,com.gargoylesoftware.htmlunit.javascript,***
com.gargoylesoftware.htmlunit.javascript.MethodWrapper,com.gargoylesoftware.htmlunit.javascript
com.gargoylesoftware.htmlunit.javascript.ProxyAutoConfig,com.gargoylesoftware.htmlunit.javascript
com.gargoylesoftware.htmlunit.javascript.regexp.HtmlUnitRegExpProxy.RegExpData,com.gargoylesoftware.htmlunit.javascript.regexp,***
com.gargoylesoftware.htmlunit.javascript.StringScriptPreProcessor.PARSING_STATUS,com.gargoylesoftware.htmlunit.javascript,***
com.gargoylesoftware.htmlunit.MockWebConnection,com.gargoylesoftware.htmlunit
com.gargoylesoftware.htmlunit.NicelyResynchronizingAjaxController,com.gargoylesoftware.htmlunit
com.gargoylesoftware.htmlunit.protocol.about.AboutURLConnection,com.gargoylesoftware.htmlunit.protocol.about
com.gargoylesoftware.htmlunit.protocol.about.Handler,com.gargoylesoftware.htmlunit.protocol.about
com.gargoylesoftware.htmlunit.protocol.data.DataURLConnection,com.gargoylesoftware.htmlunit.protocol.data
com.gargoylesoftware.htmlunit.protocol.data.DataUrlDecoder,com.gargoylesoftware.htmlunit.protocol.data
com.gargoylesoftware.htmlunit.protocol.data.Handler,com.gargoylesoftware.htmlunit.protocol.data
com.gargoylesoftware.htmlunit.protocol.javascript.Handler,com.gargoylesoftware.htmlunit.protocol.javascript
com.gargoylesoftware.htmlunit.ProxyConfig,com.gargoylesoftware.htmlunit
com.gargoylesoftware.htmlunit.SilentCssErrorHandler,com.gargoylesoftware.htmlunit
com.gargoylesoftware.htmlunit.ssl.InsecureSSLProtocolSocketFactory,com.gargoylesoftware.htmlunit.ssl
com.gargoylesoftware.htmlunit.ssl.InsecureTrustManager,com.gargoylesoftware.htmlunit.ssl
com.gargoylesoftware.htmlunit.ThreadedRefreshHandler,com.gargoylesoftware.htmlunit
com.gargoylesoftware.htmlunit.WaitingRefreshHandler,com.gargoylesoftware.htmlunit
com.gargoylesoftware.htmlunit.util.DebuggingWebConnection,com.gargoylesoftware.htmlunit.util
com.gargoylesoftware.htmlunit.util.WebConnectionWrapper,com.gargoylesoftware.htmlunit.util
com.gargoylesoftware.htmlunit.util.EncodingSniffer,com.gargoylesoftware.htmlunit.util
com.gargoylesoftware.htmlunit.util.EncodingSniffer.Attribute,com.gargoylesoftware.htmlunit.util,***
com.gargoylesoftware.htmlunit.util.UrlUtils.Url,com.gargoylesoftware.htmlunit.util,***
com.gargoylesoftware.htmlunit.util.WebClientUtils,com.gargoylesoftware.htmlunit.util
com.gargoylesoftware.htmlunit.Version,com.gargoylesoftware.htmlunit
com.gargoylesoftware.htmlunit.WebClient.BinaryWebResponse,com.gargoylesoftware.htmlunit,***
com.gargoylesoftware.htmlunit.WebClient.CurrentWindowTracker,com.gargoylesoftware.htmlunit,***
com.gargoylesoftware.htmlunit.WebClient.LoadJob,com.gargoylesoftware.htmlunit,***
com.gargoylesoftware.htmlunit.WebWindowEvent,com.gargoylesoftware.htmlunit
com.gargoylesoftware.htmlunit.WebResponseFromCache,com.gargoylesoftware.htmlunit
com.gargoylesoftware.htmlunit.WebWindowAdapter,com.gargoylesoftware.htmlunit
com.gargoylesoftware.htmlunit.attachment.AttachmentTest,com.gargoylesoftware.htmlunit.attachment
com.gargoylesoftware.htmlunit.BrowserRunner,com.gargoylesoftware.htmlunit
com.gargoylesoftware.htmlunit.HttpWebConnectionTest,com.gargoylesoftware.htmlunit
com.gargoylesoftware.htmlunit.BrowserNoneClassRunner,com.gargoylesoftware.htmlunit
com.gargoylesoftware.htmlunit.BrowserRunner.Browser,com.gargoylesoftware.htmlunit,***
com.gargoylesoftware.htmlunit.BrowserStatement,com.gargoylesoftware.htmlunit
com.gargoylesoftware.htmlunit.BrowserVersionClassRunner,com.gargoylesoftware.htmlunit
com.gargoylesoftware.htmlunit.BrowserVersionFeaturesTest,com.gargoylesoftware.htmlunit
com.gargoylesoftware.htmlunit.CacheTest,com.gargoylesoftware.htmlunit
com.gargoylesoftware.htmlunit.DummyWebResponse,com.gargoylesoftware.htmlunit
com.gargoylesoftware.htmlunit.CodeChecker,com.gargoylesoftware.htmlunit
com.gargoylesoftware.htmlunit.CodeStyleTest,com.gargoylesoftware.htmlunit
com.gargoylesoftware.htmlunit.CookieManagerTest,com.gargoylesoftware.htmlunit
com.gargoylesoftware.htmlunit.CookieManagerTest.CommaCookieServlet,com.gargoylesoftware.htmlunit,***
com.gargoylesoftware.htmlunit.CookieManagerTest.Cookie2Servlet,com.gargoylesoftware.htmlunit,***
com.gargoylesoftware.htmlunit.CookieManagerTest.EmptyCookieServlet,com.gargoylesoftware.htmlunit,***
com.gargoylesoftware.htmlunit.CookieManagerTest.SimpleCookieServlet,com.gargoylesoftware.htmlunit,***
com.gargoylesoftware.htmlunit.DefaultCredentialsProviderTest,com.gargoylesoftware.htmlunit
com.gargoylesoftware.htmlunit.DefaultPageCreatorTest,com.gargoylesoftware.htmlunit
com.gargoylesoftware.htmlunit.DefaultPageCreatorTest.ContentTypeServlet,com.gargoylesoftware.htmlunit,***
com.gargoylesoftware.htmlunit.DefaultPageCreatorTest.NoContentTypeServlet,com.gargoylesoftware.htmlunit,***
com.gargoylesoftware.htmlunit.FailingHttpStatusCodeExceptionTest,com.gargoylesoftware.htmlunit
com.gargoylesoftware.htmlunit.html.AttributesTest,com.gargoylesoftware.htmlunit.html
com.gargoylesoftware.htmlunit.html.ClickableElementTest,com.gargoylesoftware.htmlunit.html
com.gargoylesoftware.htmlunit.html.DefaultElementFactoryTest,com.gargoylesoftware.htmlunit.html
com.gargoylesoftware.htmlunit.html.DisabledElementTest,com.gargoylesoftware.htmlunit.html
com.gargoylesoftware.htmlunit.html.DomAttrTest,com.gargoylesoftware.htmlunit.html
com.gargoylesoftware.htmlunit.html.DomCommentTest,com.gargoylesoftware.htmlunit.html
com.gargoylesoftware.htmlunit.html.DomDocumentFragmentTest,com.gargoylesoftware.htmlunit.html
com.gargoylesoftware.htmlunit.html.DomNamespaceNodeTest,com.gargoylesoftware.htmlunit.html
com.gargoylesoftware.htmlunit.html.DomNodeListTest,com.gargoylesoftware.htmlunit.html
com.gargoylesoftware.htmlunit.html.DomNodeTest,com.gargoylesoftware.htmlunit.html
com.gargoylesoftware.htmlunit.html.DomNodeTest.DomChangeListenerTestImpl,com.gargoylesoftware.htmlunit.html,***
com.gargoylesoftware.htmlunit.html.DomTextTest,com.gargoylesoftware.htmlunit.html
com.gargoylesoftware.htmlunit.html.FocusableElementTest,com.gargoylesoftware.htmlunit.html
com.gargoylesoftware.htmlunit.html.HtmlAnchor2Test,com.gargoylesoftware.htmlunit.html
com.gargoylesoftware.htmlunit.html.HtmlAnchorTest,com.gargoylesoftware.htmlunit.html
com.gargoylesoftware.htmlunit.html.HtmlAppletTest,com.gargoylesoftware.htmlunit.html
com.gargoylesoftware.htmlunit.html.HtmlAreaTest,com.gargoylesoftware.htmlunit.html
com.gargoylesoftware.htmlunit.html.HtmlAttrTest,com.gargoylesoftware.htmlunit.html
com.gargoylesoftware.htmlunit.html.HtmlBaseFontTest,com.gargoylesoftware.htmlunit.html
com.gargoylesoftware.htmlunit.html.HtmlBaseTest,com.gargoylesoftware.htmlunit.html
com.gargoylesoftware.htmlunit.html.HtmlBodyTest,com.gargoylesoftware.htmlunit.html
com.gargoylesoftware.htmlunit.html.HtmlBreakTest,com.gargoylesoftware.htmlunit.html
com.gargoylesoftware.htmlunit.html.HtmlButtonInputTest,com.gargoylesoftware.htmlunit.html
com.gargoylesoftware.htmlunit.html.HtmlButtonTest,com.gargoylesoftware.htmlunit.html
com.gargoylesoftware.htmlunit.html.HtmlCanvasTest,com.gargoylesoftware.htmlunit.html
com.gargoylesoftware.htmlunit.html.HtmlCaptionTest,com.gargoylesoftware.htmlunit.html
com.gargoylesoftware.htmlunit.html.HtmlCheckBoxInput2Test,com.gargoylesoftware.htmlunit.html
com.gargoylesoftware.htmlunit.html.HtmlCheckBoxInputTest,com.gargoylesoftware.htmlunit.html
com.gargoylesoftware.htmlunit.html.HtmlDefinitionListTest,com.gargoylesoftware.htmlunit.html
com.gargoylesoftware.htmlunit.html.HtmlDirectoryTest,com.gargoylesoftware.htmlunit.html
com.gargoylesoftware.htmlunit.html.HtmlDivisionTest,com.gargoylesoftware.htmlunit.html
com.gargoylesoftware.htmlunit.html.HtmlElementTest,com.gargoylesoftware.htmlunit.html
com.gargoylesoftware.htmlunit.html.HtmlElementTest.HtmlAttributeChangeListenerTestImpl,com.gargoylesoftware.htmlunit.html,***
com.gargoylesoftware.htmlunit.html.HtmlEmbedTest,com.gargoylesoftware.htmlunit.html
com.gargoylesoftware.htmlunit.html.HtmlFieldSetTest,com.gargoylesoftware.htmlunit.html
com.gargoylesoftware.htmlunit.html.HtmlFileInputTest,com.gargoylesoftware.htmlunit.html
com.gargoylesoftware.htmlunit.html.HtmlFileInputTest.Upload1Servlet,com.gargoylesoftware.htmlunit.html,***
com.gargoylesoftware.htmlunit.html.HtmlFileInputTest.Upload2Servlet,com.gargoylesoftware.htmlunit.html,***
com.gargoylesoftware.htmlunit.html.HtmlFontTest,com.gargoylesoftware.htmlunit.html
com.gargoylesoftware.htmlunit.html.HtmlForm2Test,com.gargoylesoftware.htmlunit.html
com.gargoylesoftware.htmlunit.html.HtmlFormTest,com.gargoylesoftware.htmlunit.html
com.gargoylesoftware.htmlunit.html.HtmlFrame2Test,com.gargoylesoftware.htmlunit.html
com.gargoylesoftware.htmlunit.html.HtmlFrameSetTest,com.gargoylesoftware.htmlunit.html
com.gargoylesoftware.htmlunit.html.HtmlFrameTest,com.gargoylesoftware.htmlunit.html
com.gargoylesoftware.htmlunit.html.HtmlHeadingTest,com.gargoylesoftware.htmlunit.html
com.gargoylesoftware.htmlunit.html.HtmlHeadTest,com.gargoylesoftware.htmlunit.html
com.gargoylesoftware.htmlunit.html.HtmlHiddenInputTest,com.gargoylesoftware.htmlunit.html
com.gargoylesoftware.htmlunit.html.HtmlHorizontalRuleTest,com.gargoylesoftware.htmlunit.html
com.gargoylesoftware.htmlunit.html.HtmlHtmlTest,com.gargoylesoftware.htmlunit.html
com.gargoylesoftware.htmlunit.html.HtmlImageDownloadTest,com.gargoylesoftware.htmlunit.html
com.gargoylesoftware.htmlunit.html.HtmlImageInputTest,com.gargoylesoftware.htmlunit.html
com.gargoylesoftware.htmlunit.html.HtmlImageTest,com.gargoylesoftware.htmlunit.html
com.gargoylesoftware.htmlunit.html.HtmlInlineFrameTest,com.gargoylesoftware.htmlunit.html
com.gargoylesoftware.htmlunit.html.HtmlInputTest,com.gargoylesoftware.htmlunit.html
com.gargoylesoftware.htmlunit.html.HtmlIsIndexTest,com.gargoylesoftware.htmlunit.html
com.gargoylesoftware.htmlunit.html.HtmlLabelTest,com.gargoylesoftware.htmlunit.html
com.gargoylesoftware.htmlunit.html.HtmlLegendTest,com.gargoylesoftware.htmlunit.html
com.gargoylesoftware.htmlunit.html.HtmlLinkTest,com.gargoylesoftware.htmlunit.html
com.gargoylesoftware.htmlunit.html.HtmlListItemTest,com.gargoylesoftware.htmlunit.html
com.gargoylesoftware.htmlunit.html.HtmlMapTest,com.gargoylesoftware.htmlunit.html
com.gargoylesoftware.htmlunit.html.HtmlMenuTest,com.gargoylesoftware.htmlunit.html
com.gargoylesoftware.htmlunit.html.HtmlMetaTest,com.gargoylesoftware.htmlunit.html
com.gargoylesoftware.htmlunit.html.HtmlModificationTest,com.gargoylesoftware.htmlunit.html
com.gargoylesoftware.htmlunit.html.HtmlNoFramesTest,com.gargoylesoftware.htmlunit.html
com.gargoylesoftware.htmlunit.html.HtmlNoScriptTest,com.gargoylesoftware.htmlunit.html
com.gargoylesoftware.htmlunit.html.HtmlObjectTest,com.gargoylesoftware.htmlunit.html
com.gargoylesoftware.htmlunit.javascript.host.ActiveXObjectTest,com.gargoylesoftware.htmlunit.javascript.host
com.gargoylesoftware.htmlunit.html.HtmlOptionGroupTest,com.gargoylesoftware.htmlunit.html
com.gargoylesoftware.htmlunit.html.HtmlOptionTest,com.gargoylesoftware.htmlunit.html
com.gargoylesoftware.htmlunit.html.HtmlOrderedListTest,com.gargoylesoftware.htmlunit.html
com.gargoylesoftware.htmlunit.html.HtmlPage2Test,com.gargoylesoftware.htmlunit.html
com.gargoylesoftware.htmlunit.html.HtmlPage3Test,com.gargoylesoftware.htmlunit.html
com.gargoylesoftware.htmlunit.html.HtmlPageTest,com.gargoylesoftware.htmlunit.html
com.gargoylesoftware.htmlunit.html.HtmlPageTest.RefreshServlet,com.gargoylesoftware.htmlunit.html,***
com.gargoylesoftware.htmlunit.html.LoggingRefreshHandler,com.gargoylesoftware.htmlunit.html
com.gargoylesoftware.htmlunit.html.HtmlParagraphTest,com.gargoylesoftware.htmlunit.html
com.gargoylesoftware.htmlunit.html.HtmlParameterTest,com.gargoylesoftware.htmlunit.html
com.gargoylesoftware.htmlunit.html.HTMLParser2Test,com.gargoylesoftware.htmlunit.html
com.gargoylesoftware.htmlunit.html.HTMLParserListenerTest,com.gargoylesoftware.htmlunit.html
com.gargoylesoftware.htmlunit.html.HTMLParserListenerTest.MessageInfo,com.gargoylesoftware.htmlunit.html,***
com.gargoylesoftware.htmlunit.html.HTMLParserTest,com.gargoylesoftware.htmlunit.html
com.gargoylesoftware.htmlunit.html.HTMLParserTest.HeaderVsMetaTagContentTypeServlet,com.gargoylesoftware.htmlunit.html,***
com.gargoylesoftware.htmlunit.html.HtmlPasswordInputTest,com.gargoylesoftware.htmlunit.html
com.gargoylesoftware.htmlunit.html.HtmlPreformattedTextTest,com.gargoylesoftware.htmlunit.html
com.gargoylesoftware.htmlunit.html.HtmlQuoteTest,com.gargoylesoftware.htmlunit.html
com.gargoylesoftware.htmlunit.html.HtmlRadioButtonInput2Test,com.gargoylesoftware.htmlunit.html
com.gargoylesoftware.htmlunit.html.HtmlRadioButtonInputTest,com.gargoylesoftware.htmlunit.html
com.gargoylesoftware.htmlunit.html.HtmlResetInputTest,com.gargoylesoftware.htmlunit.html
com.gargoylesoftware.htmlunit.html.HtmlScript2Test,com.gargoylesoftware.htmlunit.html
com.gargoylesoftware.htmlunit.html.HtmlScriptTest,com.gargoylesoftware.htmlunit.html
com.gargoylesoftware.htmlunit.html.HtmlSelect2Test,com.gargoylesoftware.htmlunit.html
com.gargoylesoftware.htmlunit.html.HtmlSelectTest,com.gargoylesoftware.htmlunit.html
com.gargoylesoftware.htmlunit.html.HtmlSpanTest,com.gargoylesoftware.htmlunit.html
com.gargoylesoftware.htmlunit.html.HtmlStyleTest,com.gargoylesoftware.htmlunit.html
com.gargoylesoftware.htmlunit.html.HtmlSubmitInputTest,com.gargoylesoftware.htmlunit.html
com.gargoylesoftware.htmlunit.html.HtmlTable2Test,com.gargoylesoftware.htmlunit.html
com.gargoylesoftware.htmlunit.html.HtmlTableCellTest,com.gargoylesoftware.htmlunit.html
com.gargoylesoftware.htmlunit.html.HtmlTableColumnTest,com.gargoylesoftware.htmlunit.html
com.gargoylesoftware.htmlunit.html.HtmlTableRowTest,com.gargoylesoftware.htmlunit.html
com.gargoylesoftware.htmlunit.html.HtmlTableSectionTest,com.gargoylesoftware.htmlunit.html
com.gargoylesoftware.htmlunit.html.HtmlTableTest,com.gargoylesoftware.htmlunit.html
com.gargoylesoftware.htmlunit.html.HtmlTextAreaTest,com.gargoylesoftware.htmlunit.html
com.gargoylesoftware.htmlunit.html.HtmlTextInputTest,com.gargoylesoftware.htmlunit.html
com.gargoylesoftware.htmlunit.html.HtmlTitleTest,com.gargoylesoftware.htmlunit.html
com.gargoylesoftware.htmlunit.html.HtmlUnknownElementTest,com.gargoylesoftware.htmlunit.html
com.gargoylesoftware.htmlunit.html.HtmlUnorderedListTest,com.gargoylesoftware.htmlunit.html
com.gargoylesoftware.htmlunit.html.HtmlWordBreakTest,com.gargoylesoftware.htmlunit.html
com.gargoylesoftware.htmlunit.html.IEConditionalCommentExpressionEvaluatorTest,com.gargoylesoftware.htmlunit.html
com.gargoylesoftware.htmlunit.html.IEConditionalCommentsTest,com.gargoylesoftware.htmlunit.html
com.gargoylesoftware.htmlunit.html.MalformedHtmlTest,com.gargoylesoftware.htmlunit.html
com.gargoylesoftware.htmlunit.html.XHtmlPageTest,com.gargoylesoftware.htmlunit.html
com.gargoylesoftware.htmlunit.html.xpath.HtmlUnitXPathTest,com.gargoylesoftware.htmlunit.html.xpath
com.gargoylesoftware.htmlunit.HttpWebConnectionTest.EmptyPutServlet,com.gargoylesoftware.htmlunit,***
com.gargoylesoftware.htmlunit.ImmediateRefreshHandlerTest,com.gargoylesoftware.htmlunit
com.gargoylesoftware.htmlunit.IncorrectnessListenerTest,com.gargoylesoftware.htmlunit
com.gargoylesoftware.htmlunit.javascript.AttributeCaseTest,com.gargoylesoftware.htmlunit.javascript
com.gargoylesoftware.htmlunit.javascript.background.JavaScriptJobManagerMinimalTest,com.gargoylesoftware.htmlunit.javascript.background
com.gargoylesoftware.htmlunit.javascript.background.JavaScriptJobManagerTest,com.gargoylesoftware.htmlunit.javascript.background
com.gargoylesoftware.htmlunit.javascript.background.MemoryLeakTest,com.gargoylesoftware.htmlunit.javascript.background
com.gargoylesoftware.htmlunit.util.MemoryLeakDetector,com.gargoylesoftware.htmlunit.util
com.gargoylesoftware.htmlunit.javascript.configuration.ClassConfigurationTest,com.gargoylesoftware.htmlunit.javascript.configuration
com.gargoylesoftware.htmlunit.javascript.configuration.ClassConfigurationTest.ConfigTestClass,com.gargoylesoftware.htmlunit.javascript.configuration,***
com.gargoylesoftware.htmlunit.javascript.configuration.JavaScriptConfigurationTest,com.gargoylesoftware.htmlunit.javascript.configuration
com.gargoylesoftware.htmlunit.javascript.DebugFrameImplTest,com.gargoylesoftware.htmlunit.javascript
com.gargoylesoftware.htmlunit.javascript.GlobalFunctionsTest,com.gargoylesoftware.htmlunit.javascript
com.gargoylesoftware.htmlunit.javascript.NativeDateTest,com.gargoylesoftware.htmlunit.javascript
com.gargoylesoftware.htmlunit.javascript.host.AttrTest,com.gargoylesoftware.htmlunit.javascript.host
com.gargoylesoftware.htmlunit.javascript.host.BoxObjectTest,com.gargoylesoftware.htmlunit.javascript.host
com.gargoylesoftware.htmlunit.javascript.host.canvas.CanvasRenderingContext2DTest,com.gargoylesoftware.htmlunit.javascript.host.canvas
com.gargoylesoftware.htmlunit.javascript.host.CDATASectionTest,com.gargoylesoftware.htmlunit.javascript.host
com.gargoylesoftware.htmlunit.javascript.host.CharacterDataImplTest,com.gargoylesoftware.htmlunit.javascript.host
com.gargoylesoftware.htmlunit.javascript.host.CommentTest,com.gargoylesoftware.htmlunit.javascript.host
com.gargoylesoftware.htmlunit.javascript.host.css.ComputedCSSStyleDeclarationTest,com.gargoylesoftware.htmlunit.javascript.host.css
com.gargoylesoftware.htmlunit.javascript.host.css.CSSImportRuleTest,com.gargoylesoftware.htmlunit.javascript.host.css
com.gargoylesoftware.htmlunit.javascript.host.css.CSSPrimitiveValueTest,com.gargoylesoftware.htmlunit.javascript.host.css
com.gargoylesoftware.htmlunit.javascript.host.css.CSSStyleDeclaration2Test,com.gargoylesoftware.htmlunit.javascript.host.css
com.gargoylesoftware.htmlunit.javascript.host.css.CSSStyleDeclarationTest,com.gargoylesoftware.htmlunit.javascript.host.css
com.gargoylesoftware.htmlunit.javascript.host.css.CSSStyleRuleTest,com.gargoylesoftware.htmlunit.javascript.host.css
com.gargoylesoftware.htmlunit.javascript.host.css.CSSValueTest,com.gargoylesoftware.htmlunit.javascript.host.css
com.gargoylesoftware.htmlunit.javascript.host.css.SelectorSpecificityTest,com.gargoylesoftware.htmlunit.javascript.host.css
com.gargoylesoftware.htmlunit.javascript.host.DocumentTest,com.gargoylesoftware.htmlunit.javascript.host
com.gargoylesoftware.htmlunit.javascript.host.DocumentTypeTest,com.gargoylesoftware.htmlunit.javascript.host
com.gargoylesoftware.htmlunit.javascript.host.DOMExceptionTest,com.gargoylesoftware.htmlunit.javascript.host
com.gargoylesoftware.htmlunit.javascript.host.DOMImplementationTest,com.gargoylesoftware.htmlunit.javascript.host
com.gargoylesoftware.htmlunit.javascript.host.DOMParserTest,com.gargoylesoftware.htmlunit.javascript.host
com.gargoylesoftware.htmlunit.javascript.host.ElementTest,com.gargoylesoftware.htmlunit.javascript.host
com.gargoylesoftware.htmlunit.javascript.host.EnumeratorTest,com.gargoylesoftware.htmlunit.javascript.host
com.gargoylesoftware.htmlunit.javascript.host.EventNodeTest,com.gargoylesoftware.htmlunit.javascript.host
com.gargoylesoftware.htmlunit.javascript.host.EventTest,com.gargoylesoftware.htmlunit.javascript.host
com.gargoylesoftware.htmlunit.javascript.host.HistoryTest,com.gargoylesoftware.htmlunit.javascript.host
com.gargoylesoftware.htmlunit.javascript.host.html.HTMLAnchorElementTest,com.gargoylesoftware.htmlunit.javascript.host.html
com.gargoylesoftware.htmlunit.javascript.host.html.HTMLAppletElementTest,com.gargoylesoftware.htmlunit.javascript.host.html
com.gargoylesoftware.htmlunit.javascript.host.html.HTMLAreaElementTest,com.gargoylesoftware.htmlunit.javascript.host.html
com.gargoylesoftware.htmlunit.javascript.host.html.HTMLBaseElementTest,com.gargoylesoftware.htmlunit.javascript.host.html
com.gargoylesoftware.htmlunit.javascript.host.html.HTMLBodyElementTest,com.gargoylesoftware.htmlunit.javascript.host.html
com.gargoylesoftware.htmlunit.javascript.host.html.HTMLBRElementTest,com.gargoylesoftware.htmlunit.javascript.host.html
com.gargoylesoftware.htmlunit.javascript.host.html.HTMLButtonElementTest,com.gargoylesoftware.htmlunit.javascript.host.html
com.gargoylesoftware.htmlunit.javascript.host.html.HTMLCanvasElementTest,com.gargoylesoftware.htmlunit.javascript.host.html
com.gargoylesoftware.htmlunit.javascript.host.html.HTMLCollectionTest,com.gargoylesoftware.htmlunit.javascript.host.html
com.gargoylesoftware.htmlunit.javascript.host.html.HTMLDirectoryElementTest,com.gargoylesoftware.htmlunit.javascript.host.html
com.gargoylesoftware.htmlunit.javascript.host.html.HTMLDivElementTest,com.gargoylesoftware.htmlunit.javascript.host.html
com.gargoylesoftware.htmlunit.javascript.host.html.HTMLDListElementTest,com.gargoylesoftware.htmlunit.javascript.host.html
com.gargoylesoftware.htmlunit.javascript.host.html.HTMLDocumentTest,com.gargoylesoftware.htmlunit.javascript.host.html
com.gargoylesoftware.htmlunit.javascript.host.html.HTMLDocumentWriteTest,com.gargoylesoftware.htmlunit.javascript.host.html
com.gargoylesoftware.htmlunit.javascript.host.html.HTMLElement2Test,com.gargoylesoftware.htmlunit.javascript.host.html
com.gargoylesoftware.htmlunit.javascript.host.html.HTMLElementTest,com.gargoylesoftware.htmlunit.javascript.host.html
com.gargoylesoftware.htmlunit.javascript.host.html.HTMLFormElementTest,com.gargoylesoftware.htmlunit.javascript.host.html
com.gargoylesoftware.htmlunit.javascript.host.html.HTMLFrameElementTest,com.gargoylesoftware.htmlunit.javascript.host.html
com.gargoylesoftware.htmlunit.javascript.host.html.HTMLFrameSetElementTest,com.gargoylesoftware.htmlunit.javascript.host.html
com.gargoylesoftware.htmlunit.javascript.host.html.HTMLHtmlElementTest,com.gargoylesoftware.htmlunit.javascript.host.html
com.gargoylesoftware.htmlunit.javascript.host.html.HTMLIFrameElementTest,com.gargoylesoftware.htmlunit.javascript.host.html
com.gargoylesoftware.htmlunit.javascript.host.html.HTMLImageElementTest,com.gargoylesoftware.htmlunit.javascript.host.html
com.gargoylesoftware.htmlunit.javascript.host.html.HTMLInputElementTest,com.gargoylesoftware.htmlunit.javascript.host.html
com.gargoylesoftware.htmlunit.javascript.host.html.HTMLLabelElementTest,com.gargoylesoftware.htmlunit.javascript.host.html
com.gargoylesoftware.htmlunit.javascript.host.html.HTMLLegendElementTest,com.gargoylesoftware.htmlunit.javascript.host.html
com.gargoylesoftware.htmlunit.javascript.host.html.HTMLLinkElementTest,com.gargoylesoftware.htmlunit.javascript.host.html
com.gargoylesoftware.htmlunit.javascript.host.html.HTMLMapElementTest,com.gargoylesoftware.htmlunit.javascript.host.html
com.gargoylesoftware.htmlunit.javascript.host.html.HTMLMenuElementTest,com.gargoylesoftware.htmlunit.javascript.host.html
com.gargoylesoftware.htmlunit.javascript.host.html.HTMLMetaElementTest,com.gargoylesoftware.htmlunit.javascript.host.html
com.gargoylesoftware.htmlunit.javascript.host.html.HTMLObjectElementTest,com.gargoylesoftware.htmlunit.javascript.host.html
com.gargoylesoftware.htmlunit.javascript.host.html.HTMLOListElementTest,com.gargoylesoftware.htmlunit.javascript.host.html
com.gargoylesoftware.htmlunit.javascript.host.html.HTMLOptionElementTest,com.gargoylesoftware.htmlunit.javascript.host.html
com.gargoylesoftware.htmlunit.javascript.host.html.HTMLParagraphElementTest,com.gargoylesoftware.htmlunit.javascript.host.html
com.gargoylesoftware.htmlunit.javascript.host.html.HTMLScriptElementTest,com.gargoylesoftware.htmlunit.javascript.host.html
com.gargoylesoftware.htmlunit.javascript.host.html.HTMLSelectElementTest,com.gargoylesoftware.htmlunit.javascript.host.html
com.gargoylesoftware.htmlunit.javascript.host.html.HTMLSpanElementTest,com.gargoylesoftware.htmlunit.javascript.host.html
com.gargoylesoftware.htmlunit.javascript.host.html.HTMLStyleElementTest,com.gargoylesoftware.htmlunit.javascript.host.html
com.gargoylesoftware.htmlunit.javascript.host.html.HTMLTableCaptionElementTest,com.gargoylesoftware.htmlunit.javascript.host.html
com.gargoylesoftware.htmlunit.javascript.host.html.HTMLTableCellElementTest,com.gargoylesoftware.htmlunit.javascript.host.html
com.gargoylesoftware.htmlunit.javascript.host.html.HTMLTableColElementTest,com.gargoylesoftware.htmlunit.javascript.host.html
com.gargoylesoftware.htmlunit.javascript.host.html.HTMLTableElementTest,com.gargoylesoftware.htmlunit.javascript.host.html
com.gargoylesoftware.htmlunit.javascript.host.html.HTMLTableRowElementTest,com.gargoylesoftware.htmlunit.javascript.host.html
com.gargoylesoftware.htmlunit.javascript.host.html.HTMLTableSectionElementTest,com.gargoylesoftware.htmlunit.javascript.host.html
com.gargoylesoftware.htmlunit.javascript.host.html.HTMLTextAreaElementTest,com.gargoylesoftware.htmlunit.javascript.host.html
com.gargoylesoftware.htmlunit.javascript.host.html.HTMLTitleElementTest,com.gargoylesoftware.htmlunit.javascript.host.html
com.gargoylesoftware.htmlunit.javascript.host.html.HTMLUListElementTest,com.gargoylesoftware.htmlunit.javascript.host.html
com.gargoylesoftware.htmlunit.javascript.host.KeyboardEventTest,com.gargoylesoftware.htmlunit.javascript.host
com.gargoylesoftware.htmlunit.javascript.host.LocationTest,com.gargoylesoftware.htmlunit.javascript.host
com.gargoylesoftware.htmlunit.javascript.host.MimeTypeTest,com.gargoylesoftware.htmlunit.javascript.host
com.gargoylesoftware.htmlunit.javascript.host.MouseEvent2Test,com.gargoylesoftware.htmlunit.javascript.host
com.gargoylesoftware.htmlunit.javascript.host.MouseEventTest,com.gargoylesoftware.htmlunit.javascript.host
com.gargoylesoftware.htmlunit.javascript.host.MutationEventTest,com.gargoylesoftware.htmlunit.javascript.host
com.gargoylesoftware.htmlunit.javascript.host.NamedNodeMap2Test,com.gargoylesoftware.htmlunit.javascript.host
com.gargoylesoftware.htmlunit.javascript.host.NamedNodeMapTest,com.gargoylesoftware.htmlunit.javascript.host
com.gargoylesoftware.htmlunit.javascript.host.NamespaceTest,com.gargoylesoftware.htmlunit.javascript.host
com.gargoylesoftware.htmlunit.javascript.host.NavigatorTest,com.gargoylesoftware.htmlunit.javascript.host
com.gargoylesoftware.htmlunit.javascript.host.NodeFiterTest,com.gargoylesoftware.htmlunit.javascript.host
com.gargoylesoftware.htmlunit.javascript.host.NodeTest,com.gargoylesoftware.htmlunit.javascript.host
com.gargoylesoftware.htmlunit.javascript.host.ObjectsTest,com.gargoylesoftware.htmlunit.javascript.host
com.gargoylesoftware.htmlunit.javascript.host.OfflineResourceListTest,com.gargoylesoftware.htmlunit.javascript.host
com.gargoylesoftware.htmlunit.javascript.host.PopupTest,com.gargoylesoftware.htmlunit.javascript.host
com.gargoylesoftware.htmlunit.javascript.host.PropertiesTest,com.gargoylesoftware.htmlunit.javascript.host
com.gargoylesoftware.htmlunit.javascript.host.RangeTest,com.gargoylesoftware.htmlunit.javascript.host
com.gargoylesoftware.htmlunit.javascript.host.ScreenTest,com.gargoylesoftware.htmlunit.javascript.host
com.gargoylesoftware.htmlunit.javascript.host.SelectionTest,com.gargoylesoftware.htmlunit.javascript.host
com.gargoylesoftware.htmlunit.javascript.host.StyleSheetListTest,com.gargoylesoftware.htmlunit.javascript.host
com.gargoylesoftware.htmlunit.javascript.host.StyleSheetTest,com.gargoylesoftware.htmlunit.javascript.host
com.gargoylesoftware.htmlunit.javascript.host.TextRangeTest,com.gargoylesoftware.htmlunit.javascript.host
com.gargoylesoftware.htmlunit.javascript.host.TextTest,com.gargoylesoftware.htmlunit.javascript.host
com.gargoylesoftware.htmlunit.javascript.host.TreeWalkerTest,com.gargoylesoftware.htmlunit.javascript.host
com.gargoylesoftware.htmlunit.javascript.host.UIEventTest,com.gargoylesoftware.htmlunit.javascript.host
com.gargoylesoftware.htmlunit.javascript.host.Window2Test,com.gargoylesoftware.htmlunit.javascript.host
com.gargoylesoftware.htmlunit.javascript.host.WindowConcurrencyTest,com.gargoylesoftware.htmlunit.javascript.host
com.gargoylesoftware.htmlunit.javascript.host.WindowTest,com.gargoylesoftware.htmlunit.javascript.host
com.gargoylesoftware.htmlunit.javascript.host.xml.XMLDocument2Test,com.gargoylesoftware.htmlunit.javascript.host.xml
com.gargoylesoftware.htmlunit.javascript.host.xml.XMLDocumentTest,com.gargoylesoftware.htmlunit.javascript.host.xml
com.gargoylesoftware.htmlunit.javascript.host.xml.XMLHttpRequest2Test,com.gargoylesoftware.htmlunit.javascript.host.xml
com.gargoylesoftware.htmlunit.javascript.host.xml.XMLHttpRequestTest,com.gargoylesoftware.htmlunit.javascript.host.xml
com.gargoylesoftware.htmlunit.javascript.host.xml.XMLHttpRequestTest.DisconnectedMockWebConnection,com.gargoylesoftware.htmlunit.javascript.host.xml,***
com.gargoylesoftware.htmlunit.javascript.host.xml.XMLHttpRequestTest.StreamingServlet,com.gargoylesoftware.htmlunit.javascript.host.xml,***
com.gargoylesoftware.htmlunit.javascript.host.xml.XMLSerializerTest,com.gargoylesoftware.htmlunit.javascript.host.xml
com.gargoylesoftware.htmlunit.javascript.host.XPathResultTest,com.gargoylesoftware.htmlunit.javascript.host
com.gargoylesoftware.htmlunit.javascript.host.XSLTProcessorTest,com.gargoylesoftware.htmlunit.javascript.host
com.gargoylesoftware.htmlunit.javascript.IEConditionalCompilationTest,com.gargoylesoftware.htmlunit.javascript
com.gargoylesoftware.htmlunit.javascript.IEWeirdSyntaxTest,com.gargoylesoftware.htmlunit.javascript
com.gargoylesoftware.htmlunit.javascript.JavaScriptEngine2Test,com.gargoylesoftware.htmlunit.javascript
com.gargoylesoftware.htmlunit.javascript.JavaScriptEngineTest,com.gargoylesoftware.htmlunit.javascript
com.gargoylesoftware.htmlunit.javascript.JavaScriptEngineTest.CountingJavaScriptEngine,com.gargoylesoftware.htmlunit.javascript,***
com.gargoylesoftware.htmlunit.javascript.MockActiveXObject,com.gargoylesoftware.htmlunit.javascript
com.gargoylesoftware.htmlunit.javascript.NativeArrayTest,com.gargoylesoftware.htmlunit.javascript
com.gargoylesoftware.htmlunit.javascript.NativeFunctionTest,com.gargoylesoftware.htmlunit.javascript
com.gargoylesoftware.htmlunit.javascript.NativeNumberTest,com.gargoylesoftware.htmlunit.javascript
com.gargoylesoftware.htmlunit.javascript.NativeObjectTest,com.gargoylesoftware.htmlunit.javascript
com.gargoylesoftware.htmlunit.javascript.NativeStringTest,com.gargoylesoftware.htmlunit.javascript
com.gargoylesoftware.htmlunit.javascript.PostponedActionTest,com.gargoylesoftware.htmlunit.javascript
com.gargoylesoftware.htmlunit.javascript.ProxyAutoConfigTest,com.gargoylesoftware.htmlunit.javascript
com.gargoylesoftware.htmlunit.javascript.regexp.HtmlUnitRegExpProxyTest,com.gargoylesoftware.htmlunit.javascript.regexp
com.gargoylesoftware.htmlunit.javascript.SimpleScriptableTest,com.gargoylesoftware.htmlunit.javascript
com.gargoylesoftware.htmlunit.javascript.StringScriptPreProcessorTest,com.gargoylesoftware.htmlunit.javascript
com.gargoylesoftware.htmlunit.javascript.ThreadTest,com.gargoylesoftware.htmlunit.javascript
com.gargoylesoftware.htmlunit.javascript.ThreadTest.TestThread,com.gargoylesoftware.htmlunit.javascript,***
com.gargoylesoftware.htmlunit.libraries.CurvyCornersTest,com.gargoylesoftware.htmlunit.libraries
com.gargoylesoftware.htmlunit.libraries.Dojo102Test,com.gargoylesoftware.htmlunit.libraries
com.gargoylesoftware.htmlunit.libraries.ExtJS22Test,com.gargoylesoftware.htmlunit.libraries
com.gargoylesoftware.htmlunit.libraries.GWT20Test,com.gargoylesoftware.htmlunit.libraries
com.gargoylesoftware.htmlunit.libraries.GWTSourceTest,com.gargoylesoftware.htmlunit.libraries
com.gargoylesoftware.htmlunit.libraries.JQuery126LocalTest,com.gargoylesoftware.htmlunit.libraries
com.gargoylesoftware.htmlunit.libraries.JQuery126Test,com.gargoylesoftware.htmlunit.libraries
com.gargoylesoftware.htmlunit.libraries.LibraryDependencyTest,com.gargoylesoftware.htmlunit.libraries
com.gargoylesoftware.htmlunit.libraries.MochiKitTest,com.gargoylesoftware.htmlunit.libraries
com.gargoylesoftware.htmlunit.libraries.MooTools121Test,com.gargoylesoftware.htmlunit.libraries
com.gargoylesoftware.htmlunit.libraries.Prototype150rc1Test,com.gargoylesoftware.htmlunit.libraries
com.gargoylesoftware.htmlunit.libraries.Prototype160Test,com.gargoylesoftware.htmlunit.libraries
com.gargoylesoftware.htmlunit.libraries.Sarissa0993Test,com.gargoylesoftware.htmlunit.libraries
com.gargoylesoftware.htmlunit.libraries.TinyMceTest,com.gargoylesoftware.htmlunit.libraries
com.gargoylesoftware.htmlunit.libraries.YuiTest,com.gargoylesoftware.htmlunit.libraries
com.gargoylesoftware.htmlunit.MockWebConnectionTest,com.gargoylesoftware.htmlunit
com.gargoylesoftware.htmlunit.NicelyResynchronizingAjaxControllerTest,com.gargoylesoftware.htmlunit
com.gargoylesoftware.htmlunit.NotYetImplementedTest,com.gargoylesoftware.htmlunit
com.gargoylesoftware.htmlunit.protocol.data.DataURLDecoderTest,com.gargoylesoftware.htmlunit.protocol.data
com.gargoylesoftware.htmlunit.ScriptExceptionTest,com.gargoylesoftware.htmlunit
com.gargoylesoftware.htmlunit.ScriptPreProcessorTest,com.gargoylesoftware.htmlunit
com.gargoylesoftware.htmlunit.SimpleWebDriverTest,com.gargoylesoftware.htmlunit
com.gargoylesoftware.htmlunit.source.JQueryExtractor,com.gargoylesoftware.htmlunit.source
com.gargoylesoftware.htmlunit.source.JQueryExtractorSample,com.gargoylesoftware.htmlunit.source
com.gargoylesoftware.htmlunit.source.Patch,com.gargoylesoftware.htmlunit.source
com.gargoylesoftware.htmlunit.source.SVN,com.gargoylesoftware.htmlunit.source
com.gargoylesoftware.htmlunit.TextUtilTest,com.gargoylesoftware.htmlunit
com.gargoylesoftware.htmlunit.TopLevelWindowTest,com.gargoylesoftware.htmlunit
com.gargoylesoftware.htmlunit.util.DebuggingWebConnectionTest,com.gargoylesoftware.htmlunit.util
com.gargoylesoftware.htmlunit.util.EncodingSnifferTest,com.gargoylesoftware.htmlunit.util
com.gargoylesoftware.htmlunit.util.FalsifyingWebConnectionTest,com.gargoylesoftware.htmlunit.util
com.gargoylesoftware.htmlunit.util.UrlUtilsTest,com.gargoylesoftware.htmlunit.util
com.gargoylesoftware.htmlunit.util.WebConnectionWrapperTest,com.gargoylesoftware.htmlunit.util
com.gargoylesoftware.htmlunit.WaitingRefreshHandlerTest,com.gargoylesoftware.htmlunit
com.gargoylesoftware.htmlunit.WebAssertTest,com.gargoylesoftware.htmlunit
com.gargoylesoftware.htmlunit.WebClient2Test,com.gargoylesoftware.htmlunit
com.gargoylesoftware.htmlunit.WebClient2Test.RedirectServlet,com.gargoylesoftware.htmlunit,***
com.gargoylesoftware.htmlunit.WebClient2Test.RedirectServlet303,com.gargoylesoftware.htmlunit,***
com.gargoylesoftware.htmlunit.WebClient2Test.RedirectServlet307,com.gargoylesoftware.htmlunit,***
com.gargoylesoftware.htmlunit.WebClientTest,com.gargoylesoftware.htmlunit
com.gargoylesoftware.htmlunit.WebClientTest.CollectingPageCreator,com.gargoylesoftware.htmlunit,***
com.gargoylesoftware.htmlunit.WebClientTest.NoContentServlet1,com.gargoylesoftware.htmlunit,***
com.gargoylesoftware.htmlunit.WebClientTest.NoContentServlet2,com.gargoylesoftware.htmlunit,***
com.gargoylesoftware.htmlunit.WebClientTest.NotModifiedServlet,com.gargoylesoftware.htmlunit,***
com.gargoylesoftware.htmlunit.WebClientTest.UseProxyHeaderServlet,com.gargoylesoftware.htmlunit,***
com.gargoylesoftware.htmlunit.ThreadSynchronizer,com.gargoylesoftware.htmlunit
com.gargoylesoftware.htmlunit.WebClientWaitForBackgroundJobsTest,com.gargoylesoftware.htmlunit
com.gargoylesoftware.htmlunit.WebDriverOldTestsTest,com.gargoylesoftware.htmlunit
com.gargoylesoftware.htmlunit.FixedWebDriverHtmlUnitWebElement,com.gargoylesoftware.htmlunit
com.gargoylesoftware.htmlunit.WebDriverTestCase.MockWebConnectionServlet,com.gargoylesoftware.htmlunit,***
com.gargoylesoftware.htmlunit.WebRequestSettingsTest,com.gargoylesoftware.htmlunit
com.gargoylesoftware.htmlunit.WebResponseDataTest,com.gargoylesoftware.htmlunit
com.gargoylesoftware.htmlunit.WebResponseDataTest.RedirectionServlet,com.gargoylesoftware.htmlunit,***
com.gargoylesoftware.htmlunit.WebResponseImplTest,com.gargoylesoftware.htmlunit
com.gargoylesoftware.htmlunit.WebResponseImplTest.ResponseHeadersServlet,com.gargoylesoftware.htmlunit,***
com.gargoylesoftware.htmlunit.xml.XmlPage2Test,com.gargoylesoftware.htmlunit.xml
com.gargoylesoftware.htmlunit.xml.XmlPageTest,com.gargoylesoftware.htmlunit.xml
com.gargoylesoftware.htmlunit.xml.XmlPageTest.NoResponseServlet,com.gargoylesoftware.htmlunit.xml,***
com.gargoylesoftware.htmlunit.AlertHandler,com.gargoylesoftware.htmlunit
com.gargoylesoftware.htmlunit.Page,com.gargoylesoftware.htmlunit
com.gargoylesoftware.htmlunit.WebResponse,com.gargoylesoftware.htmlunit
com.gargoylesoftware.htmlunit.attachment.AttachmentHandler,com.gargoylesoftware.htmlunit.attachment
com.gargoylesoftware.htmlunit.ConfirmHandler,com.gargoylesoftware.htmlunit
com.gargoylesoftware.htmlunit.PageCreator,com.gargoylesoftware.htmlunit
com.gargoylesoftware.htmlunit.WebWindow,com.gargoylesoftware.htmlunit
com.gargoylesoftware.htmlunit.html.IElementFactory,com.gargoylesoftware.htmlunit.html
com.gargoylesoftware.htmlunit.html.DisabledElement,com.gargoylesoftware.htmlunit.html
com.gargoylesoftware.htmlunit.html.DomChangeListener,com.gargoylesoftware.htmlunit.html
com.gargoylesoftware.htmlunit.html.DomNodeList,com.gargoylesoftware.htmlunit.html
com.gargoylesoftware.htmlunit.IncorrectnessListener,com.gargoylesoftware.htmlunit
com.gargoylesoftware.htmlunit.html.HtmlAttributeChangeListener,com.gargoylesoftware.htmlunit.html
com.gargoylesoftware.htmlunit.html.SubmittableElement,com.gargoylesoftware.htmlunit.html
com.gargoylesoftware.htmlunit.OnbeforeunloadHandler,com.gargoylesoftware.htmlunit
com.gargoylesoftware.htmlunit.html.impl.SelectableTextInput,com.gargoylesoftware.htmlunit.html.impl
com.gargoylesoftware.htmlunit.RefreshHandler,com.gargoylesoftware.htmlunit
com.gargoylesoftware.htmlunit.html.HTMLParserListener,com.gargoylesoftware.htmlunit.html
com.gargoylesoftware.htmlunit.WebConnection,com.gargoylesoftware.htmlunit
com.gargoylesoftware.htmlunit.javascript.background.JavaScriptJobManager,com.gargoylesoftware.htmlunit.javascript.background
com.gargoylesoftware.htmlunit.javascript.ScriptableWithFallbackGetter,com.gargoylesoftware.htmlunit.javascript
com.gargoylesoftware.htmlunit.PromptHandler,com.gargoylesoftware.htmlunit
com.gargoylesoftware.htmlunit.StatusHandler,com.gargoylesoftware.htmlunit
com.gargoylesoftware.htmlunit.ScriptPreProcessor,com.gargoylesoftware.htmlunit
com.gargoylesoftware.htmlunit.WebWindowListener,com.gargoylesoftware.htmlunit
com.gargoylesoftware.htmlunit.BrowserRunner.Browsers,com.gargoylesoftware.htmlunit,***
com.gargoylesoftware.htmlunit.BrowserRunner.NotYetImplemented,com.gargoylesoftware.htmlunit,***
com.gargoylesoftware.htmlunit.BrowserRunner.Alerts,com.gargoylesoftware.htmlunit,***
