com.gargoylesoftware.htmlunit.javascript.host.css.CSSStyleDeclaration,0,5.0,0.172066117518
com.gargoylesoftware.htmlunit.html.UnknownElementFactory,0,22.0,0.0871091487738
com.gargoylesoftware.htmlunit.ImmediateRefreshHandler,0,19.0,0.0595513161133
com.gargoylesoftware.htmlunit.html.HTMLParserListener,0,5.0,0.0571635568655
com.gargoylesoftware.htmlunit.util.FalsifyingWebConnection,0,36.0,0.0552267945151
com.gargoylesoftware.htmlunit.AlertHandler,0,3.0,0.0549192342852
com.gargoylesoftware.htmlunit.html.HtmlIsIndexTest,1,40.0,0.052084285177
com.gargoylesoftware.htmlunit.html.HtmlIsIndex,0,35.0,0.0494537397584
com.gargoylesoftware.htmlunit.javascript.host.Popup,0,38.0,0.0487496144627
com.gargoylesoftware.htmlunit.javascript.host.Attr,0,62.0,0.0412052813186
com.gargoylesoftware.htmlunit.javascript.background.JavaScriptJobManager,0,10.0,0.0391717235697
com.gargoylesoftware.htmlunit.attachment.AttachmentHandler,0,3.0,0.0388522773168
com.gargoylesoftware.htmlunit.javascript.host.html.HTMLDocument.PARSING_STATUS,0,1.0,0.0385791875769
com.gargoylesoftware.htmlunit.IncorrectnessListenerImpl,1,7.0,0.0382091355711
com.gargoylesoftware.htmlunit.javascript.host.XSLTProcessor,0,150.0,0.0379906277447
com.gargoylesoftware.htmlunit.html.HtmlButton,0,86.0,0.0364905730761
com.gargoylesoftware.htmlunit.html.HtmlImageInput,1,56.0,0.0356538468128
com.gargoylesoftware.htmlunit.html.HtmlQuoteTest,0,22.0,0.0350238753784
com.gargoylesoftware.htmlunit.javascript.background.JavaScriptExecutionJob,0,38.0,0.0348821949639
com.gargoylesoftware.htmlunit.PromptHandler,0,3.0,0.0345736826042
com.gargoylesoftware.htmlunit.javascript.host.StyleSheetList,1,42.0,0.0332784007149
com.gargoylesoftware.htmlunit.OnbeforeunloadHandler,0,3.0,0.0329515405711
org.mozilla.javascript.ast.ParseProblem.Type,0,1.0,0.0320570516746
com.gargoylesoftware.htmlunit.html.DomNodeListTest,0,45.0,0.0295501213207
com.gargoylesoftware.htmlunit.javascript.host.WindowProxy,2,11.0,0.0284900489652
com.gargoylesoftware.htmlunit.util.NameValuePair,0,52.0,0.0279361613844
com.gargoylesoftware.htmlunit.CollectingAlertHandler,0,17.0,0.0275796272284
com.gargoylesoftware.htmlunit.Cache,1,92.0,0.027309404699
com.gargoylesoftware.htmlunit.html.HtmlScript,2,257.0,0.027283070193
com.gargoylesoftware.htmlunit.WebWindowImpl,0,86.0,0.0272815697732
com.gargoylesoftware.htmlunit.javascript.SimpleScriptable,1,229.0,0.0269639754705
com.gargoylesoftware.htmlunit.javascript.host.html.HTMLFormElement,1,178.0,0.0267936888149
com.gargoylesoftware.htmlunit.html.HtmlArea,0,119.0,0.026028100885
com.gargoylesoftware.htmlunit.html.SubmittableElement,0,8.0,0.0259509515884
com.gargoylesoftware.htmlunit.util.StringUtils,1,63.0,0.0254965782455
com.gargoylesoftware.htmlunit.html.HtmlLabel,0,65.0,0.0254564165444
com.gargoylesoftware.htmlunit.html.HTMLParser,0,255.0,0.0250331384255
com.gargoylesoftware.htmlunit.javascript.host.EventListenersContainer,0,154.0,0.0247542687845
com.gargoylesoftware.htmlunit.html.HtmlImage,0,176.0,0.0239886145679
com.gargoylesoftware.htmlunit.javascript.host.html.HTMLUnknownElement,0,14.0,0.0231090453016
com.gargoylesoftware.htmlunit.html.HtmlSelect,0,256.0,0.0228735534652
com.gargoylesoftware.htmlunit.ThreadedRefreshHandler,0,8.0,0.0228322747697
com.gargoylesoftware.htmlunit.javascript.host.ActiveXObject,1,179.0,0.0222817781695
com.gargoylesoftware.htmlunit.javascript.host.TextRange,1,106.0,0.0221575125444
com.gargoylesoftware.htmlunit.WebDriverTestCase,3,234.0,0.0221561526406
com.gargoylesoftware.htmlunit.ElementNotFoundException,0,24.0,0.0221489238114
com.gargoylesoftware.htmlunit.javascript.host.xml.XMLHttpRequest,5,308.0,0.0214411451115
com.gargoylesoftware.htmlunit.xml.XmlPage,1,156.0,0.0211766084296
com.gargoylesoftware.htmlunit.WebResponseImpl,3,113.0,0.0209587508952
com.gargoylesoftware.htmlunit.html.HtmlFileInput,0,78.0,0.0208853131859
com.gargoylesoftware.htmlunit.History,0,79.0,0.0208619642441
org.mozilla.javascript.optimizer.BodyCodegen.FinallyReturnPoint,0,4.0,0.0206271610428
com.gargoylesoftware.htmlunit.html.HtmlApplet,0,79.0,0.0202512043503
com.gargoylesoftware.htmlunit.JavaScriptPage,0,24.0,0.0199784708162
com.gargoylesoftware.htmlunit.html.HtmlLinkTest,1,31.0,0.0192874403448
com.gargoylesoftware.htmlunit.DefaultCssErrorHandler,3,20.0,0.0187963458807
com.gargoylesoftware.htmlunit.html.HtmlDivision,0,19.0,0.0186765890109
com.gargoylesoftware.htmlunit.html.HtmlTextArea,0,174.0,0.0185850397007
org.mozilla.javascript.tools.debugger.ScopeProvider,0,3.0,0.0185205487621
com.gargoylesoftware.htmlunit.util.DebuggingWebConnectionTest,0,18.0,0.0184355978594
com.gargoylesoftware.htmlunit.html.HtmlHtml,0,8.0,0.0182584327347
com.gargoylesoftware.htmlunit.javascript.JavaScriptEngine,4,283.0,0.0178774249962
com.gargoylesoftware.htmlunit.javascript.host.Location,3,181.0,0.0175787676606
org.mozilla.javascript.Script,0,3.0,0.0171839981875
com.gargoylesoftware.htmlunit.javascript.host.Node,1,418.0,0.0168313414397
com.gargoylesoftware.htmlunit.javascript.host.FormField,0,32.0,0.016802292613
com.gargoylesoftware.htmlunit.UnexpectedPage,0,23.0,0.0166691098343
com.gargoylesoftware.htmlunit.javascript.host.SimpleArray,0,42.0,0.0164056226794
com.gargoylesoftware.htmlunit.html.HtmlTableCell,0,24.0,0.0162071388035
com.gargoylesoftware.htmlunit.html.applets.AppletContextImpl,0,39.0,0.0159459336388
com.gargoylesoftware.htmlunit.html.DomElement,0,183.0,0.0159029677502
com.gargoylesoftware.htmlunit.html.DomCharacterData,0,59.0,0.0157606891593
org.mozilla.javascript.debug.DebuggableObject,0,3.0,0.015247112322
com.gargoylesoftware.htmlunit.html.DomDocumentFragment,0,19.0,0.0151543808073
com.gargoylesoftware.htmlunit.javascript.host.PopupPseudoWebWindow,0,46.0,0.0147368874452
com.gargoylesoftware.htmlunit.html.xpath.HtmlUnitXPathTest,1,176.0,0.0147003646586
net.sourceforge.htmlunit.DecompileTest.ContextAction,0,6.0,0.0139754508095
com.gargoylesoftware.htmlunit.HttpWebConnection,0,274.0,0.0136778919507
com.gargoylesoftware.htmlunit.javascript.host.html.HTMLMapElement,0,10.0,0.0136174211293
com.gargoylesoftware.htmlunit.javascript.host.css.CSSImportRule,3,34.0,0.0136088708186
org.mozilla.javascript.xmlimpl.XmlProcessor,0,19.0,0.0134427404306
com.gargoylesoftware.htmlunit.html.HtmlOption,0,118.0,0.0134173973617
com.gargoylesoftware.htmlunit.javascript.host.html.HTMLLabelElement,0,11.0,0.0133815341534
com.gargoylesoftware.htmlunit.javascript.host.Element,0,132.0,0.0132567164419
com.gargoylesoftware.htmlunit.html.HtmlStyle,0,25.0,0.0127587092249
com.gargoylesoftware.htmlunit.javascript.host.Window.DomHtmlAttributeChangeListenerImpl,0,48.0,0.0126221391012
com.gargoylesoftware.htmlunit.html.HtmlHiddenInput,0,11.0,0.0124176574823
com.gargoylesoftware.htmlunit.javascript.host.XSLTemplate,0,19.0,0.0124128299859
com.gargoylesoftware.htmlunit.javascript.host.xml.XMLAttr,0,20.0,0.0118661471997
com.gargoylesoftware.htmlunit.DummyWebResponse,0,56.0,0.0114437332832
com.gargoylesoftware.htmlunit.html.HtmlFont,0,21.0,0.0112995756152
com.gargoylesoftware.htmlunit.javascript.host.html.HTMLTableComponent,0,42.0,0.0112869658926
com.gargoylesoftware.htmlunit.ScriptPreProcessor,0,4.0,0.0112378949025
com.gargoylesoftware.htmlunit.html.impl.SelectionDelegate,0,50.0,0.0107221698851
com.gargoylesoftware.htmlunit.util.UrlUtils,0,397.0,0.0105816350885
com.gargoylesoftware.htmlunit.javascript.host.html.HTMLCollection.DomHtmlAttributeChangeListenerImpl,0,18.0,0.0104280512823
com.gargoylesoftware.htmlunit.html.XPathDomNodeList.DomHtmlAttributeChangeListenerImpl,0,18.0,0.0104280512823
com.gargoylesoftware.htmlunit.javascript.host.DOMParser,0,12.0,0.0102335616778
com.gargoylesoftware.htmlunit.javascript.host.html.HTMLTableCaptionElement,0,30.0,0.0102048282925
com.gargoylesoftware.htmlunit.html.HtmlBreakTest,1,28.0,0.0101307350288
com.gargoylesoftware.htmlunit.javascript.host.html.HTMLButtonElement,0,17.0,0.00994436672256
com.gargoylesoftware.htmlunit.html.HtmlButtonInputTest,0,18.0,0.00982548584666
com.gargoylesoftware.htmlunit.html.HtmlAttributeChangeEvent,0,19.0,0.00979992540284
com.gargoylesoftware.htmlunit.html.HtmlPage.JavaScriptLoadResult,0,6.0,0.00971699232133
com.gargoylesoftware.htmlunit.html.HtmlOptionGroupTest,1,67.0,0.00959869234686
com.gargoylesoftware.htmlunit.html.HtmlParameterTest,0,19.0,0.00959639113011
org.mozilla.javascript.tests.Bug419940Test.BaseFoo,0,3.0,0.00954009569494
org.mozilla.javascript.drivers.ShellTest.Status.Parameters,0,3.0,0.00954009569494
com.gargoylesoftware.htmlunit.html.NamedAttrNodeMapImpl,0,108.0,0.0094853107901
com.gargoylesoftware.htmlunit.javascript.background.JavaScriptJobManagerTest,0,144.0,0.00948007766304
com.gargoylesoftware.htmlunit.javascript.background.JavaScriptJobManagerImpl,2,205.0,0.00946314642499
com.gargoylesoftware.htmlunit.html.HtmlDirectoryTest,0,22.0,0.00944513297267
com.gargoylesoftware.htmlunit.html.HtmlMenuTest,0,22.0,0.00944513297267
com.gargoylesoftware.htmlunit.javascript.host.xml.XMLHttpRequest.NetworkErrorWebResponse,0,57.0,0.00926217705694
net.sourceforge.htmlunit.ContextMethodsTest,0,14.0,0.00923631040579
com.gargoylesoftware.htmlunit.WebResponseImplTest,0,102.0,0.00921885052054
com.gargoylesoftware.htmlunit.libraries.YuiTest,0,134.0,0.00919382816447
org.mozilla.javascript.NativeJSON.StringifyState,0,22.0,0.00914514996898
com.gargoylesoftware.htmlunit.javascript.host.MouseEvent,0,130.0,0.00892889178188
com.gargoylesoftware.htmlunit.html.HtmlHorizontalRule,0,20.0,0.00845511860085
org.mozilla.javascript.Undefined,0,12.0,0.00834249709879
com.gargoylesoftware.htmlunit.javascript.host.html.HTMLTableRowElement,0,82.0,0.00822091976939
com.gargoylesoftware.htmlunit.javascript.host.MimeTypeTest,0,47.0,0.00820536593438
com.gargoylesoftware.htmlunit.WebResponseData,1,66.0,0.00813164411457
com.gargoylesoftware.htmlunit.javascript.host.html.HTMLAppletElement,0,54.0,0.00807523430269
com.gargoylesoftware.htmlunit.html.HtmlTextAreaTest,3,169.0,0.00791068078259
com.gargoylesoftware.htmlunit.javascript.host.Namespace,0,23.0,0.00783205824945
com.gargoylesoftware.htmlunit.javascript.DebuggerAdapter,0,7.0,0.00777049744512
org.mozilla.javascript.tools.debugger.FilePopupMenu,0,19.0,0.00772977199368
com.gargoylesoftware.htmlunit.attachment.Attachment,0,34.0,0.00772688007475
org.mozilla.javascript.Parser.PerFunctionVariables,0,39.0,0.00766963879172
com.gargoylesoftware.htmlunit.protocol.javascript.Handler,0,6.0,0.00763641839533
com.gargoylesoftware.htmlunit.html.HtmlListItem,0,14.0,0.00756724527339
com.gargoylesoftware.htmlunit.libraries.LibraryTestCase,0,10.0,0.00753175168411
com.gargoylesoftware.htmlunit.javascript.host.MutationEvent,0,3.0,0.00743386673043
org.mozilla.javascript.optimizer.Block,0,4.0,0.00742510687836
com.gargoylesoftware.htmlunit.html.HtmlTableColumn,0,26.0,0.00726544982479
com.gargoylesoftware.htmlunit.DefaultCredentialsProviderTest,0,64.0,0.00726327494283
org.mozilla.javascript.NativeArray.Comparator,0,23.0,0.00718003761011
com.gargoylesoftware.htmlunit.WebWindowEvent,0,95.0,0.00716636276964
com.gargoylesoftware.htmlunit.javascript.host.css.CSSRule,2,56.0,0.00708054585647
org.mozilla.javascript.tests.es5.ObjectGetOwnPropertyDescriptorTest,0,19.0,0.00695326846711
com.gargoylesoftware.htmlunit.html.HtmlHtmlTest,0,27.0,0.0069231183119
com.gargoylesoftware.htmlunit.html.HtmlFormTest,4,939.0,0.00686698968059
com.gargoylesoftware.htmlunit.javascript.host.css.SelectorSpecificity,2,100.0,0.00664459329407
org.mozilla.javascript.ast.DestructuringForm,0,4.0,0.00660716514244
org.mozilla.javascript.ScriptRuntime.DefaultMessageProvider,0,18.0,0.00655881391736
net.sourceforge.htmlunit.WriteReadOnlyPropertyTest,0,27.0,0.00650172506363
org.mozilla.javascript.tests.StrictModeApiTest,0,24.0,0.00640113022154
org.mozilla.javascript.tools.debugger.downloaded.AbstractCellEditor,0,30.0,0.00627995734063
com.gargoylesoftware.htmlunit.WebClientTest.WebClient,0,8.0,0.0062624932734
com.gargoylesoftware.htmlunit.html.HtmlParameter,0,23.0,0.00624275118293
org.mozilla.javascript.drivers.ShellTest.FileFilter_0,0,5.0,0.00622240740591
JHawkDefaultPackage.RunScript4,0,22.0,0.00598185772303
org.mozilla.javascript.drivers.ShellTest.Status.Runnable.ContextAction,0,19.0,0.00593076732346
org.mozilla.javascript.tools.debugger.MoreWindows.FindFunction.Evaluator,0,8.0,0.00583599978393
com.gargoylesoftware.htmlunit.javascript.host.css.CSSStyleRule,1,36.0,0.00566668373671
org.mozilla.javascript.Interpreter.CallFrame,0,44.0,0.00565574326681
com.gargoylesoftware.htmlunit.javascript.host.TextRectangle,0,39.0,0.00539889927029
org.mozilla.javascript.tests.Evaluator,1,22.0,0.00536195198714
com.gargoylesoftware.htmlunit.javascript.host.html.HTMLTableColElement,0,41.0,0.0052994418969
com.gargoylesoftware.htmlunit.javascript.ProxyAutoConfigTest,0,70.0,0.00520853418039
org.mozilla.javascript.tests.TypeOfTest,0,46.0,0.00513729578593
com.gargoylesoftware.htmlunit.javascript.DebugFrameImpl,1,145.0,0.00505889061589
com.gargoylesoftware.htmlunit.javascript.host.ProcessingInstruction,0,14.0,0.00501678824883
org.mozilla.javascript.NativeGenerator.CloseGeneratorAction,0,13.0,0.00496171639198
com.gargoylesoftware.htmlunit.javascript.ThreadTest.TestThread,0,53.0,0.00494425914877
com.gargoylesoftware.htmlunit.javascript.configuration.ClassConfigurationTest,0,101.0,0.00487111359509
com.gargoylesoftware.htmlunit.ThreadSynchronizer,0,27.0,0.0047734585729
com.gargoylesoftware.htmlunit.javascript.host.CDATASection,0,5.0,0.00474138121579
net.sourceforge.htmlunit.HostExceptionsTest,0,41.0,0.00472832020541
com.gargoylesoftware.htmlunit.html.HtmlPage.Comparator,0,36.0,0.0047274204332
org.mozilla.javascript.tools.debugger.MoreWindows.FindFunction.VariableModel.Comparator,0,17.0,0.0047229831412
org.mozilla.javascript.tests.Bug467396Test,0,35.0,0.00470259936489
org.mozilla.javascript.tools.shell.JavaPolicySecurity.ContextPermissions.Enumeration,0,3.0,0.00469167490674
org.mozilla.javascript.Scriptable,0,19.0,0.00465377507279
com.gargoylesoftware.htmlunit.html.HtmlElement.ChildElementsIterator,0,43.0,0.00460258863995
com.gargoylesoftware.htmlunit.ScriptException,0,140.0,0.0045825877032
org.mozilla.javascript.NativeJavaConstructor,0,26.0,0.00448757439019
com.gargoylesoftware.htmlunit.html.HtmlOptionTest,1,158.0,0.00443717329934
com.gargoylesoftware.htmlunit.html.HtmlDeletedText,0,14.0,0.00437569347996
com.gargoylesoftware.htmlunit.SilentCssErrorHandler,0,9.0,0.00430991120965
com.gargoylesoftware.htmlunit.html.HTMLParser.HTMLScannerForIE.ContentScannerForIE,0,29.0,0.00428925742188
org.mozilla.javascript.xmlimpl.XmlNode.Filter,0,22.0,0.00420529396983
com.gargoylesoftware.htmlunit.javascript.SimpleScriptableProxy,41,202.0,0.0041592471731
org.mozilla.javascript.tools.debugger.downloaded.JTreeTable.TreeTableCellEditor,0,27.0,0.00411055665065
org.mozilla.javascript.tests.Bug419940Test,0,18.0,0.00407860482148
org.mozilla.javascript.tools.debugger.downloaded.JTreeTable,0,44.0,0.00405708836882
com.gargoylesoftware.htmlunit.javascript.host.html.HTMLBaseElement,0,17.0,0.00399222694839
org.mozilla.javascript.DefaultErrorReporter,0,58.0,0.00390182947174
org.mozilla.javascript.tests.PrimitiveTypeScopeResolutionTest,0,63.0,0.00386767204973
com.gargoylesoftware.htmlunit.html.HtmlTableHeader,0,8.0,0.00386060017814
com.gargoylesoftware.htmlunit.html.HtmlTableFooter,0,8.0,0.00386060017814
com.gargoylesoftware.htmlunit.TopLevelWindowTest.WebWindowListener,1,8.0,0.00384659656617
com.gargoylesoftware.htmlunit.protocol.about.Handler,0,6.0,0.00381820919767
org.mozilla.classfile.ClassFileWriter.ClassFileMethod,0,32.0,0.00376153094958
com.gargoylesoftware.htmlunit.CookieManagerTest.Cookie2Servlet,0,19.0,0.00372571480305
com.gargoylesoftware.htmlunit.javascript.host.html.HTMLListElement,0,21.0,0.00372108724216
org.mozilla.javascript.tests.NativeStringTest.ContextAction,0,8.0,0.00356271430507
org.mozilla.javascript.tests.GlobalParseXTest.ContextAction,0,8.0,0.00356271430507
com.gargoylesoftware.htmlunit.javascript.host.NamespaceCollection,0,63.0,0.00356075496863
com.gargoylesoftware.htmlunit.Version,0,28.0,0.00353077516963
org.mozilla.javascript.PolicySecurityController,0,100.0,0.00348044331695
com.gargoylesoftware.htmlunit.javascript.host.html.HTMLWBRElement,0,5.0,0.00346446893269
com.gargoylesoftware.htmlunit.javascript.host.html.HTMLEmbedElement,0,5.0,0.00346446893269
com.gargoylesoftware.htmlunit.javascript.host.html.HTMLOListElement,0,5.0,0.00346446893269
com.gargoylesoftware.htmlunit.javascript.host.html.HTMLUListElement,0,5.0,0.00346446893269
com.gargoylesoftware.htmlunit.javascript.host.html.HTMLDirectoryElement,0,5.0,0.00346446893269
net.sourceforge.htmlunit.RunWith,0,31.0,0.00346248516651
com.gargoylesoftware.htmlunit.javascript.host.html.HTMLBaseFontElement,0,23.0,0.00344831490486
com.gargoylesoftware.htmlunit.util.ServletContentWrapper,0,18.0,0.00342981165929
org.mozilla.javascript.ast.XmlMemberGet,0,43.0,0.00341726209575
org.mozilla.javascript.tests.ObserveInstructionCountTest.MyFactory,0,27.0,0.00338156628653
org.mozilla.javascript.xml.impl.xmlbeans.XML.XScriptAnnotation,0,10.0,0.00333007488321
com.gargoylesoftware.htmlunit.html.Util.NodeIterator,0,9.0,0.0033181734815
com.gargoylesoftware.htmlunit.html.RunWith.HeaderVsMetaTagContentTypeServlet,0,26.0,0.00330531680149
com.gargoylesoftware.htmlunit.html.HTMLParser.HTMLErrorHandler,0,28.0,0.00325776794505
com.gargoylesoftware.htmlunit.javascript.host.html.HTMLPreElement,0,15.0,0.00323023731436
org.mozilla.javascript.xml.XMLLib,0,69.0,0.00322426741211
com.gargoylesoftware.htmlunit.util.WebClientUtils.SourceProvider,0,14.0,0.0032174182759
org.mozilla.javascript.xml.impl.xmlbeans.XMLWithScope,0,48.0,0.00320235513483
com.gargoylesoftware.htmlunit.source.Patch,0,37.0,0.00316832265992
org.mozilla.classfile.ClassFileWriter.FieldOrMethodRef,0,33.0,0.00312949103429
com.gargoylesoftware.htmlunit.html.HtmlHead,0,11.0,0.00310660144827
com.gargoylesoftware.htmlunit.util.EncodingSnifferTest,0,93.0,0.00308961153442
com.gargoylesoftware.htmlunit.html.HtmlPageTest.MockWebConnection,0,14.0,0.00308269718325
com.gargoylesoftware.htmlunit.ProxyConfig,0,57.0,0.00307588304551
org.mozilla.javascript.tools.debugger.treetable.JTreeTable,0,49.0,0.00305053118844
com.gargoylesoftware.htmlunit.javascript.JavaScriptEngine.HtmlUnitContextAction_2,0,37.0,0.00298714352936
org.mozilla.javascript.regexp.REGlobalData,0,22.0,0.00298384487384
com.gargoylesoftware.htmlunit.html.HTMLParserListenerTest.MessageInfo,0,42.0,0.00296013310475
org.mozilla.javascript.jdk15.VMBridge_jdk15,0,32.0,0.00295761764693
com.gargoylesoftware.htmlunit.javascript.host.css.CSSRuleList,2,64.0,0.00295094550936
com.gargoylesoftware.htmlunit.javascript.host.OfflineResourceList,0,79.0,0.00293096436249
com.gargoylesoftware.htmlunit.xml.RunWith,0,105.0,0.00288686013802
net.sourceforge.htmlunit.Utilities,0,7.0,0.00283739703726
org.mozilla.javascript.tests.JsTestsTest,0,21.0,0.00282990521503
org.mozilla.javascript.debug.DebuggableScript,0,15.0,0.00279350992233
org.mozilla.javascript.ast.ArrayComprehension,0,98.0,0.00266622616829
org.mozilla.javascript.tests.PrimitiveTypeScopeResolutionTest.ContextAction,0,12.0,0.00264814137547
org.mozilla.javascript.tests.Bug448816Test,1,64.0,0.0026446086603
org.mozilla.javascript.WrapFactory,0,64.0,0.00263832081201
JHawkDefaultPackage.Foo,0,34.0,0.00261831924038
com.gargoylesoftware.htmlunit.ssl.InsecureTrustManager,0,9.0,0.00257872957849
com.gargoylesoftware.htmlunit.html.HtmlTableBody,0,8.0,0.00257266542981
com.gargoylesoftware.htmlunit.javascript.host.html.HTMLInsElement,0,25.0,0.00250263624515
com.gargoylesoftware.htmlunit.protocol.data.DataUrlDecoder,0,58.0,0.00247871729461
org.mozilla.javascript.tools.shell.JavaPolicySecurity.Loader,0,15.0,0.0024346582463
org.mozilla.javascript.tests.ClassShutterExceptionTest.OpaqueShutter,0,5.0,0.00242029190322
org.mozilla.javascript.ast.ArrayLiteral,0,84.0,0.00241385370913
com.gargoylesoftware.htmlunit.javascript.JavaScriptEngine.HtmlUnitContextAction,0,9.0,0.00240681718829
com.gargoylesoftware.htmlunit.javascript.host.Enumerator,0,36.0,0.00238816087168
org.mozilla.javascript.tools.debugger.GuiCallback,0,8.0,0.00238356376346
org.mozilla.javascript.ast.XmlRef,0,36.0,0.00237602987897
org.mozilla.javascript.tools.debugger.MoreWindows.FindFunction.FileHeader,0,117.0,0.00234804581035
com.gargoylesoftware.htmlunit.html.DomNode.ChildIterator,0,21.0,0.00233372920647
org.mozilla.javascript.tools.debugger.downloaded.JTreeTable.ListToTreeSelectionModelWrapper,0,51.0,0.00232919290427
com.gargoylesoftware.htmlunit.CookieManagerTest.EmptyCookieServlet,0,14.0,0.00232776498481
com.gargoylesoftware.htmlunit.CookieManagerTest.CommaCookieServlet,0,14.0,0.00232776498481
org.mozilla.javascript.NativeJavaArray,0,109.0,0.0023131555024
net.sourceforge.htmlunit.DecompileTest,0,9.0,0.00229000873117
com.gargoylesoftware.htmlunit.html.HtmlBlockQuote,0,11.0,0.00221900103448
org.mozilla.javascript.Node.NodeIterator,0,39.0,0.00220844051553
org.mozilla.javascript.NativeGenerator,0,168.0,0.0022044719567
org.mozilla.javascript.ast.ExpressionStatement,0,51.0,0.00219036882453
com.gargoylesoftware.htmlunit.javascript.RunWith,0,25.0,0.00216477934374
org.mozilla.javascript.tools.debugger.MoreWindows.FindFunction.VariableModel.ContextWindow,0,147.0,0.00215864309677
org.mozilla.javascript.JavaAdapter.JavaAdapterSignature,0,45.0,0.00213153879373
org.mozilla.javascript.tests.Bug421071Test.ScriptRunner,0,19.0,0.00211759599351
com.gargoylesoftware.htmlunit.NotYetImplementedTest,0,140.0,0.00210875491736
org.mozilla.javascript.drivers.JsDriver,0,14.0,0.00209205409699
org.mozilla.javascript.GeneratedClassLoader,0,4.0,0.00208902061294
org.mozilla.javascript.SecurityUtilities,0,15.0,0.00208393044431
com.gargoylesoftware.htmlunit.ScriptPreProcessorTest.ScriptPreProcessor_2,0,8.0,0.00206717373052
org.mozilla.javascript.ast.ContinueStatement,0,61.0,0.00201770841917
com.gargoylesoftware.htmlunit.html.HtmlInlineQuotation,0,11.0,0.00201607895655
org.mozilla.javascript.xml.impl.xmlbeans.XMLList.AnnotationList,0,24.0,0.00200433005845
net.sourceforge.htmlunit.ArrayConcatTest,0,11.0,0.00199096961277
com.gargoylesoftware.htmlunit.javascript.host.canvas.RunWith,0,25.0,0.00194926876614
org.mozilla.javascript.InterfaceAdapter,0,89.0,0.00193842826075
org.mozilla.javascript.tests.NativeArrayTest,0,85.0,0.00193579222477
com.gargoylesoftware.htmlunit.WebClientTest.UseProxyHeaderServlet,0,12.0,0.00192668143176
org.mozilla.javascript.ast.Assignment,0,20.0,0.00191094111552
org.mozilla.javascript.tests.Bug421071Test.DynamicScopeContextFactory,0,8.0,0.00190503753509
org.mozilla.javascript.tests.PrimitiveTypeScopeResolutionTest.ContextAction_0,0,12.0,0.00189560131121
org.mozilla.classfile.ClassFileWriter.ClassFileField,0,50.0,0.00186525713425
org.mozilla.javascript.ScriptableObject.Slot,0,48.0,0.00185867532419
org.mozilla.javascript.tools.debugger.downloaded.TreeTableModelAdapter.TreeModelListener,0,13.0,0.00185832324363
org.mozilla.javascript.tools.debugger.treetable.TreeTableModelAdapter.TreeModelListener,0,13.0,0.00185832324363
org.mozilla.javascript.tools.SourceReader,0,93.0,0.00185470759969
org.mozilla.javascript.xml.impl.xmlbeans.XMLCtor,0,199.0,0.001847077867
org.mozilla.javascript.ContextFactory,0,220.0,0.00183320243969
org.mozilla.javascript.testing.TestErrorReporter,0,41.0,0.00182317441104
JHawkDefaultPackage.File,0,137.0,0.00180905214287
org.mozilla.javascript.ast.FunctionNode,0,219.0,0.00180060602465
com.gargoylesoftware.htmlunit.javascript.host.html.HTMLImageElement.ImageOnLoadAction,0,12.0,0.00176976449511
org.mozilla.javascript.NativeIterator,0,130.0,0.00175398216293
net.sourceforge.htmlunit.FunctionCaller,0,19.0,0.00171730326727
org.mozilla.javascript.ast.ObjectProperty,0,49.0,0.00170787087675
org.mozilla.javascript.Interpreter.GeneratorState,0,9.0,0.00170237232137
org.mozilla.javascript.drivers.JsDriver.Tests.XmlStatus,0,56.0,0.00169888845419
org.mozilla.javascript.optimizer.ClassCompiler,0,95.0,0.00164367553629
org.mozilla.javascript.tools.debugger.MoreWindows.FindFunction.VariableModel.RunProxy,0,54.0,0.0016384960925
org.mozilla.javascript.jdk13.VMBridge_jdk13,0,85.0,0.00163210991663
com.gargoylesoftware.htmlunit.html.HtmlPreformattedText,0,11.0,0.00161286316524
org.mozilla.javascript.SecureCaller.PrivilegedAction,0,4.0,0.00157065798866
net.sourceforge.htmlunit.WriteReadOnlyPropertyTest.ContextFactory,0,8.0,0.00154672309594
org.mozilla.javascript.InterpretedFunction,0,148.0,0.00152320504416
org.mozilla.javascript.tools.debugger.treetable.JTreeTable.TreeTableCellRenderer,0,50.0,0.00150852494275
org.mozilla.javascript.PolicySecurityController.SecureCaller,0,5.0,0.00150616959623
org.mozilla.javascript.tests.json.JsonParserTest,0,139.0,0.00150268516914
org.mozilla.javascript.ContinuationPending,0,20.0,0.0014989844955
org.mozilla.javascript.xmlimpl.XMLName,0,354.0,0.00149056061774
org.mozilla.javascript.ast.EmptyExpression,0,21.0,0.0014777219606
org.mozilla.javascript.NativeContinuation,0,80.0,0.00146249749719
com.gargoylesoftware.htmlunit.html.HtmlItalic,0,8.0,0.00145800277554
com.gargoylesoftware.htmlunit.html.HtmlSubscript,0,8.0,0.00145800277554
com.gargoylesoftware.htmlunit.html.HtmlAddress,0,8.0,0.00145800277554
com.gargoylesoftware.htmlunit.html.HtmlScript.PostponedAction,0,21.0,0.00145779799014
org.mozilla.javascript.Delegator,18,95.0,0.00143505235959
org.mozilla.javascript.tools.shell.ConsoleTextArea,0,178.0,0.00142078436403
org.mozilla.javascript.SpecialRef,0,100.0,0.00139619663227
org.openqa.selenium.htmlunit.HtmlUnitDriver,0,438.0,0.00138599967066
org.mozilla.javascript.tools.debugger.Dim.SourceInfo,0,133.0,0.00138081407002
org.mozilla.javascript.xmlimpl.XmlNode.Namespace,0,51.0,0.00138029547811
org.mozilla.javascript.serialize.ScriptableOutputStream,0,96.0,0.00137141780227
org.mozilla.javascript.ObjToIntMap,0,294.0,0.00136435294227
org.mozilla.javascript.ast.ParseProblem,0,55.0,0.00136303041821
org.mozilla.javascript.xmlimpl.XmlNode.InternalList,0,50.0,0.00135710714315
org.mozilla.javascript.CompilerEnvirons,0,202.0,0.00134268149729
com.gargoylesoftware.htmlunit.html.HtmlTextInput.DoTypeProcessor,0,8.0,0.00133579931502
com.gargoylesoftware.htmlunit.html.HtmlPasswordInput.DoTypeProcessor,0,8.0,0.00133579931502
com.gargoylesoftware.htmlunit.util.FalsifyingWebConnectionTest.FalsifyingWebConnection,0,8.0,0.00133195362769
org.mozilla.javascript.NativeCall,0,86.0,0.00132041517071
org.mozilla.javascript.ast.ElementGet,0,70.0,0.00131821743396
org.mozilla.javascript.ast.NewExpression,0,51.0,0.00131732693667
org.mozilla.javascript.tools.shell.ShellContextFactory,0,73.0,0.00130394159835
org.mozilla.javascript.tools.shell.SecurityProxy,0,5.0,0.00126534927312
org.mozilla.javascript.IdScriptableObject.PrototypeValues,0,240.0,0.00124487018357
com.gargoylesoftware.htmlunit.html.HtmlBackgroundSound,0,8.0,0.00121500231295
org.mozilla.javascript.xmlimpl.XML,0,545.0,0.00119111761573
com.gargoylesoftware.htmlunit.html.HtmlHeading3,0,11.0,0.00115446537173
com.gargoylesoftware.htmlunit.html.HtmlHeading4,0,11.0,0.00115446537173
com.gargoylesoftware.htmlunit.html.HtmlCaption,0,11.0,0.00115446537173
org.mozilla.javascript.tools.debugger.MoreWindows.FindFunction.VariableModel.ContextWindow.ComponentListener,0,78.0,0.00114031459462
com.gargoylesoftware.htmlunit.javascript.configuration.JavaScriptConfigurationTest.ErrorHandler,0,10.0,0.00113955867542
org.mozilla.javascript.xmlimpl.XmlProcessor.RhinoSAXErrorHandler,0,327.0,0.00113410220256
com.gargoylesoftware.htmlunit.html.HtmlEmbed,0,8.0,0.00112081137417
com.gargoylesoftware.htmlunit.html.HtmlSpacer,0,8.0,0.00112081137417
org.mozilla.javascript.NativeJavaPackage,0,127.0,0.00111280812571
org.mozilla.javascript.NativeJavaMethod,1,412.0,0.00110754518881
JHawkDefaultPackage.DynamicScopes.MyFactory,0,11.0,0.00109684282175
org.mozilla.javascript.xml.impl.xmlbeans.LogicalEquality,0,230.0,0.00109106381416
org.mozilla.classfile.ByteCode,0,216.0,0.00105720642189
com.gargoylesoftware.htmlunit.util.UrlUtils.Url,0,46.0,0.00104760320177
org.mozilla.javascript.tools.shell.Main,0,425.0,0.00104555902309
org.mozilla.javascript.Context.ContextAction,0,4.0,0.00103596749141
com.gargoylesoftware.htmlunit.ScriptPreProcessorTest.ScriptPreProcessor_3,0,4.0,0.00103596749141
org.mozilla.javascript.xml.impl.xmlbeans.XMLObjectImpl,0,548.0,0.00101235203728
org.mozilla.javascript.regexp.GlobData,0,14.0,0.000997684726987
com.gargoylesoftware.htmlunit.javascript.host.html.HTMLElement.DownloadBehaviorJob.ContextAction,1,5.0,0.00098254628943
org.mozilla.javascript.JavaMembers.BeanProperty,0,12.0,0.000980029450561
org.mozilla.javascript.UintMap,0,323.0,0.000956633920527
com.gargoylesoftware.htmlunit.javascript.host.xml.XMLHttpRequest.JavaScriptJob,0,8.0,0.000948931250222
org.mozilla.javascript.ast.Symbol,0,65.0,0.000944317886318
org.mozilla.javascript.tools.shell.ParsedContentType,0,49.0,0.00093040321475
org.mozilla.javascript.drivers.TestUtils,0,61.0,0.000928957670282
org.mozilla.javascript.tests.Bug492525Test,0,9.0,0.000919426052791
org.mozilla.javascript.ast.SwitchCase,0,78.0,0.000919148392015
org.mozilla.javascript.xmlimpl.XmlNode.QName,0,102.0,0.000897441434259
org.mozilla.javascript.NativeObject,0,425.0,0.000895552612765
com.gargoylesoftware.htmlunit.javascript.host.EventHandler.BaseFunction,0,6.0,0.000894374364396
org.mozilla.javascript.xml.impl.xmlbeans.XMLLibImpl,0,577.0,0.000883679391646
com.gargoylesoftware.htmlunit.BrowserNoneClassRunner.ReflectiveCallable,0,5.0,0.00087672618361
org.mozilla.javascript.xml.XMLLib.Factory.Factory_0,0,5.0,0.00087672618361
com.gargoylesoftware.htmlunit.BrowserVersionClassRunner.ReflectiveCallable,0,5.0,0.00087672618361
net.sourceforge.htmlunit.Utilities.ContextAction,0,5.0,0.000828773993131
com.gargoylesoftware.htmlunit.javascript.JavaScriptEngine.HtmlUnitContextAction_1,0,9.0,0.000816953624294
org.mozilla.javascript.NativeIterator.WrappedJavaIterator,0,20.0,0.000809346507099
org.mozilla.javascript.tools.idswitch.Main,0,492.0,0.000802794882773
com.gargoylesoftware.htmlunit.javascript.JavaScriptEngine.HtmlUnitContextAction_0,0,9.0,0.000798821740471
org.mozilla.javascript.tests.GeneratedMethodNameTest.JavaNameGetter,0,7.0,0.000744477087233
net.sourceforge.htmlunit.FunctionCaller.ContextAction,0,6.0,0.000740248168879
org.mozilla.javascript.ast.WithStatement,0,69.0,0.000732406703818
com.gargoylesoftware.htmlunit.libraries.Dojo102Test,1,705.0,0.000724615362776
org.mozilla.javascript.ast.UnaryExpression,0,76.0,0.000717879145473
org.mozilla.javascript.tests.TypeOfTest.ContextAction_1,0,6.0,0.000690644994276
org.mozilla.javascript.tests.TypeOfTest.ContextAction_2,0,6.0,0.000690644994276
org.mozilla.javascript.LazilyLoadedCtor,0,97.0,0.00066649428902
org.mozilla.javascript.tests.TypeOfTest.Foo,0,18.0,0.00063225102673
com.gargoylesoftware.htmlunit.ThreadedRefreshHandler.Thread,1,11.0,0.000607554007698
net.sourceforge.htmlunit.testapplets.AppletDoIt,0,8.0,0.000605553612286
com.gargoylesoftware.htmlunit.html.HtmlNoFrames,0,8.0,0.000595238095238
org.mozilla.javascript.Function,0,6.0,0.000544934988153
org.mozilla.javascript.InterfaceAdapter.ContextAction,0,5.0,0.000522669930936
com.gargoylesoftware.htmlunit.util.WebConnectionWrapperTest.WebConnection,0,5.0,0.000522669930936
org.mozilla.javascript.tests.DeletePropertyTest.ContextAction,0,7.0,0.000515189168301
com.gargoylesoftware.htmlunit.ScriptPreProcessorTest.ScriptPreProcessor,0,5.0,0.000499994193974
org.mozilla.javascript.NativeJavaObject,0,761.0,0.000497985519214
org.mozilla.javascript.Parser.ConditionData,0,5.0,0.000452581611053
com.gargoylesoftware.htmlunit.html.HtmlPageTest.IncorrectnessListener_0,0,4.0,0.000452149483303
com.gargoylesoftware.htmlunit.RunWith.IncorrectnessListener,0,4.0,0.000452149483303
org.mozilla.javascript.RhinoException.FilenameFilter,0,4.0,0.000452149483303
com.gargoylesoftware.htmlunit.html.HtmlPageTest.IncorrectnessListener,0,4.0,0.000452149483303
org.mozilla.javascript.tools.debugger.downloaded.TreeTableModelAdapter.TreeExpansionListener,0,7.0,0.000424263971172
org.mozilla.javascript.tools.debugger.treetable.TreeTableModelAdapter.TreeExpansionListener,0,7.0,0.000424263971172
com.gargoylesoftware.htmlunit.javascript.background.JavaScriptJobManagerMinimalTest.JavaScriptJob_1,0,7.0,0.000420429973946
org.mozilla.javascript.Context.ClassShutterSetter_0,0,7.0,0.000399365172522
org.mozilla.javascript.CodeGenerator,2,1246.0,0.000398115905245
com.gargoylesoftware.htmlunit.javascript.host.html.RunWith.StatusHandler,0,4.0,0.000388373973098
com.gargoylesoftware.htmlunit.javascript.host.html.HTMLFormElement.PostponedAction,1,5.0,0.000361719586642
org.mozilla.javascript.ScriptableObject,5,1651.0,0.000357340478534
com.gargoylesoftware.htmlunit.html.HtmlTextArea.DoTypeProcessor,0,12.0,0.000336077493151
com.gargoylesoftware.htmlunit.javascript.host.WindowTest.ConfirmHandler,0,5.0,0.000310699178479
com.gargoylesoftware.htmlunit.ScriptPreProcessorTest.AlertHandler_1,0,6.0,0.000277812429534
org.mozilla.classfile.ClassFileWriter,1,1857.0,0.000270850130272
com.gargoylesoftware.htmlunit.html.DomNodeTest.DomChangeListenerTestImpl_1,0,7.0,0.000265884028584
org.mozilla.javascript.tools.debugger.MoreWindows.MouseHandler,0,8.0,0.000241290691526
org.mozilla.javascript.Parser,4,2855.0,0.000183785691514
org.mozilla.javascript.Interpreter,0,2480.0,0.00017169605048
com.gargoylesoftware.htmlunit.html.HtmlKeyboard,0,8.0,0.000170068027211
com.gargoylesoftware.htmlunit.html.HtmlAbbreviated,0,8.0,0.000170068027211
com.gargoylesoftware.htmlunit.html.HtmlDefinition,0,8.0,0.000170068027211
com.gargoylesoftware.htmlunit.ScriptPreProcessorTest.AlertHandler,0,4.0,0.000158805119844
com.gargoylesoftware.htmlunit.html.HtmlNoEmbed,0,8.0,0.000141723356009
org.mozilla.javascript.tests.PrimitiveTypeScopeResolutionTest.MyObject,0,12.0,0.000125293265771
com.gargoylesoftware.htmlunit.html.HtmlDirectory,0,8.0,0.000113378684807
com.gargoylesoftware.htmlunit.html.HtmlWordBreak,0,8.0,0.000113378684807
com.gargoylesoftware.htmlunit.html.HtmlCanvas,0,8.0,0.000113378684807
org.mozilla.javascript.ClassDefinitionException,0,7.0,9.49216896061e-05
org.mozilla.javascript.tests.CustomSetterAcceptNullScriptableTest.Foo2,0,8.0,8.8881889255e-05
org.mozilla.javascript.tests.JavaAcessibilityTest.ShellContextFactory,0,7.0,4.99294562374e-05
