org.jppf.server.nio.classloader.node.NodeClassServerState,0,16.0,0.133103389691
org.jppf.server.nio.classloader.client.WaitingPeerInitiationResponseState,1,21.0,0.132869940666
org.jppf.server.nio.classloader.client.SendingPeerChannelIdentifierState,0,43.0,0.129265032404
org.jppf.server.nio.classloader.client.SendingPeerInitiationRequestState,0,20.0,0.121876034533
org.jppf.server.nio.classloader.client.WaitingProviderInitialRequestState,1,25.0,0.115151068889
org.jppf.server.nio.acceptor.AcceptorContext,0,31.0,0.108179826592
org.jppf.server.node.NodeExecutionManager,1,53.0,0.104250519865
org.jppf.server.nio.nodeserver.LocalNodeContext,1,52.0,0.0925973768877
org.jppf.server.nio.classloader.node.SendingNodeResponseState,0,22.0,0.0918262517026
org.jppf.server.nio.classloader.node.WaitingInitialNodeRequestState,0,29.0,0.0904772905436
org.jppf.server.nio.nodeserver.SendingBundleState,0,53.0,0.0885641955134
org.jppf.server.nio.client.SendingHandshakeResultsState,0,29.0,0.0885163427979
org.jppf.serialization.JPPFSerialization,0,7.0,0.0870209761139
org.jppf.logging.jmx.JmxLogger,0,5.0,0.0863538074807
org.jppf.ui.monitoring.diagnostics.HeapDumpAction,1,19.0,0.0837152922435
org.jppf.ui.monitoring.diagnostics.GCAction,1,19.0,0.0837152922435
org.jppf.ui.monitoring.job.AccumulatorHelper.AccumulatorJob,0,5.0,0.0813948254959
org.jppf.server.node.AbstractCommonNode,0,63.0,0.0805305320956
org.jppf.ui.actions.ShowHideColumnsAction.ActionListener_1,0,6.0,0.080146211701
org.jppf.ui.monitoring.node.actions.NodeThreadsAction,1,54.0,0.080037127215
org.jppf.server.nio.client.IdleState,0,19.0,0.0766683273905
org.jppf.test.scenario.nodesmix.NodeMixRunner.JobSubmitter,0,8.0,0.0758518347583
org.jppf.ui.monitoring.node.actions.NodeConfigurationAction.AbstractAction_0,0,7.0,0.0736297300888
org.jppf.ui.monitoring.node.actions.ServerShutdownRestartAction.AbstractAction_0,0,7.0,0.0736297300888
sample.dist.tasklength.LongTask,0,44.0,0.0729417562281
org.jppf.ui.monitoring.data.ConnectionFailedTask,0,41.0,0.0711111476512
org.jppf.server.nio.client.SendingResultsState,0,41.0,0.0704925579442
org.jppf.ui.monitoring.job.actions.UpdateMaxNodesAction,0,50.0,0.0693551964837
org.jppf.server.job.JobManager,0,8.0,0.0691912738877
org.jppf.server.nio.classloader.LocalClassContext,0,32.0,0.0691532267365
org.jppf.classloader.LocalClassLoaderChannel,0,7.0,0.0685794888142
org.jppf.client.concurrent.JPPFTaskFuture,0,63.0,0.0675368155606
org.jppf.server.nio.nodeserver.SendInitialBundleState,1,31.0,0.066652431223
org.jppf.nio.ChannelSelectorThread,0,40.0,0.0665313360433
org.jppf.ui.monitoring.data.StatsExporter,0,6.0,0.0635600300384
test.jmx.JmxLogging.MyTask,0,7.0,0.062990517535
org.jppf.example.webcrawler.CrawlerTask.IParserEventListener,0,7.0,0.0613559132581
org.jppf.server.peer.PeerNodeResultSender,0,47.0,0.0610780910962
org.jppf.client.monitoring.topology.AbstractTopologyComponent,0,30.0,0.0606307144444
org.jppf.server.node.AbstractNodeIO,1,86.0,0.0601900418729
org.jppf.ui.monitoring.diagnostics.ThresholdSettingsAction,0,71.0,0.0600844897067
org.jppf.client.AbstractClientConnectionHandler,0,89.0,0.0592717812914
org.jppf.ui.actions.ShowHideColumnsAction.AbstractAction_0,0,7.0,0.0585778379386
org.jppf.classloader.AbstractClassLoaderConnection,0,83.0,0.0584867335345
org.jppf.classloader.RemoteClassLoaderConnection,1,89.0,0.0567528149129
org.jppf.node.event.DefaultLifeCycleErrorHandler,1,25.0,0.0566539535244
org.jppf.server.nio.nodeserver.JMXInitializationHandler.JMXInitializationTask,0,10.0,0.0564770467048
org.jppf.scheduling.JPPFScheduleHandler,0,64.0,0.0554968414572
org.jppf.server.nio.client.ClientNioServer,1,93.0,0.0546436457827
org.jppf.ui.monitoring.node.AbstractTopologyMouseListener,0,47.0,0.0541640018306
sample.test.deadlock.MasterNodeMonitoringThread,0,47.0,0.0537797085085
org.jppf.server.node.remote.RemoteNodeIO,1,92.0,0.0526188230995
org.jppf.utils.ThreadSynchronization,0,30.0,0.0523530656546
org.jppf.ui.monitoring.node.actions.SystemInformationAction,1,90.0,0.0522708870214
org.jppf.utils.RegexUtils,0,10.0,0.0500049196954
org.jppf.ui.monitoring.ConsoleLoader.Runnable_1,0,9.0,0.0497484812915
org.jppf.ui.actions.ShowHideColumnsAction,0,56.0,0.0485362476419
test.org.jppf.server.protocol.TestJPPFJobSLA3.MyTask,0,6.0,0.0474039320275
org.jppf.client.ClassServerDelegateImpl,1,65.0,0.0471605612503
org.jppf.test.scenario.ScenarioConfiguration,0,17.0,0.0469556055256
test.org.jppf.node.policy.TestExecutionPolicy.TestCustomPolicy,0,6.0,0.0466558526817
org.jppf.node.policy.ScriptedPolicy,1,81.0,0.046365242912
org.jppf.server.nio.nodeserver.JMXInitializationHandler,0,6.0,0.0457088246191
org.jppf.server.protocol.AbstractServerJobBase,0,143.0,0.0456798657705
org.jppf.ui.monitoring.job.actions.AbstractJobAction,0,25.0,0.0452199362072
org.jppf.utils.JPPFDefaultUncaughtExceptionHandler,0,11.0,0.045130875492
test.generic.TestScheduledExecutor.Runnable_1,0,11.0,0.0443236436156
org.jppf.ui.monitoring.node.actions.ProvisioningAction.AbstractAction,0,7.0,0.0434734106356
sample.test.redirect.ConsoleOutputRedirector.ThreadLocalOutputStream,0,14.0,0.0429832135073
org.jppf.client.concurrent.JobConfiguration,0,13.0,0.0425382277994
org.jppf.ui.actions.AbstractUpdatableAction,0,48.0,0.0423149686987
org.jppf.serialization.ObjectSerializer,0,10.0,0.0422695711591
sample.test.jppfcallable.MyTask,1,28.0,0.0421764556549
org.jppf.client.AbstractJPPFClientConnection,2,134.0,0.0420813218186
org.jppf.ui.options.AbstractOption,1,83.0,0.0417700484115
org.jppf.server.nio.classloader.client.ClientClassContext,0,168.0,0.0405184994314
org.jppf.startup.JPPFNodeStartupSPI,0,3.0,0.0397615405259
org.jppf.ui.monitoring.node.actions.ToggleNodeActiveAction,1,21.0,0.0396862414839
org.jppf.nio.SSLNioObject,0,91.0,0.0396766227317
org.jppf.server.queue.JobExpirationAction,0,26.0,0.0395936561025
org.jppf.ui.monitoring.job.JobData,1,101.0,0.0390889367233
org.jppf.ui.options.event.ValueChangeListener,0,4.0,0.0388130795707
org.jppf.server.nio.classloader.node.NodeClassNioServer,1,114.0,0.0384452584079
org.jppf.ui.monitoring.charts.Pie3DChartHandler,0,45.0,0.0382402453329
org.jppf.server.nio.classloader.node.WaitingNodeRequestState,1,122.0,0.0381597710591
org.jppf.example.extendedclassloading.RepositoryImpl.FileFilter,0,7.0,0.038080870537
org.jppf.ui.monitoring.node.actions.NodeConfigurationAction.AbstractAction,0,8.0,0.0380392343061
org.jppf.nio.StateTransitionManager,1,129.0,0.0373932342535
org.jppf.ui.options.docking.AbstractDockingAction,0,20.0,0.0369102177965
org.jppf.ui.options.xml.OptionDescriptor,0,14.0,0.0368837773334
org.jppf.ui.treetable.AbstractJPPFTreeTableModel,0,47.0,0.036756162097
org.jppf.nio.NioServerFactory,0,43.0,0.0363251882772
org.jppf.management.forwarding.JPPFNodeForwardingMBean,0,25.0,0.0360309431269
org.jppf.ui.monitoring.ConsoleLauncher.MainFrameObserver,0,27.0,0.0356689120325
org.jppf.ui.options.SplitPaneOption,0,94.0,0.0352420680288
org.jppf.server.job.JPPFJobManager,1,164.0,0.0351397605129
org.jppf.ui.monitoring.node.actions.ServerShutdownRestartAction,1,67.0,0.0343792887765
org.jppf.test.setup.RestartableProcessLauncher,1,84.0,0.0338218405643
test.org.jppf.management.TestJPPFNodeTaskMonitorMBean.ErrorLifeCycleTask,0,21.0,0.033756294922
org.jppf.node.NodeRunner.ShutdownOrRestart,0,11.0,0.0336510204151
test.job.priority.JobPriorityRunner.JobRunner,0,31.0,0.0334895519381
org.jppf.client.balancer.queue.TaskQueueChecker,4,165.0,0.0333703713853
org.jppf.client.taskwrapper.JPPFAnnotatedTask,0,68.0,0.0333186957841
org.jppf.ui.monitoring.data.ClientHandler.ShowIPListener,0,6.0,0.0325321964603
org.jppf.ui.monitoring.job.actions.UpdateMaxNodesAction.Runnable,1,13.0,0.0323661124716
org.jppf.client.AbstractJPPFClient.DescendingIntegerComparator,0,8.0,0.0323169509245
org.jppf.node.event.JobClassPathHandler,1,45.0,0.0321805595789
org.jppf.io.IOHelper,1,179.0,0.0319581331614
org.jppf.ui.options.event.ScriptedMouseListener,0,78.0,0.031919347513
org.jppf.node.idle.IdleDetectionTask,0,86.0,0.0318114403251
org.jppf.ui.monitoring.diagnostics.JVMHealthPanel,2,151.0,0.031056985777
org.jppf.client.monitoring.topology.JVMHealthRefreshHandler,0,57.0,0.0309520140723
org.jppf.utils.streams.MultipleBuffersOutputStream,1,98.0,0.0309287787243
org.jppf.utils.pooling.DirectBufferPool,0,14.0,0.0305758902883
org.jppf.ui.monitoring.node.graph.GraphOption.Runnable,0,10.0,0.0303977627313
org.jppf.test.scenario.AbstractScenarioRunner,0,29.0,0.0301299665684
org.jppf.ui.monitoring.ConsoleLoader.Runnable,0,7.0,0.0298815252231
org.jppf.node.policy.Equal,0,71.0,0.0294592582563
org.jppf.ui.monitoring.node.graph.GraphTopologyHandler.NodeAdded,0,28.0,0.0294479790717
test.org.jppf.test.setup.common.TaskResult,0,11.0,0.0294410308388
test.org.jppf.node.policy.TestPreferencePolicy,0,109.0,0.0293187377109
org.jppf.ui.monitoring.event.StatsHandlerListener,0,4.0,0.029109809678
org.jppf.nio.AbstractNioObject,1,29.0,0.0289883658014
org.jppf.ui.monitoring.data.StatusBarHandler,1,51.0,0.0289808458896
org.jppf.client.JPPFResultCollector,2,67.0,0.028921221627
org.jppf.server.protocol.ServerJob,0,202.0,0.0286882284902
org.jppf.server.DriverInitializer,0,183.0,0.0284344601321
org.jppf.ui.utils.JPPFSplash,0,41.0,0.0283712617441
org.jppf.android.demo.FractalEventHandler.Runnable,0,7.0,0.0281636922534
sample.dist.matrix.MatrixTask,0,38.0,0.0279950670658
org.jppf.management.forwarding.ForwardingNotificationManager.Runnable_0,0,13.0,0.0279851518862
org.jppf.ui.treetable.TreeTableModelAdapter.Runnable,0,8.0,0.0279729908342
org.jppf.client.balancer.queue.JPPFPriorityQueue.Runnable,0,12.0,0.0273824523534
org.jppf.ui.options.event.ScriptedValueChangeListener,1,46.0,0.0272860213477
org.jppf.ui.options.OptionProperties,0,24.0,0.0270744061178
sample.dist.tasklength.LongTaskRunner.Runnable,0,11.0,0.0269929654167
org.jppf.jca.work.JcaJobManager,1,23.0,0.0267615170659
org.jppf.JPPFNodeReconnectionNotification,0,10.0,0.0265451115367
org.jppf.client.ConnectionInitializer,1,16.0,0.0262922409342
org.jppf.node.screensaver.impl.JPPFScreenSaverImpl.TimerTask,0,6.0,0.0262677114337
org.jppf.server.nio.nodeserver.TaskQueueChecker,1,216.0,0.0262649789467
org.jppf.ui.monitoring.job.actions.AbstractSuspendJobAction.Runnable,0,18.0,0.0261889843449
org.jppf.ui.options.TabbedPaneOption,0,41.0,0.0259396752672
org.jppf.classloader.ClassLoaderRequestHandler,1,46.0,0.0259066581919
org.jppf.test.scenario.Scenario.DiagnosticsGrabber,0,14.0,0.0258135433549
org.jppf.ui.monitoring.charts.MeterChartHandler,0,64.0,0.0256069894137
sample.test.NonSerializableAttributeTask,0,10.0,0.0255613647679
org.jppf.client.AbstractGenericClient,4,225.0,0.0253792961792
test.org.jppf.client.TestJPPFClient.MyClient,0,6.0,0.0248396525608
org.jppf.management.NodeSelector.ExecutionPolicySelector,0,13.0,0.0248325786425
org.jppf.server.node.fj.ThreadManagerForkJoin.FJThreadFactory.ForkJoinWorkerThread,0,11.0,0.0246165916152
org.jppf.server.scheduler.bundle.impl.ProportionalBundler,0,24.0,0.0245059751621
org.jppf.ui.monitoring.charts.StackedBarSeries3DChartHandler,0,5.0,0.0244228423391
test.driver.restart.TestDriverRestart.KillDriverTask,0,10.0,0.023817425833
org.jppf.server.JPPFContextDriver,0,14.0,0.0233847475679
org.jppf.client.JPPFContextClient,0,14.0,0.0233847475679
org.jppf.client.monitoring.jobs.DeferredJobNotificationsHandler.AbstractJobNotification,0,9.0,0.0233234830612
org.jppf.ui.treetable.TreeTableModel,0,10.0,0.0233058122523
org.jppf.ui.monitoring.node.graph.GraphOption,0,148.0,0.0231507792932
org.jppf.ui.monitoring.node.graph.GraphTopologyHandler.Runnable_1,0,10.0,0.0230343685086
org.jppf.io.InputSource,0,7.0,0.0230295043356
org.jppf.ui.actions.EditorMouseListener.ClipboardAction,0,15.0,0.0230075439087
org.jppf.ui.monitoring.charts.PlotXYChartHandler.LegendLabelGeneratorInvocationHandler,0,9.0,0.0228697669041
org.jppf.ui.monitoring.charts.config.JPPFChartBuilder.Runnable,0,10.0,0.0226665782447
org.jppf.client.monitoring.AbstractRefreshHandler.TimerTask,0,6.0,0.0224284451981
org.jppf.ui.options.AbstractOptionElement,0,120.0,0.0223111029537
org.jppf.android.activities.documents.AppStorageProvider.ParcelFileDescriptor.OnCloseListener,0,6.0,0.0222531371262
org.jppf.client.JPPFJob,0,170.0,0.0220569649905
org.jppf.ui.monitoring.charts.AreaChartHandler.CategorySeriesLabelGeneratorInvocationHandler,0,7.0,0.0220529895147
test.org.jppf.server.protocol.TestJPPFTask.ResubmittingTask,0,19.0,0.0218788227944
test.org.jppf.utils.stats.TestJPPFStatistics.CustomTask,0,10.0,0.0218377460004
sample.dist.commandline.TestTask,0,43.0,0.0217893757358
org.jppf.server.nio.nodeserver.NodeContextFuture,0,23.0,0.0217728941686
org.jppf.server.protocol.ServerTask,1,98.0,0.0215211242401
org.jppf.ui.options.docking.DockingManager,0,122.0,0.0214688776382
org.jppf.node.policy.ExecutionPolicy.NotRule,0,26.0,0.0214307260782
sample.helloworld.HelloWorld,0,10.0,0.0213535845355
org.jppf.node.policy.ExecutionPolicy.LogicalRule,0,19.0,0.0212500941927
org.jppf.node.event.NodeLifeCycleErrorHandler,0,4.0,0.0211361815961
org.jppf.utils.compilation.BytecodeObject.ByteArrayOutputStream,0,9.0,0.0211252676943
org.jppf.server.nio.nodeserver.NodeNioServer,0,267.0,0.0210768038736
org.jppf.server.nio.nodeserver.AbstractNodeContext,1,311.0,0.020980540014
org.jppf.node.policy.ExecutionPolicy.AndRule,0,21.0,0.0206090295355
org.jppf.node.policy.ExecutionPolicy.XorRule,0,22.0,0.0206076114263
org.jppf.ui.monitoring.node.NodeTableCellRenderer,0,47.0,0.0203616971673
org.jppf.client.balancer.queue.JobScheduleAction,0,24.0,0.0201075118286
org.jppf.startup.JPPFDriverStartupSPI,0,3.0,0.019880770263
org.jppf.server.protocol.SendResultsStrategy.SendNodeResultsStrategy,0,10.0,0.0195568997065
org.jppf.server.nio.nodeserver.AbstractNodeContext.JMXWrapperListener,0,11.0,0.0191611962015
org.jppf.scheduling.JPPFSchedule,0,72.0,0.0187577105788
org.jppf.server.node.ThreadManagerThreadPool.UsedClassLoaderThread,0,14.0,0.0187034289441
org.jppf.jca.cci.JPPFConnectionFactory,0,46.0,0.0186959307715
test.job.priority.JobPriorityRunner.Runnable,0,16.0,0.0186412310713
org.jppf.example.fractals.AbstractRunner.Runnable,0,11.0,0.0185285342074
org.jppf.android.node.AndroidClassLoaderManager.Callable,0,7.0,0.0184673739954
org.jppf.utils.stats.JPPFStatisticsHelper,0,52.0,0.0183966230538
org.jppf.ui.monitoring.job.JobDataPanel,1,260.0,0.0182335236728
org.jppf.serialization.DefaultJavaSerialization,0,13.0,0.0182288845434
org.jppf.serialization.SerializationReflectionHelper.ConstructorWithParameters,0,7.0,0.0181779485378
test.org.jppf.management.forwarding.AbstractTestJPPFNodeForwardingMBean,0,87.0,0.0181629695967
org.jppf.example.datadependency.simulation.Ticker,1,52.0,0.0181570195413
org.jppf.io.MultipleBuffersLocation,1,225.0,0.0180765787847
org.jppf.client.monitoring.jobs.AbstractJobNotificationsHandler,0,14.0,0.0180631577136
org.jppf.ui.monitoring.node.graph.SelectGraphNodesAction,0,14.0,0.018021132008
org.jppf.process.ProcessWrapper,0,37.0,0.0180130776664
org.jppf.node.policy.Contains,0,41.0,0.0178673422685
test.org.jppf.test.setup.BaseSetup.Thread,0,9.0,0.0178590565742
test.org.jppf.test.setup.GenericProcessLauncher.ProcessWrapperEventListener,0,10.0,0.0177996151999
org.jppf.example.pluggableview.MyView.ActionListener,0,10.0,0.0175182450653
org.jppf.example.jaligner.SequenceAlignmentRunner.Runnable,0,12.0,0.0172393337413
test.serialization.NonSerializableTask.NonSerializableClass,0,3.0,0.0171751348842
org.jppf.client.concurrent.TaskConfiguration,0,9.0,0.0171516390574
sample.helloworld.HelloWorldAnnotatedStatic,0,11.0,0.017115832863
org.jppf.management.forwarding.ForwardingNotificationDispatcher.ForwardingNotificationHandler,0,14.0,0.0170954244897
org.jppf.serialization.DefaultJavaSerialization.ObjectInputStream,0,8.0,0.0170605445541
test.socket.SocketPerformance.Connection,0,35.0,0.0170022935858
org.jppf.server.ShutdownRestartTask.TimerTask,0,18.0,0.016919612336
org.jppf.example.aparapi.AparapiTask,0,46.0,0.0169034026144
org.jppf.ui.monitoring.node.actions.ServerStatisticsResetAction,0,34.0,0.0168482888002
org.jppf.ui.monitoring.job.JobDataPanelManager,1,185.0,0.0166090452291
org.jppf.utils.JPPFBuffer,0,52.0,0.0165770362438
org.jppf.node.screensaver.DelegatingNodeListener,1,47.0,0.0165232460607
org.jppf.utils.collections.AbstractCollectionHashtable,0,24.0,0.0164059013591
org.jppf.ui.options.JavaOption.JavaOptionMouseListener,0,12.0,0.0162734840171
sample.test.jppfcallable.MyLoggingHandler,0,61.0,0.0161955114625
org.jppf.io.FileDataLocation,0,247.0,0.0161567150623
test.org.jppf.test.setup.common.BaseTestHelper,0,64.0,0.0159513832212
org.jppf.utils.TypedProperties,0,168.0,0.0157595368082
org.jppf.server.queue.RemoveBundleAction,0,17.0,0.0157582637281
org.jppf.example.datadependency.TradeUpdateTask,1,42.0,0.0157374843598
org.jppf.node.NodeRunner.ShutdownOrRestart.PrivilegedAction,1,13.0,0.0157342884824
org.jppf.server.nio.nodeserver.TaskQueueChecker.Runnable,0,12.0,0.0157227615729
test.org.jppf.node.policy.TestIsInIPv6Subnet,0,38.0,0.0157017679229
org.jppf.server.node.fj.ThreadManagerForkJoin.ForkJoinPool,0,9.0,0.0156044134971
test.org.jppf.test.runner.ResultHolder,0,114.0,0.0155409086157
org.jppf.android.node.DefaultAndroidNodeIntegration.Runnable,0,10.0,0.0155117395966
test.org.jppf.test.setup.GenericProcessLauncher,1,205.0,0.0155051512321
org.jppf.management.JPPFNodeTaskMonitor,1,74.0,0.0154677816668
org.jppf.client.AbstractJPPFClient,2,216.0,0.0152362358084
test.generic.LotsOfOutputTask,0,18.0,0.0152243168285
org.jppf.server.debug.ServerDebugMBean,1,18.0,0.015042802261
org.jppf.utils.SystemUtils,4,237.0,0.0150185459721
org.jppf.ui.monitoring.node.graph.ToggleModeAction,0,21.0,0.0147964137075
org.jppf.ui.monitoring.data.TextStatsExporter,0,64.0,0.0147842170196
org.jppf.utils.JPPFThreadFactory.ExceptionHandler,0,6.0,0.0147835962418
test.org.jppf.test.setup.common.SimpleCallable,0,37.0,0.0147157507253
test.driver.restart.TestDriverRestart,0,64.0,0.0146987414877
org.jppf.classloader.LocalClassLoaderConnection,0,53.0,0.0145229000768
org.jppf.client.monitoring.jobs.AbstractJobComponent,0,5.0,0.014356875878
org.jppf.ui.options.xml.OptionDescriptor.ItemDescriptor,0,6.0,0.0143565334821
org.jppf.node.event.NodeLifeCycleEvent,0,65.0,0.0143241313359
org.jppf.ui.monitoring.job.JobTreeTableModel,0,83.0,0.0139883967661
org.jppf.android.node.DefaultAndroidNodeIntegration.Runnable_0,0,6.0,0.0139325010472
org.jppf.server.node.AbstractNodeConnectionChecker,0,21.0,0.0139169785734
com.sun.jmx.remote.opt.internal.ArrayNotificationBufferAux,0,2.0,0.0138851077018
org.jppf.libmanagement.Downloader.URLToFiles,0,6.0,0.0138817873797
org.jppf.node.policy.PolicyParser,0,127.0,0.0136747012119
sample.test.jppfcallable.JPPFCallableRunner.MyJobListener,0,25.0,0.0136145304906
org.jppf.utils.ReflectionHelper,0,155.0,0.0133899116209
org.jppf.server.peer.PeerDiscoveryThread.ConnectionHandler,0,3.0,0.0132478358077
org.jppf.jca.spi.JPPFManagedConnection,0,87.0,0.013243344013
org.jppf.client.balancer.queue.JPPFPriorityQueue,8,253.0,0.0132099541649
org.jppf.utils.stats.NonCumulativeSnapshot,0,26.0,0.0132084071357
test.jmx.TestJMX,0,75.0,0.0131905304618
org.jppf.utils.stats.JPPFSnapshot.LabelIncludingFilter,0,11.0,0.0131133830285
org.jppf.test.setup.Setup.Thread,0,7.0,0.0131059014508
org.jppf.jca.cci.JPPFConnectionImpl,1,113.0,0.0128696041771
org.jppf.test.scenario.ScenarioRunner,0,8.0,0.0128685078483
org.jppf.server.queue.JPPFPriorityQueue,2,339.0,0.0127624125406
org.jppf.node.initialization.OutputRedirectHook,0,28.0,0.012758477949
org.jppf.example.fractals.moviegenerator.screensaver.FractalScreenSaver,0,6.0,0.0126848367034
org.jppf.ui.monitoring.node.graph.SelectGraphDriversAction,0,18.0,0.0125869731583
org.jppf.client.BaseJPPFClientConnection,1,215.0,0.0125836502994
com.sun.jmx.remote.generic.SelectProfiles,0,3.0,0.0125673669705
org.jppf.ui.options.LabelOption,0,40.0,0.0125605131854
com.sun.jmx.remote.opt.internal.ArrayNotificationBuffer.PrivilegedExceptionAction,0,7.0,0.0125424628392
org.jppf.example.datadependency.MarketDataHandler.PopulateTask,0,17.0,0.0124695766221
test.jmx.canceljob.CancelJobRunner,0,53.0,0.0124386915114
sample.dist.matrix.NonBlockingMatrixRunner,0,92.0,0.0124264235771
org.jppf.node.screensaver.impl.JPPFScreenSaverImpl.LogoPaintTask,0,6.0,0.0124057999216
org.jppf.utils.PropertiesCollection,0,6.0,0.0123786070499
sample.test.TestAnnotatedTask,0,11.0,0.0122586675294
org.jppf.node.screensaver.NodeIntegrationAdapter,1,11.0,0.0121963686792
org.jppf.utils.JPPFIdentifiers,0,37.0,0.0121653247929
org.jppf.utils.compilation.SourceCompiler,0,71.0,0.0121497159161
sample.dist.broadcastjob.BroadcastJobRunner,0,25.0,0.011976327737
org.jppf.node.event.NodeLifeCycleListenerAdapter,0,23.0,0.0119697821652
org.jppf.utils.ObjectSerializerImpl,0,63.0,0.0119466303565
org.jppf.example.datadependency.MarketDataHandler,0,34.0,0.0118263885121
org.jppf.management.JPPFNodeAdmin.Runnable_0,1,6.0,0.011795511648
org.jppf.ui.monitoring.node.graph.PopupMenuMousePlugin,0,47.0,0.011780624226
test.filecopy.FileCopyAction,0,86.0,0.011560136919
org.jppf.ui.options.TextAreaOption.EditorMouseListener,0,18.0,0.0115403546629
sample.dist.matrix.Matrix,0,66.0,0.0114722579963
org.jppf.server.node.local.LocalClassLoaderManager.Callable,0,8.0,0.0114593909802
org.jppf.node.NodeInternal,0,8.0,0.0113679600557
org.jppf.server.scheduler.bundle.impl.NodeSimulator.SimulatedProportionalBundler,0,19.0,0.0113309807475
com.sun.jmx.remote.socket.SocketConnection.ObjectInputStreamWithLoader,0,11.0,0.0113307003522
org.jppf.example.extendedclassloading.ClassPathHelper.FileFilter,0,6.0,0.0112245657363
org.jppf.ui.monitoring.event.StatsHandlerEvent,0,10.0,0.0112140334937
sample.test.deadlock.MyTask,0,29.0,0.0111753317597
test.org.jppf.utils.TestTypedProperties.TestConfigurationSourceReader,0,9.0,0.0111596672797
org.jppf.ui.options.TextOption,0,53.0,0.0110490527448
org.jppf.ui.options.RadioButtonOption.ActionListener,0,9.0,0.0108818147453
org.jppf.ui.monitoring.node.graph.GraphActionHandler.ItemListener,0,9.0,0.0108818147453
org.jppf.ui.options.ComboBoxOption.ActionListener,0,9.0,0.0108818147453
org.jppf.example.nbody.NBody,0,13.0,0.0108209288379
org.jppf.server.nio.classloader.CacheClassKey,0,14.0,0.0105953794725
test.ipprobe.Probe,0,23.0,0.0105751981541
org.jppf.utils.stats.JPPFSnapshot.LabelBasedFilter,0,21.0,0.0105162765216
org.jppf.utils.PropertiesTableFormat,0,64.0,0.0104926050113
org.jppf.job.JobInformation,0,106.0,0.0101004462864
test.org.jppf.test.setup.common.NotSerializableObject,0,4.0,0.010062180549
org.jppf.ui.monitoring.node.graph.GraphActionHandler,0,16.0,0.00998692187169
test.generic.GenericRunner,0,54.0,0.00992418783597
test.org.jppf.test.setup.BaseSetup.ConfigSource,0,14.0,0.0099139099594
sample.dist.matrix.MatrixRunner,0,134.0,0.00980758005785
org.jppf.example.nbody.NBodyRunner.WindowAdapter,0,6.0,0.00973184996453
org.jppf.example.datadependency.simulation.TickerListener,0,4.0,0.00970326989268
org.jppf.ui.monitoring.charts.config.ChartConfiguration,0,37.0,0.00960836040801
sample.helloworld.HelloWorldPojoStatic,0,10.0,0.00958686824781
org.jppf.example.nbody.NBodyPanel.UpdateRequest,0,21.0,0.0094638576804
test.jmx.MyNodeListener,0,48.0,0.00936551236539
org.jppf.example.datadependency.simulation.AbstractDataFactory,0,38.0,0.00932058967701
org.jppf.client.event.ClientConnectionStatusEvent,0,17.0,0.00927114526785
org.jppf.example.fractals.mandelbrot.MandelbrotRunner,0,41.0,0.00926021837218
org.jppf.server.scheduler.bundle.BundlePerformanceSample,0,13.0,0.00925645529718
org.jppf.serialization.kryo.KryoSerialization.JPPFInstantiator,0,14.0,0.00918627814318
org.jppf.example.aparapi.AparapiTask.MyDeviceSelector,0,11.0,0.00913714067031
org.jppf.utils.FileReplacerEx,0,32.0,0.00913588699835
org.jppf.utils.stats.AbstractJPPFSnapshot,0,84.0,0.00909736175859
org.jppf.android.activities.FilechoserEditTextPreference,0,41.0,0.00908021226919
org.jppf.client.ClassServerDelegate,0,8.0,0.00904218707784
javax.management.remote.jmxmp.JMXMPConnector,0,41.0,0.00898857193446
test.serialization.Test,0,75.0,0.00889826798112
org.jppf.ui.options.JavaOption,0,56.0,0.0088817391296
org.jppf.ui.monitoring.ConsoleLauncher,0,107.0,0.00882785834781
org.jppf.node.policy.LessThan,0,43.0,0.00880814255016
org.jppf.node.policy.MoreThan,0,43.0,0.00880814255016
org.jppf.node.policy.AtMost,0,43.0,0.00880814255016
sample.test.jppfcallable.JPPFCallableRunner.JobListenerAdapter,0,6.0,0.00873340621197
org.jppf.test.scenario.s1.ExtMatrixTask,0,36.0,0.00868118886636
org.jppf.job.JobManagerListener,0,8.0,0.00864572790148
org.jppf.example.jaligner.WindowClosingListener,0,9.0,0.00862344528185
org.jppf.dotnetbridge.nodehook.DotnetBridgeHook,0,29.0,0.00857971247815
org.jppf.ui.options.AbstractOptionProperties,0,152.0,0.00853613547997
org.jppf.example.wordcount.JobProvider.MergeResultsTask,0,30.0,0.00840907400769
sample.helloworld.HelloWorldCallable,0,11.0,0.00831303446712
org.jppf.node.policy.RegExp,0,41.0,0.00828612232054
org.jppf.logging.log4j.JmxAppender,0,45.0,0.00826976495866
test.run.jboss.JBossTask,0,119.0,0.00823760223872
test.org.jppf.utils.stats.TestJPPFStatistics,0,87.0,0.00814470785582
org.jppf.example.webcrawler.WebCrawlerRunner,0,86.0,0.00811692782308
org.jppf.ui.monitoring.node.actions.ToggleNodeActiveAction.Runnable,0,16.0,0.00811565425722
org.jppf.io.StreamInputSource,0,51.0,0.00806732490081
org.jppf.nio.NioServer.AcceptChannelTask,0,24.0,0.00790772738363
org.jppf.example.nodetray.NodeSystemTray.JMXNotificationListener,0,19.0,0.0078913121056
org.jppf.ui.monitoring.node.graph.GraphOption.ToStringLabeller,0,6.0,0.00784722194919
org.jppf.server.scheduler.bundle.impl.AbstractAutoTunedBundler,0,99.0,0.00772833096536
org.jppf.jca.util.JPPFAccessorImpl,0,28.0,0.00772761282452
org.jppf.test.scenario.jppf_130.JPPF_130_Task,0,31.0,0.00772748172642
org.jppf.server.queue.JPPFPriorityQueue.Callable,1,6.0,0.00768382300546
org.jppf.utils.DateTimeUtils,0,19.0,0.00768289223195
org.jppf.server.scheduler.bundle.proportional.ProportionalTuneProfile,0,95.0,0.00759807034491
org.jppf.client.monitoring.topology.TopologyEvent.UpdateType,0,5.0,0.00756178144009
org.jppf.client.monitoring.AbstractComponent,0,53.0,0.00754590579683
org.jppf.server.ShutdownRestartTask,0,33.0,0.00754156794553
com.sun.jmx.remote.opt.util.ThreadService,0,62.0,0.0075405535177
org.jppf.ui.options.FileChooserOption,0,83.0,0.00752997663341
org.jppf.management.NodeSelector.UuidSelector,0,17.0,0.0074754921591
org.jppf.classloader.resource.SaveResourceAction,0,88.0,0.00740978825438
org.jppf.node.idle.IdleTimeDetector,0,4.0,0.00736145889339
sample.test.JPPFTestTask,0,67.0,0.00726825818206
org.jppf.serialization.DeserializationCaches,0,81.0,0.0072604051615
org.jppf.example.webcrawler.CrawlerTask,0,76.0,0.00716472518396
test.annotated.AnnotatedTask,0,28.0,0.00711020540099
test.org.jppf.client.concurrent.TestJPPFExecutorService,0,146.0,0.00706428153248
org.jppf.serialization.SerializationReflectionHelper.ConstructorComparator,0,10.0,0.00703247255198
org.jppf.comm.socket.SocketChannelClient,0,226.0,0.00702357028365
org.jppf.utils.JPPFThreadFactory,0,73.0,0.00696938225847
javax.management.remote.generic.GenericClientCommunicatorAdmin,0,52.0,0.00695817719909
org.jppf.server.scheduler.bundle.nodethreads.AbstractNodeThreadsLoadBalancer,0,49.0,0.00694954047402
org.jppf.management.forwarding.InternalNotificationFilter,0,24.0,0.00684380263161
sample.test.ExecutionReport,0,7.0,0.00678543428632
org.jppf.server.scheduler.bundle.AbstractBundler,0,45.0,0.00672710253869
sample.datasize.DataSizeRunner,0,99.0,0.00671827987237
org.jppf.client.taskwrapper.TaskObjectWrapper,0,6.0,0.00668578642003
test.socket.SocketPerformance.Client,0,36.0,0.00667839390154
sample.test.clientpool.ConnectionPoolRunner,0,102.0,0.0066078617311
test.org.jppf.server.protocol.TestLocation,0,43.0,0.00658764218506
org.jppf.serialization.SerializationReflectionHelper,0,224.0,0.00653202469716
test.socket.SocketPerformance,0,45.0,0.00640330763102
org.jppf.node.screensaver.ScreenSaverMain,0,118.0,0.00637259440997
com.sun.jmx.remote.protocol.jmxmp.ServerProvider,0,7.0,0.00630505854008
org.jppf.ui.monitoring.data.NewConnectionTask.ComboUpdate,0,36.0,0.00629385672652
org.jppf.client.AbstractGenericClient.JPPFMulticastReceiverThread.ConnectionHandler,0,17.0,0.00616979414136
org.jppf.server.node.NodeIO,0,5.0,0.00613926560048
org.jppf.android.AndroidHelper,0,121.0,0.00613407630899
test.org.jppf.client.TestJPPFClient.Runnable,0,6.0,0.00612432956792
org.jppf.ui.monitoring.node.NodeDataPanel.ShowIPListener,0,6.0,0.00612432956792
org.jppf.client.balancer.ChannelWrapperLocal.LocalRunnable,0,30.0,0.00612344147112
org.jppf.server.node.AbstractNodeIO.ObjectSerializationTask,0,29.0,0.00611225955119
org.jppf.example.extendedclassloading.clientlib2.MyClientDynamicClass2,0,7.0,0.0060868352286
com.sun.jmx.remote.opt.security.SASLClientHandler.UserPasswordCallbackHandler,0,33.0,0.00602607973499
org.jppf.serialization.Serializer,0,243.0,0.00588223860814
test.org.jppf.management.TestJPPFNodeAdminMBean,0,208.0,0.005848844159
com.sun.jmx.remote.opt.internal.ListenerInfo,0,50.0,0.00584195686847
org.jppf.utils.collections.EnumSetEnumMap,0,19.0,0.00581846784081
com.sun.jmx.remote.opt.util.CacheMap,0,38.0,0.00580036585189
org.jppf.android.node.DefaultAndroidNodeIntegration,0,42.0,0.00578587348475
org.jppf.client.event.ClientQueueListenerAdapter,0,8.0,0.00577336498724
com.sun.jmx.remote.profile.tls.ServerProvider,0,6.0,0.0056879777102
com.sun.jmx.remote.profile.sasl.ClientProvider,0,6.0,0.0056879777102
org.jppf.node.policy.BetweenII,0,50.0,0.00555400795393
org.jppf.node.policy.BetweenEI,0,50.0,0.00555400795393
org.jppf.logging.jdk.JPPFFileHandler,0,13.0,0.00554272818185
org.jppf.jca.demo.DemoTask,0,35.0,0.00551417908529
test.org.jppf.server.protocol.TestJPPFJobSLA,0,304.0,0.00550230492541
org.jppf.application.template.TemplateJPPFTask,0,9.0,0.00548087645981
org.jppf.utils.NetworkUtils.InetAddressFilter_3,0,3.0,0.00542953734388
org.jppf.dotnet.DotnetTaskWrapper,0,64.0,0.00540497536621
org.jppf.server.nio.classloader.client.ClientClassTransition,0,12.0,0.00539537041821
org.jppf.server.scheduler.bundle.impl.AutoTunedBundler,0,103.0,0.0053902533311
org.jppf.android.activities.SettingsActivity,0,11.0,0.0053595470903
test.node.nativelib.NativeLibRunner,0,67.0,0.00535760156132
org.jppf.client.monitoring.jobs.Job,0,36.0,0.00535590151176
com.sun.jmx.remote.opt.util.Service.LazyIterator,0,50.0,0.00532673244757
org.jppf.example.datadependency.SnapshotBasedTradeUpdater.ProcessSnapshotTask,0,18.0,0.00528922110098
sample.helloworld.HelloWorldAnnotatedConstructor,0,16.0,0.00523001674897
org.jppf.server.node.local.LocalNodeConnectionChecker,0,19.0,0.00518035561982
org.jppf.client.AbstractJPPFJob.ConcurrentUtils.Condition,0,5.0,0.00517795657986
org.jppf.client.taskwrapper.PrivilegedConstructorAction,0,23.0,0.00517774401225
org.jppf.client.event.ClientQueueEventDispatcher,0,8.0,0.0051181713915
org.jppf.management.forwarding.NodeSelectionProvider,0,4.0,0.00510886687014
org.jppf.serialization.JPPFObjectOutputStream,0,166.0,0.00508598640388
org.jppf.server.protocol.TaskCompletionListener,0,4.0,0.00507835433847
org.jppf.example.fractals.lyapunov.LyapunovRunner,0,78.0,0.00506811533867
org.jppf.ui.monitoring.job.JobAccumulator.Type,0,6.0,0.00504118762672
org.jppf.server.node.local.JPPFLocalContainer.ObjectDeserializationTask,0,31.0,0.00503419858003
org.jppf.example.datadependency.simulation.UniformDataFactory,0,11.0,0.00503289006597
org.jppf.utils.stats.JPPFStatistics.Filter,0,4.0,0.00498149838661
com.sun.jmx.remote.generic.ServerSynchroMessageConnectionImpl.MessageReader,0,49.0,0.00492920138251
test.org.jppf.test.runner.JPPFTestRunner,0,120.0,0.00492760619048
javax.management.remote.message.NotificationResponseMessage,0,11.0,0.00492694056214
org.jppf.ui.options.xml.OptionElementFactory,0,268.0,0.00489343846771
org.jppf.serialization.JPPFObjectInputStream,0,163.0,0.00487996100145
org.jppf.example.datadependency.AbstractTradeUpdater.SubmissionTask,0,63.0,0.00486504831522
org.jppf.server.nio.classloader.CacheClassContent,0,12.0,0.00478716427665
org.jppf.client.monitoring.topology.TopologyNodeStatus,0,4.0,0.00472289064175
javax.management.remote.message.VersionMessage,0,10.0,0.00472100029346
org.jppf.execute.ExecutorStatus,0,7.0,0.00463219959335
org.jppf.serialization.Deserializer,0,304.0,0.00458094897007
org.jppf.android.demo.FractalSurfaceView.ViewThread,0,30.0,0.00458041801812
org.jppf.android.AndroidNodeConnectionStrategy,0,51.0,0.00439554590184
org.jppf.process.ProcessWrapper.StreamHandler,0,43.0,0.00437932884208
javax.management.remote.generic.MessageConnection,0,7.0,0.00436512724857
org.jppf.example.datadependency.StatsCollector,0,57.0,0.00431725961391
org.jppf.example.datadependency.simulation.GaussianDataFactory,0,16.0,0.00430284420296
org.jppf.utils.compilation.CustomClassLoader,0,57.0,0.00415657112366
com.sun.jmx.remote.opt.internal.Unmarshal,0,3.0,0.00413887190567
com.sun.jmx.remote.opt.internal.ClientCommunicatorAdmin,0,90.0,0.00399475897628
org.jppf.node.screensaver.FocusedJFrame,0,43.0,0.00395034494728
org.jppf.server.node.fj.ThreadManagerForkJoin,0,69.0,0.00394407586798
sample.test.NonSerializableInterface,0,4.0,0.00393686546044
org.jppf.example.extendedclassloading.client.MyRunner,0,54.0,0.00391600572028
org.jppf.serialization.SerializationUtils,0,146.0,0.00386580642158
org.jppf.server.protocol.JPPFTaskBundle,0,172.0,0.00385749702192
org.jppf.utils.stats.SingleValueSnapshot,0,67.0,0.00380397705441
org.jppf.server.event.NodeConnectionListener,0,5.0,0.00376847755865
org.jppf.server.protocol.AbstractCommonSLA,0,51.0,0.00360834862584
org.jppf.node.provisioning.JPPFNodeProvisioningMBeanProvider,0,24.0,0.00358249101906
org.jppf.ui.monitoring.node.graph.RadialLayout,0,74.0,0.00355242423595
org.jppf.server.nio.client.ClientTransition,0,8.0,0.00354216798131
javax.management.remote.generic.AbstractServerIntermediary.PrivilegedAction,0,5.0,0.00353785953625
org.jppf.client.balancer.TaskStateMap,0,33.0,0.00347178605008
org.jppf.example.tomcat.LongTask,0,48.0,0.00342715132342
test.org.jppf.management.forwarding.TestJPPFNodeForwardingMBean,0,335.0,0.00338506687752
org.jppf.ui.plugin.PluggableViewHandler,0,79.0,0.00336671847541
org.jppf.example.startup.driver.TestDriverStartup,0,8.0,0.0033587181745
org.jppf.serialization.XstreamObjectStreamBuilder,0,53.0,0.00334776312806
org.jppf.android.PreferenceUtils,0,29.0,0.00332715555155
org.jppf.example.ftp.service.CommandLineExt,0,13.0,0.00330730409239
test.driver.restart.TestDriverRestart.ProxySettingTask,0,32.0,0.00326253881156
sample.helloworld.HelloWorldRunnable,0,16.0,0.00325083551283
org.jppf.example.extendedclassloading.ClassPathImpl,0,101.0,0.00322699011847
org.jppf.ui.monitoring.event.ShowIPEvent,0,13.0,0.00321551329181
org.jppf.server.node.spi.JPPFNodeMaintenanceMBeanProvider,0,18.0,0.00319334132537
org.jppf.client.concurrent.TaskConfigurationImpl,0,39.0,0.00316276460289
org.jppf.client.monitoring.jobs.ImmediateJobNotificationsHandler,0,33.0,0.0031619594323
javax.management.remote.generic.GenericConnectorServer.Receiver,0,44.0,0.00315160637234
sample.test.redirect.ConsoleOutputRedirector,0,33.0,0.00314547406853
com.sun.jmx.remote.opt.security.AdminClient,0,153.0,0.00312633721532
org.jppf.example.aparapi.SquareMatrix,0,73.0,0.00309774934796
sample.test.largedata.LargeDataTask,0,65.0,0.00308573075855
org.jppf.android.node.DelegatingNodeEventHandler,0,106.0,0.00308008213841
test.org.jppf.test.setup.AbstractSetupOfflineNode,0,32.0,0.00306950695487
org.jppf.example.webcrawler.JPPFMethodExceptionHandler,0,13.0,0.00305479355248
org.jppf.utils.TextPropertiesTableFormat,0,27.0,0.00301016523508
org.jppf.client.JobStatusHandler,0,4.0,0.00300613787814
org.jppf.jca.demo.JPPFHelper,0,60.0,0.00293013193233
org.jppf.example.fractals.lyapunov.LyapunovTask,0,47.0,0.00292993168891
com.sun.jmx.remote.opt.security.MBeanServerFileAccessController,0,75.0,0.00292968960247
test.org.jppf.test.setup.NodeProcessLauncher,0,19.0,0.00292070757979
org.jppf.serialization.kryo.KryoSerialization,0,43.0,0.002883671545
org.jppf.server.NodeInformationHandler,0,84.0,0.00286993632641
org.jppf.utils.SystemUtils.PrivilegedAction,0,8.0,0.00282692575696
org.jppf.ui.treetable.JTreeTable.ListToTreeSelectionModelWrapper.ListSelectionHandler,1,6.0,0.00282192225321
org.jppf.classloader.ResourceRequestRunner,0,7.0,0.00279188734069
org.jppf.server.nio.acceptor.AcceptorTransition,0,4.0,0.00277353323296
javax.management.remote.generic.AbstractClientIntermediary,0,132.0,0.00276926437793
test.annotated.AnnotatedRunner,0,81.0,0.00276737327751
org.jppf.client.taskwrapper.TaskObjectWrapper.MethodType,0,6.0,0.00273079138854
org.jppf.server.scheduler.bundle.rl.AbstractRLBundler,0,115.0,0.00270884856901
test.calendar.CalendarSerialization,0,27.0,0.00260288572772
sample.datasize.MyCallable,0,13.0,0.002581572137
org.jppf.doc.ParametersHandler,0,44.0,0.00256983362662
org.jppf.example.wordcount.DataReader,0,46.0,0.00248033636197
org.jppf.example.fractals.mandelbrot.MandelbrotTask,1,65.0,0.00245429141301
com.sun.jmx.remote.opt.security.JMXPasswordAuthenticator,0,64.0,0.00244908861694
javax.management.remote.generic.GenericConnector,0,193.0,0.002407657397
org.jppf.ui.monitoring.charts.config.PreferencesStorage,0,153.0,0.00239598011016
org.jppf.io.SocketWrapperOutputDestination,0,36.0,0.0023858686647
org.jppf.job.JobEventType,0,8.0,0.00236144532088
test.generic.TestScheduledExecutor,0,92.0,0.00236108979744
sample.test.AnonymousInnerClassTask.Runnable,0,7.0,0.00230644664939
org.jppf.jca.spi.JPPFResourceAdapter,0,37.0,0.00228989967849
com.sun.jmx.remote.opt.security.SASLInputStream,0,114.0,0.00228130231548
org.jppf.example.adaptivegrid.MyQueueListener,0,58.0,0.00226289774754
org.jppf.utils.JPPFThreadFactory.PrivilegedAction,0,6.0,0.00224998756828
com.sun.jmx.remote.generic.ProfileClientFactory.PrivilegedAction,0,6.0,0.00224998756828
com.sun.jmx.remote.generic.ProfileServerFactory.PrivilegedAction,0,6.0,0.00224998756828
org.jppf.server.nio.nodeserver.NodeNioServer.Callable,0,6.0,0.00223756407284
org.jppf.example.driver.test.AvailableProcessorsMBeanTest,0,10.0,0.00219582442375
org.jppf.example.loadbalancer.client.CustomLoadBalancerTask,0,24.0,0.00219297638398
org.jppf.server.scheduler.bundle.rl.RLProfile,0,56.0,0.00219146801135
sample.dist.manyjobs.ManyConnections,0,37.0,0.00216670370959
org.jppf.example.mbean.AvailableProcessorsMBean,0,4.0,0.00212635131504
org.jppf.queue.QueueEvent,0,25.0,0.0021139145909
sample.test.SecurityTestTask,0,66.0,0.0020535491382
org.jppf.utils.ThumbnailGenerator,0,136.0,0.00199024007708
org.jppf.doc.SamplesPHPReadmeProcessor,0,78.0,0.00198780931362
org.jppf.example.ftp.runner.FTPRunner,0,51.0,0.00195911053176
org.jppf.ui.monitoring.charts.ChartType,0,20.0,0.00194274085611
com.sun.jmx.remote.socket.SocketConnection,0,195.0,0.00184046237943
org.jppf.ui.treetable.FileNode,0,44.0,0.00182323547299
org.jppf.server.scheduler.bundle.nodethreads.NodeThreadsProfile,0,27.0,0.0018219520444
org.jppf.caching.JPPFHashMapCache,0,23.0,0.00180659340999
org.jppf.example.jobrecovery.Runner,0,68.0,0.00176808053708
org.jppf.server.submission.SubmissionStatusHandler,0,5.0,0.00172318097672
com.sun.jmx.remote.generic.ServerAdmin,0,5.0,0.00169585536116
org.jppf.example.nodelifecycle.client.CreateDB,0,21.0,0.00169060351849
org.jppf.ssl.FileStoreSource,0,15.0,0.00164577493462
org.jppf.example.ftp.runner.FTPTask,0,37.0,0.00163843926768
javax.management.remote.message.TLSMessage,0,16.0,0.00158951603105
org.jppf.example.fractals.FractalPoint,0,23.0,0.00158513314504
org.jppf.example.common.FractalPoint,0,23.0,0.00158513314504
sample.dist.xstream.PhoneNumber,0,34.0,0.0015258447043
org.jppf.caching.JPPFMapCache,0,8.0,0.00150472995124
test.counters.LongCounterSynchronized,0,30.0,0.00150429393584
org.jppf.utils.stats.JPPFStatisticsListener,0,6.0,0.00149920249025
com.sun.jmx.remote.opt.internal.ClientNotifForwarder.NotifFetcher,1,133.0,0.00149180359667
org.jppf.client.event.ClientEvent,0,11.0,0.00148878558188
org.jppf.client.taskwrapper.RunnableTaskWrapper,0,20.0,0.00146961360426
test.compilation.TestCompilation,0,165.0,0.00146428860301
org.jppf.ui.monitoring.job.AccumulatorHelper.MyTimerTask.Runnable,0,5.0,0.00138028806067
org.jppf.example.webcrawler.WebCrawlerRunner.Runnable_0,0,8.0,0.00136237977829
org.jppf.server.protocol.ServerJobStatus,0,7.0,0.00134939732621
org.jppf.example.datadependency.model.MarketData,0,20.0,0.00133496092098
org.jppf.utils.NetworkUtils.InetAddressFilter,0,6.0,0.00132625379597
org.jppf.node.connection.ConnectionContext,0,28.0,0.00132388065367
org.jppf.utils.compilation.CharSequenceSource,0,14.0,0.00130031429975
org.jppf.server.nio.nodeserver.NodeState,0,8.0,0.00118072266044
org.jppf.utils.collections.SetIdentityMap,0,17.0,0.00116851429613
org.jppf.caching.JPPFCollectionCache,0,7.0,0.00116694747894
test.org.jppf.serialization.TestKryo,0,44.0,0.00115600377773
org.jppf.serialization.JPPFConfigurationObjectStreamBuilder,0,38.0,0.00115173434076
org.jppf.utils.TexFileSplitter,0,104.0,0.00114597956455
javax.management.remote.message.NotificationRequestMessage,0,21.0,0.00114594700185
org.jppf.example.jaligner.DatabaseHandler,0,103.0,0.00112884781889
org.jppf.server.scheduler.bundle.providers.RLBundlerProvider,0,18.0,0.00112347665407
com.sun.jmx.remote.opt.security.MBeanServerAccessController,0,241.0,0.00111432807752
org.jppf.node.provisioning.SlaveNodeManager.Condition,0,5.0,0.00106934316989
test.org.jppf.client.TestJPPFClient,0,234.0,0.00106684863013
org.jppf.utils.stats.JPPFStatisticsEvent,0,11.0,0.00101932621022
org.jppf.jca.cci.JPPFConnectionMetaData,0,23.0,0.00100217322212
test.org.jppf.server.peer.TestMultiServerWithSSL,0,31.0,0.000996627901676
test.org.jppf.server.peer.TestMultiServer,0,31.0,0.000996627901676
org.jppf.server.nio.nodeserver.NodeNioServer.Runnable,0,6.0,0.000995488308653
org.jppf.example.jaligner.SequenceAlignmentRunner.Runnable_0,0,6.0,0.000995488308653
org.jppf.example.concurrentjobs.ConcurrentJobs,0,117.0,0.000985661084718
org.jppf.serialization.GenericObjectStreamBuilder,0,13.0,0.000981479886235
org.jppf.server.nio.acceptor.AcceptorState,0,5.0,0.00094457812835
org.jppf.server.protocol.ClassPathElementImpl,0,38.0,0.000919100566697
com.sun.jmx.remote.opt.internal.ClientListenerInfo,0,14.0,0.000853422917695
com.sun.jmx.remote.generic.ProfileProviderException,0,17.0,0.000846168869266
org.jppf.client.monitoring.jobs.JobMonitoringEvent.Type,0,9.0,0.000840197937787
org.jppf.server.event.NodeConnectionEvent,0,11.0,0.000833958397746
org.jppf.android.KeyStoreUriSource,0,12.0,0.000781787880669
org.jppf.ui.actions.ShowHideColumnsAction.AbstractAction,0,5.0,0.000778047164308
org.jppf.node.screensaver.impl.SimpleScreenSaver.TimerTask,0,6.0,0.00075341465373
test.org.jppf.utils.TestRange,0,78.0,0.000728317401731
org.jppf.server.node.spi.JPPFNodeTaskMonitorProvider,0,20.0,0.000711703454702
javax.management.remote.message.HandshakeBeginMessage,0,15.0,0.000709194339913
com.sun.jmx.remote.generic.ObjectWrappingImpl,0,17.0,0.000687506786304
org.jppf.ui.options.FileChooserOption.ActionListener,0,6.0,0.000648372636924
org.jppf.utils.streams.JPPFByteArrayOutputStream,0,20.0,0.000641687841021
org.jppf.example.fj.FibonacciResult,0,24.0,0.000614439976627
org.jppf.server.node.spi.JPPFDefaultNodeMBeanProvider,0,18.0,0.000593086212252
org.jppf.jca.cci.JPPFRecordFactory,0,13.0,0.00056656756403
test.org.jppf.test.runner.TestResultRenderer,0,8.0,0.000539779941608
com.sun.jmx.remote.opt.internal.ServerNotifForwarder.PrivilegedExceptionAction,0,6.0,0.000536449992472
org.jppf.example.fractals.moviegenerator.LinearStepVector,0,19.0,0.000507044874779
com.sun.jmx.remote.opt.internal.NotificationBuffer,0,4.0,0.000480875952916
org.jppf.jca.util.JPPFAccessor,0,7.0,0.000448370392933
test.org.jppf.utils.TestTypedProperties,0,274.0,0.000434143016756
org.jppf.utils.compilation.BytecodeObject,0,20.0,0.000412005112525
javax.management.remote.generic.MessageConnectionServer,0,6.0,0.000374928080685
org.jppf.test.setup.DiagnosticsResult,0,15.0,0.000374859316426
org.jppf.example.datadependency.simulation.TickerEvent,0,11.0,0.00037219639547
org.jppf.nio.NioTransition,0,29.0,0.000351916102624
org.jppf.test.setup.JMXResult,1,15.0,0.000259862213434
javax.management.remote.message.MBeanServerResponseMessage,0,20.0,0.000209384932424
org.jppf.utils.HostIP,0,15.0,0.000173241475622
org.jppf.example.mbean.driver.spi.AvailableProcessorsMBeanProvider,0,18.0,0.000161620368009
org.jppf.example.loadbalancer.server.CustomLoadBalancerProvider,0,18.0,0.000161620368009
javax.management.remote.message.HandshakeEndMessage,0,15.0,0.000160132290851
