org.jppf.ui.treetable.JTreeTable.ListToTreeSelectionModelWrapper.ListSelectionHandler,1,6.0
org.jppf.server.queue.JPPFPriorityQueue.Callable,1,6.0
org.jppf.management.JPPFNodeAdmin.Runnable_0,1,6.0
org.jppf.node.screensaver.NodeIntegrationAdapter,1,11.0
org.jppf.node.NodeRunner.ShutdownOrRestart.PrivilegedAction,1,13.0
org.jppf.ui.monitoring.job.actions.UpdateMaxNodesAction.Runnable,1,13.0
org.jppf.test.setup.JMXResult,1,15.0
org.jppf.client.ConnectionInitializer,1,16.0
org.jppf.server.debug.ServerDebugMBean,1,18.0
org.jppf.ui.monitoring.diagnostics.HeapDumpAction,1,19.0
org.jppf.ui.monitoring.diagnostics.GCAction,1,19.0
org.jppf.server.nio.classloader.client.WaitingPeerInitiationResponseState,1,21.0
org.jppf.ui.monitoring.node.actions.ToggleNodeActiveAction,1,21.0
org.jppf.jca.work.JcaJobManager,1,23.0
org.jppf.node.event.DefaultLifeCycleErrorHandler,1,25.0
org.jppf.server.nio.classloader.client.WaitingProviderInitialRequestState,1,25.0
sample.test.jppfcallable.MyTask,1,28.0
org.jppf.nio.AbstractNioObject,1,29.0
org.jppf.server.nio.nodeserver.SendInitialBundleState,1,31.0
org.jppf.client.balancer.queue.JPPFPriorityQueue,8,253.0
org.jppf.client.JPPFResultCollector,2,67.0
org.jppf.client.balancer.queue.TaskQueueChecker,4,165.0
org.jppf.example.datadependency.TradeUpdateTask,1,42.0
org.jppf.node.event.JobClassPathHandler,1,45.0
org.jppf.classloader.ClassLoaderRequestHandler,1,46.0
org.jppf.ui.options.event.ScriptedValueChangeListener,1,46.0
org.jppf.node.screensaver.DelegatingNodeListener,1,47.0
org.jppf.ui.monitoring.data.StatusBarHandler,1,51.0
org.jppf.server.nio.nodeserver.LocalNodeContext,1,52.0
org.jppf.example.datadependency.simulation.Ticker,1,52.0
org.jppf.server.node.NodeExecutionManager,1,53.0
org.jppf.ui.monitoring.node.actions.NodeThreadsAction,1,54.0
org.jppf.client.AbstractGenericClient,4,225.0
org.jppf.utils.SystemUtils,4,237.0
org.jppf.example.fractals.mandelbrot.MandelbrotTask,1,65.0
org.jppf.client.ClassServerDelegateImpl,1,65.0
org.jppf.client.AbstractJPPFClientConnection,2,134.0
org.jppf.ui.monitoring.node.actions.ServerShutdownRestartAction,1,67.0
org.jppf.management.JPPFNodeTaskMonitor,1,74.0
org.jppf.ui.monitoring.diagnostics.JVMHealthPanel,2,151.0
org.jppf.node.policy.ScriptedPolicy,1,81.0
org.jppf.ui.options.AbstractOption,1,83.0
org.jppf.test.setup.RestartableProcessLauncher,1,84.0
org.jppf.server.node.AbstractNodeIO,1,86.0
org.jppf.classloader.RemoteClassLoaderConnection,1,89.0
org.jppf.ui.monitoring.node.actions.SystemInformationAction,1,90.0
org.jppf.server.node.remote.RemoteNodeIO,1,92.0
org.jppf.server.nio.client.ClientNioServer,1,93.0
org.jppf.utils.streams.MultipleBuffersOutputStream,1,98.0
org.jppf.server.protocol.ServerTask,1,98.0
org.jppf.ui.monitoring.job.JobData,1,101.0
org.jppf.client.AbstractJPPFClient,2,216.0
org.jppf.jca.cci.JPPFConnectionImpl,1,113.0
org.jppf.server.nio.classloader.node.NodeClassNioServer,1,114.0
org.jppf.server.nio.classloader.node.WaitingNodeRequestState,1,122.0
org.jppf.nio.StateTransitionManager,1,129.0
com.sun.jmx.remote.opt.internal.ClientNotifForwarder.NotifFetcher,1,133.0
org.jppf.server.job.JPPFJobManager,1,164.0
org.jppf.server.queue.JPPFPriorityQueue,2,339.0
org.jppf.io.IOHelper,1,179.0
org.jppf.ui.monitoring.job.JobDataPanelManager,1,185.0
test.org.jppf.test.setup.GenericProcessLauncher,1,205.0
org.jppf.client.BaseJPPFClientConnection,1,215.0
org.jppf.server.nio.nodeserver.TaskQueueChecker,1,216.0
org.jppf.io.MultipleBuffersLocation,1,225.0
org.jppf.ui.monitoring.job.JobDataPanel,1,260.0
org.jppf.server.nio.nodeserver.AbstractNodeContext,1,311.0
org.jppf.jca.demo.JPPFHelper,0,60.0
org.jppf.io.InputSource,0,7.0
org.jppf.ui.monitoring.node.graph.GraphOption,0,148.0
org.jppf.test.scenario.s1.ExtMatrixTask,0,36.0
org.jppf.ui.monitoring.data.NewConnectionTask.ComboUpdate,0,36.0
test.org.jppf.test.setup.common.BaseTestHelper,0,64.0
org.jppf.server.node.fj.ThreadManagerForkJoin.FJThreadFactory.ForkJoinWorkerThread,0,11.0
test.generic.TestScheduledExecutor.Runnable_1,0,11.0
org.jppf.utils.stats.JPPFStatisticsHelper,0,52.0
com.sun.jmx.remote.opt.internal.ClientCommunicatorAdmin,0,90.0
com.sun.jmx.remote.profile.tls.ServerProvider,0,6.0
org.jppf.ui.treetable.TreeTableModel,0,10.0
org.jppf.client.monitoring.jobs.ImmediateJobNotificationsHandler,0,33.0
org.jppf.logging.jmx.JmxLogger,0,5.0
org.jppf.example.tomcat.LongTask,0,48.0
org.jppf.server.nio.classloader.node.WaitingInitialNodeRequestState,0,29.0
sample.test.SecurityTestTask,0,66.0
com.sun.jmx.remote.socket.SocketConnection.ObjectInputStreamWithLoader,0,11.0
org.jppf.server.node.spi.JPPFNodeMaintenanceMBeanProvider,0,18.0
org.jppf.job.JobInformation,0,106.0
org.jppf.server.peer.PeerNodeResultSender,0,47.0
org.jppf.example.ftp.runner.FTPTask,0,37.0
org.jppf.ui.options.TabbedPaneOption,0,41.0
org.jppf.ui.monitoring.ConsoleLauncher,0,107.0
org.jppf.android.node.DefaultAndroidNodeIntegration,0,42.0
org.jppf.utils.JPPFThreadFactory,0,73.0
org.jppf.server.nio.classloader.node.SendingNodeResponseState,0,22.0
org.jppf.node.policy.BetweenII,0,50.0
javax.management.remote.generic.MessageConnectionServer,0,6.0
javax.management.remote.generic.GenericConnector,0,193.0
org.jppf.serialization.XstreamObjectStreamBuilder,0,53.0
org.jppf.server.protocol.JPPFTaskBundle,0,172.0
org.jppf.application.template.TemplateJPPFTask,0,9.0
org.jppf.ui.utils.JPPFSplash,0,41.0
org.jppf.ui.monitoring.node.actions.NodeConfigurationAction.AbstractAction_0,0,7.0
org.jppf.classloader.AbstractClassLoaderConnection,0,83.0
org.jppf.server.ShutdownRestartTask.TimerTask,0,18.0
test.org.jppf.client.TestJPPFClient,0,234.0
org.jppf.node.provisioning.JPPFNodeProvisioningMBeanProvider,0,24.0
javax.management.remote.generic.AbstractServerIntermediary.PrivilegedAction,0,5.0
org.jppf.example.webcrawler.CrawlerTask.IParserEventListener,0,7.0
test.jmx.MyNodeListener,0,48.0
javax.management.remote.generic.GenericConnectorServer.Receiver,0,44.0
org.jppf.node.screensaver.impl.JPPFScreenSaverImpl.LogoPaintTask,0,6.0
org.jppf.ui.monitoring.event.StatsHandlerEvent,0,10.0
org.jppf.node.policy.ExecutionPolicy.XorRule,0,22.0
org.jppf.ui.monitoring.charts.PlotXYChartHandler.LegendLabelGeneratorInvocationHandler,0,9.0
org.jppf.server.nio.acceptor.AcceptorState,0,5.0
com.sun.jmx.remote.protocol.jmxmp.ServerProvider,0,7.0
org.jppf.android.activities.FilechoserEditTextPreference,0,41.0
test.org.jppf.test.setup.common.NotSerializableObject,0,4.0
test.org.jppf.test.setup.AbstractSetupOfflineNode,0,32.0
org.jppf.ui.options.event.ScriptedMouseListener,0,78.0
org.jppf.node.policy.Equal,0,71.0
test.org.jppf.test.runner.JPPFTestRunner,0,120.0
org.jppf.utils.collections.AbstractCollectionHashtable,0,24.0
com.sun.jmx.remote.opt.internal.ServerNotifForwarder.PrivilegedExceptionAction,0,6.0
org.jppf.ui.options.OptionProperties,0,24.0
org.jppf.utils.stats.JPPFSnapshot.LabelBasedFilter,0,21.0
org.jppf.server.scheduler.bundle.AbstractBundler,0,45.0
org.jppf.utils.RegexUtils,0,10.0
sample.dist.tasklength.LongTaskRunner.Runnable,0,11.0
org.jppf.example.ftp.runner.FTPRunner,0,51.0
org.jppf.ui.options.xml.OptionDescriptor.ItemDescriptor,0,6.0
org.jppf.utils.compilation.BytecodeObject,0,20.0
org.jppf.ui.options.RadioButtonOption.ActionListener,0,9.0
org.jppf.server.node.spi.JPPFDefaultNodeMBeanProvider,0,18.0
org.jppf.comm.socket.SocketChannelClient,0,226.0
org.jppf.ui.monitoring.node.graph.ToggleModeAction,0,21.0
org.jppf.client.taskwrapper.RunnableTaskWrapper,0,20.0
test.org.jppf.management.TestJPPFNodeAdminMBean,0,208.0
sample.test.NonSerializableAttributeTask,0,10.0
org.jppf.client.AbstractJPPFJob.ConcurrentUtils.Condition,0,5.0
test.org.jppf.utils.TestRange,0,78.0
test.socket.SocketPerformance,0,45.0
org.jppf.ui.monitoring.charts.config.ChartConfiguration,0,37.0
test.serialization.Test,0,75.0
org.jppf.job.JobEventType,0,8.0
javax.management.remote.message.TLSMessage,0,16.0
org.jppf.server.nio.nodeserver.NodeContextFuture,0,23.0
org.jppf.example.adaptivegrid.MyQueueListener,0,58.0
org.jppf.ui.monitoring.data.ConnectionFailedTask,0,41.0
sample.dist.matrix.Matrix,0,66.0
org.jppf.management.forwarding.InternalNotificationFilter,0,24.0
sample.helloworld.HelloWorld,0,10.0
org.jppf.server.nio.classloader.client.ClientClassTransition,0,12.0
org.jppf.example.extendedclassloading.clientlib2.MyClientDynamicClass2,0,7.0
org.jppf.server.nio.classloader.client.SendingPeerInitiationRequestState,0,20.0
org.jppf.android.activities.SettingsActivity,0,11.0
org.jppf.client.balancer.queue.JPPFPriorityQueue.Runnable,0,12.0
org.jppf.example.nodelifecycle.client.CreateDB,0,21.0
org.jppf.utils.stats.JPPFStatisticsListener,0,6.0
org.jppf.utils.ThumbnailGenerator,0,136.0
org.jppf.caching.JPPFHashMapCache,0,23.0
org.jppf.server.JPPFContextDriver,0,14.0
org.jppf.server.protocol.AbstractServerJobBase,0,143.0
com.sun.jmx.remote.opt.internal.ClientListenerInfo,0,14.0
com.sun.jmx.remote.opt.internal.NotificationBuffer,0,4.0
org.jppf.utils.ReflectionHelper,0,155.0
org.jppf.example.fractals.moviegenerator.screensaver.FractalScreenSaver,0,6.0
test.run.jboss.JBossTask,0,119.0
org.jppf.jca.spi.JPPFResourceAdapter,0,37.0
test.org.jppf.test.setup.NodeProcessLauncher,0,19.0
org.jppf.serialization.JPPFObjectInputStream,0,163.0
org.jppf.test.scenario.ScenarioRunner,0,8.0
org.jppf.client.AbstractGenericClient.JPPFMulticastReceiverThread.ConnectionHandler,0,17.0
org.jppf.serialization.DefaultJavaSerialization.ObjectInputStream,0,8.0
org.jppf.ui.monitoring.node.graph.PopupMenuMousePlugin,0,47.0
org.jppf.utils.collections.EnumSetEnumMap,0,19.0
sample.datasize.MyCallable,0,13.0
org.jppf.node.policy.RegExp,0,41.0
org.jppf.server.nio.client.SendingResultsState,0,41.0
sample.test.clientpool.ConnectionPoolRunner,0,102.0
org.jppf.serialization.JPPFObjectOutputStream,0,166.0
org.jppf.example.jaligner.WindowClosingListener,0,9.0
org.jppf.server.protocol.ClassPathElementImpl,0,38.0
org.jppf.ui.actions.ShowHideColumnsAction.AbstractAction_0,0,7.0
org.jppf.android.demo.FractalEventHandler.Runnable,0,7.0
test.job.priority.JobPriorityRunner.Runnable,0,16.0
org.jppf.server.node.ThreadManagerThreadPool.UsedClassLoaderThread,0,14.0
test.jmx.TestJMX,0,75.0
test.org.jppf.node.policy.TestExecutionPolicy.TestCustomPolicy,0,6.0
org.jppf.server.protocol.ServerJob,0,202.0
org.jppf.example.datadependency.simulation.TickerEvent,0,11.0
org.jppf.example.aparapi.AparapiTask,0,46.0
org.jppf.server.scheduler.bundle.nodethreads.NodeThreadsProfile,0,27.0
javax.management.remote.message.HandshakeBeginMessage,0,15.0
test.node.nativelib.NativeLibRunner,0,67.0
org.jppf.node.idle.IdleTimeDetector,0,4.0
org.jppf.client.event.ClientEvent,0,11.0
org.jppf.server.node.local.JPPFLocalContainer.ObjectDeserializationTask,0,31.0
org.jppf.example.datadependency.SnapshotBasedTradeUpdater.ProcessSnapshotTask,0,18.0
test.job.priority.JobPriorityRunner.JobRunner,0,31.0
org.jppf.android.node.DefaultAndroidNodeIntegration.Runnable,0,10.0
org.jppf.server.nio.client.SendingHandshakeResultsState,0,29.0
org.jppf.server.nio.acceptor.AcceptorContext,0,31.0
org.jppf.example.jaligner.SequenceAlignmentRunner.Runnable,0,12.0
sample.dist.broadcastjob.BroadcastJobRunner,0,25.0
org.jppf.client.JobStatusHandler,0,4.0
test.org.jppf.utils.stats.TestJPPFStatistics.CustomTask,0,10.0
org.jppf.utils.FileReplacerEx,0,32.0
org.jppf.ui.options.LabelOption,0,40.0
org.jppf.server.protocol.ServerJobStatus,0,7.0
org.jppf.server.nio.classloader.client.ClientClassContext,0,168.0
com.sun.jmx.remote.opt.security.AdminClient,0,153.0
org.jppf.server.node.fj.ThreadManagerForkJoin,0,69.0
org.jppf.example.datadependency.model.MarketData,0,20.0
org.jppf.node.NodeInternal,0,8.0
org.jppf.client.monitoring.jobs.DeferredJobNotificationsHandler.AbstractJobNotification,0,9.0
test.org.jppf.management.forwarding.AbstractTestJPPFNodeForwardingMBean,0,87.0
org.jppf.caching.JPPFMapCache,0,8.0
com.sun.jmx.remote.opt.security.MBeanServerAccessController,0,241.0
org.jppf.execute.ExecutorStatus,0,7.0
org.jppf.node.idle.IdleDetectionTask,0,86.0
sample.test.AnonymousInnerClassTask.Runnable,0,7.0
com.sun.jmx.remote.opt.internal.ArrayNotificationBufferAux,0,2.0
org.jppf.example.ftp.service.CommandLineExt,0,13.0
org.jppf.ui.monitoring.job.actions.UpdateMaxNodesAction,0,50.0
org.jppf.android.node.AndroidClassLoaderManager.Callable,0,7.0
sample.dist.tasklength.LongTask,0,44.0
org.jppf.example.nodetray.NodeSystemTray.JMXNotificationListener,0,19.0
org.jppf.ui.monitoring.node.graph.SelectGraphNodesAction,0,14.0
org.jppf.ui.monitoring.charts.AreaChartHandler.CategorySeriesLabelGeneratorInvocationHandler,0,7.0
org.jppf.server.node.AbstractNodeConnectionChecker,0,21.0
org.jppf.node.provisioning.SlaveNodeManager.Condition,0,5.0
com.sun.jmx.remote.opt.util.CacheMap,0,38.0
org.jppf.management.forwarding.JPPFNodeForwardingMBean,0,25.0
org.jppf.utils.pooling.DirectBufferPool,0,14.0
javax.management.remote.generic.GenericClientCommunicatorAdmin,0,52.0
org.jppf.ui.options.SplitPaneOption,0,94.0
com.sun.jmx.remote.opt.internal.ListenerInfo,0,50.0
org.jppf.management.NodeSelector.UuidSelector,0,17.0
org.jppf.ui.monitoring.node.NodeTableCellRenderer,0,47.0
org.jppf.serialization.SerializationReflectionHelper.ConstructorWithParameters,0,7.0
org.jppf.ui.monitoring.node.graph.GraphActionHandler,0,16.0
org.jppf.client.monitoring.topology.AbstractTopologyComponent,0,30.0
org.jppf.client.monitoring.AbstractRefreshHandler.TimerTask,0,6.0
sample.helloworld.HelloWorldPojoStatic,0,10.0
org.jppf.example.webcrawler.WebCrawlerRunner.Runnable_0,0,8.0
org.jppf.ui.monitoring.data.TextStatsExporter,0,64.0
org.jppf.example.datadependency.simulation.AbstractDataFactory,0,38.0
test.org.jppf.test.setup.BaseSetup.ConfigSource,0,14.0
test.org.jppf.server.protocol.TestJPPFJobSLA,0,304.0
org.jppf.example.datadependency.StatsCollector,0,57.0
org.jppf.ui.monitoring.job.actions.AbstractJobAction,0,25.0
org.jppf.doc.ParametersHandler,0,44.0
org.jppf.queue.QueueEvent,0,25.0
test.org.jppf.test.runner.ResultHolder,0,114.0
org.jppf.libmanagement.Downloader.URLToFiles,0,6.0
org.jppf.startup.JPPFNodeStartupSPI,0,3.0
org.jppf.utils.streams.JPPFByteArrayOutputStream,0,20.0
org.jppf.ui.actions.ShowHideColumnsAction,0,56.0
org.jppf.process.ProcessWrapper,0,37.0
org.jppf.nio.SSLNioObject,0,91.0
org.jppf.test.scenario.Scenario.DiagnosticsGrabber,0,14.0
org.jppf.ui.plugin.PluggableViewHandler,0,79.0
org.jppf.server.scheduler.bundle.proportional.ProportionalTuneProfile,0,95.0
org.jppf.ui.monitoring.job.AccumulatorHelper.AccumulatorJob,0,5.0
org.jppf.ui.monitoring.job.AccumulatorHelper.MyTimerTask.Runnable,0,5.0
org.jppf.ui.treetable.FileNode,0,44.0
org.jppf.nio.NioTransition,0,29.0
test.generic.TestScheduledExecutor,0,92.0
org.jppf.node.NodeRunner.ShutdownOrRestart,0,11.0
org.jppf.server.scheduler.bundle.impl.ProportionalBundler,0,24.0
org.jppf.client.taskwrapper.PrivilegedConstructorAction,0,23.0
sample.test.redirect.ConsoleOutputRedirector.ThreadLocalOutputStream,0,14.0
org.jppf.utils.JPPFThreadFactory.PrivilegedAction,0,6.0
org.jppf.ui.monitoring.event.StatsHandlerListener,0,4.0
org.jppf.example.extendedclassloading.client.MyRunner,0,54.0
org.jppf.example.webcrawler.WebCrawlerRunner,0,86.0
test.org.jppf.management.TestJPPFNodeTaskMonitorMBean.ErrorLifeCycleTask,0,21.0
org.jppf.android.AndroidNodeConnectionStrategy,0,51.0
org.jppf.utils.TexFileSplitter,0,104.0
sample.helloworld.HelloWorldCallable,0,11.0
org.jppf.utils.stats.SingleValueSnapshot,0,67.0
sample.dist.matrix.MatrixTask,0,38.0
org.jppf.ui.options.JavaOption,0,56.0
org.jppf.server.scheduler.bundle.BundlePerformanceSample,0,13.0
org.jppf.android.activities.documents.AppStorageProvider.ParcelFileDescriptor.OnCloseListener,0,6.0
sample.datasize.DataSizeRunner,0,99.0
org.jppf.example.datadependency.simulation.GaussianDataFactory,0,16.0
org.jppf.serialization.JPPFSerialization,0,7.0
org.jppf.server.nio.nodeserver.TaskQueueChecker.Runnable,0,12.0
org.jppf.example.fractals.lyapunov.LyapunovRunner,0,78.0
test.org.jppf.test.runner.TestResultRenderer,0,8.0
test.jmx.JmxLogging.MyTask,0,7.0
org.jppf.example.driver.test.AvailableProcessorsMBeanTest,0,10.0
org.jppf.dotnetbridge.nodehook.DotnetBridgeHook,0,29.0
org.jppf.node.policy.LessThan,0,43.0
sample.test.TestAnnotatedTask,0,11.0
org.jppf.serialization.GenericObjectStreamBuilder,0,13.0
org.jppf.ui.options.xml.OptionElementFactory,0,268.0
org.jppf.client.taskwrapper.TaskObjectWrapper,0,6.0
org.jppf.ui.options.FileChooserOption,0,83.0
test.counters.LongCounterSynchronized,0,30.0
org.jppf.client.event.ClientConnectionStatusEvent,0,17.0
org.jppf.job.JobManagerListener,0,8.0
org.jppf.JPPFNodeReconnectionNotification,0,10.0
org.jppf.utils.JPPFBuffer,0,52.0
org.jppf.node.screensaver.FocusedJFrame,0,43.0
org.jppf.ui.monitoring.charts.StackedBarSeries3DChartHandler,0,5.0
com.sun.jmx.remote.opt.security.MBeanServerFileAccessController,0,75.0
org.jppf.ui.options.docking.AbstractDockingAction,0,20.0
sample.helloworld.HelloWorldAnnotatedStatic,0,11.0
org.jppf.node.policy.Contains,0,41.0
org.jppf.client.concurrent.TaskConfiguration,0,9.0
org.jppf.utils.compilation.BytecodeObject.ByteArrayOutputStream,0,9.0
org.jppf.server.peer.PeerDiscoveryThread.ConnectionHandler,0,3.0
org.jppf.node.screensaver.impl.SimpleScreenSaver.TimerTask,0,6.0
org.jppf.ui.monitoring.node.graph.GraphActionHandler.ItemListener,0,9.0
org.jppf.server.nio.classloader.LocalClassContext,0,32.0
org.jppf.ui.monitoring.job.actions.AbstractSuspendJobAction.Runnable,0,18.0
org.jppf.client.concurrent.JPPFTaskFuture,0,63.0
org.jppf.example.fractals.moviegenerator.LinearStepVector,0,19.0
org.jppf.server.DriverInitializer,0,183.0
org.jppf.server.nio.nodeserver.JMXInitializationHandler,0,6.0
org.jppf.client.monitoring.topology.JVMHealthRefreshHandler,0,57.0
org.jppf.ui.monitoring.ConsoleLauncher.MainFrameObserver,0,27.0
org.jppf.client.monitoring.jobs.Job,0,36.0
org.jppf.client.concurrent.TaskConfigurationImpl,0,39.0
org.jppf.ui.monitoring.ConsoleLoader.Runnable_1,0,9.0
javax.management.remote.message.NotificationRequestMessage,0,21.0
org.jppf.server.protocol.SendResultsStrategy.SendNodeResultsStrategy,0,10.0
org.jppf.android.node.DelegatingNodeEventHandler,0,106.0
org.jppf.utils.PropertiesCollection,0,6.0
org.jppf.node.policy.MoreThan,0,43.0
com.sun.jmx.remote.opt.internal.Unmarshal,0,3.0
com.sun.jmx.remote.generic.ServerAdmin,0,5.0
org.jppf.ui.monitoring.node.actions.ToggleNodeActiveAction.Runnable,0,16.0
org.jppf.io.FileDataLocation,0,247.0
org.jppf.utils.stats.JPPFStatistics.Filter,0,4.0
org.jppf.serialization.DefaultJavaSerialization,0,13.0
org.jppf.server.nio.nodeserver.NodeNioServer,0,267.0
org.jppf.jca.cci.JPPFRecordFactory,0,13.0
org.jppf.example.fractals.AbstractRunner.Runnable,0,11.0
org.jppf.test.setup.Setup.Thread,0,7.0
org.jppf.example.jaligner.DatabaseHandler,0,103.0
org.jppf.example.webcrawler.CrawlerTask,0,76.0
org.jppf.test.scenario.AbstractScenarioRunner,0,29.0
org.jppf.utils.JPPFThreadFactory.ExceptionHandler,0,6.0
test.filecopy.FileCopyAction,0,86.0
test.org.jppf.serialization.TestKryo,0,44.0
org.jppf.utils.TextPropertiesTableFormat,0,27.0
org.jppf.utils.TypedProperties,0,168.0
org.jppf.utils.NetworkUtils.InetAddressFilter,0,6.0
org.jppf.client.balancer.ChannelWrapperLocal.LocalRunnable,0,30.0
test.driver.restart.TestDriverRestart,0,64.0
org.jppf.nio.ChannelSelectorThread,0,40.0
test.calendar.CalendarSerialization,0,27.0
org.jppf.utils.compilation.SourceCompiler,0,71.0
org.jppf.node.initialization.OutputRedirectHook,0,28.0
org.jppf.client.AbstractClientConnectionHandler,0,89.0
test.org.jppf.test.setup.GenericProcessLauncher.ProcessWrapperEventListener,0,10.0
javax.management.remote.generic.MessageConnection,0,7.0
org.jppf.ui.monitoring.node.AbstractTopologyMouseListener,0,47.0
org.jppf.caching.JPPFCollectionCache,0,7.0
org.jppf.jca.util.JPPFAccessor,0,7.0
org.jppf.node.policy.ExecutionPolicy.LogicalRule,0,19.0
org.jppf.classloader.resource.SaveResourceAction,0,88.0
org.jppf.client.monitoring.jobs.AbstractJobComponent,0,5.0
org.jppf.ui.monitoring.charts.Pie3DChartHandler,0,45.0
test.socket.SocketPerformance.Connection,0,35.0
org.jppf.ui.monitoring.data.ClientHandler.ShowIPListener,0,6.0
org.jppf.server.node.spi.JPPFNodeTaskMonitorProvider,0,20.0
sample.dist.matrix.MatrixRunner,0,134.0
org.jppf.client.JPPFContextClient,0,14.0
org.jppf.ssl.FileStoreSource,0,15.0
org.jppf.client.taskwrapper.JPPFAnnotatedTask,0,68.0
javax.management.remote.jmxmp.JMXMPConnector,0,41.0
org.jppf.client.AbstractJPPFClient.DescendingIntegerComparator,0,8.0
org.jppf.utils.NetworkUtils.InetAddressFilter_3,0,3.0
org.jppf.serialization.Deserializer,0,304.0
org.jppf.server.event.NodeConnectionEvent,0,11.0
org.jppf.example.extendedclassloading.ClassPathHelper.FileFilter,0,6.0
org.jppf.client.event.ClientQueueListenerAdapter,0,8.0
org.jppf.ui.monitoring.job.JobTreeTableModel,0,83.0
sample.test.JPPFTestTask,0,67.0
org.jppf.node.event.NodeLifeCycleListenerAdapter,0,23.0
org.jppf.test.scenario.jppf_130.JPPF_130_Task,0,31.0
org.jppf.ui.monitoring.node.graph.SelectGraphDriversAction,0,18.0
org.jppf.ui.monitoring.node.graph.GraphOption.Runnable,0,10.0
org.jppf.server.node.local.LocalNodeConnectionChecker,0,19.0
com.sun.jmx.remote.opt.security.JMXPasswordAuthenticator,0,64.0
org.jppf.server.nio.nodeserver.NodeNioServer.Callable,0,6.0
org.jppf.client.monitoring.topology.TopologyEvent.UpdateType,0,5.0
test.org.jppf.utils.TestTypedProperties,0,274.0
org.jppf.example.jobrecovery.Runner,0,68.0
test.org.jppf.management.forwarding.TestJPPFNodeForwardingMBean,0,335.0
org.jppf.jca.demo.DemoTask,0,35.0
test.annotated.AnnotatedTask,0,28.0
sample.test.largedata.LargeDataTask,0,65.0
org.jppf.ui.monitoring.node.actions.NodeConfigurationAction.AbstractAction,0,8.0
org.jppf.ui.monitoring.job.JobAccumulator.Type,0,6.0
org.jppf.dotnet.DotnetTaskWrapper,0,64.0
org.jppf.jca.util.JPPFAccessorImpl,0,28.0
com.sun.jmx.remote.opt.util.ThreadService,0,62.0
sample.helloworld.HelloWorldRunnable,0,16.0
com.sun.jmx.remote.opt.security.SASLInputStream,0,114.0
org.jppf.server.protocol.TaskCompletionListener,0,4.0
com.sun.jmx.remote.opt.util.Service.LazyIterator,0,50.0
org.jppf.example.fractals.lyapunov.LyapunovTask,0,47.0
org.jppf.test.scenario.nodesmix.NodeMixRunner.JobSubmitter,0,8.0
org.jppf.client.concurrent.JobConfiguration,0,13.0
sample.test.NonSerializableInterface,0,4.0
org.jppf.ui.actions.AbstractUpdatableAction,0,48.0
org.jppf.classloader.ResourceRequestRunner,0,7.0
org.jppf.ui.treetable.TreeTableModelAdapter.Runnable,0,8.0
com.sun.jmx.remote.generic.ProfileProviderException,0,17.0
org.jppf.utils.ObjectSerializerImpl,0,63.0
org.jppf.ui.monitoring.node.graph.GraphTopologyHandler.Runnable_1,0,10.0
org.jppf.serialization.JPPFConfigurationObjectStreamBuilder,0,38.0
org.jppf.ui.actions.ShowHideColumnsAction.AbstractAction,0,5.0
org.jppf.test.scenario.ScenarioConfiguration,0,17.0
org.jppf.ui.options.TextOption,0,53.0
test.jmx.canceljob.CancelJobRunner,0,53.0
sample.dist.commandline.TestTask,0,43.0
org.jppf.io.SocketWrapperOutputDestination,0,36.0
test.org.jppf.test.setup.common.SimpleCallable,0,37.0
org.jppf.server.node.AbstractCommonNode,0,63.0
org.jppf.node.event.NodeLifeCycleErrorHandler,0,4.0
org.jppf.node.connection.ConnectionContext,0,28.0
org.jppf.example.startup.driver.TestDriverStartup,0,8.0
org.jppf.logging.log4j.JmxAppender,0,45.0
org.jppf.node.policy.AtMost,0,43.0
org.jppf.utils.JPPFIdentifiers,0,37.0
org.jppf.server.scheduler.bundle.rl.RLProfile,0,56.0
org.jppf.ui.monitoring.ConsoleLoader.Runnable,0,7.0
org.jppf.client.monitoring.AbstractComponent,0,53.0
org.jppf.server.event.NodeConnectionListener,0,5.0
org.jppf.android.node.DefaultAndroidNodeIntegration.Runnable_0,0,6.0
org.jppf.ui.monitoring.event.ShowIPEvent,0,13.0
org.jppf.ui.monitoring.node.graph.GraphTopologyHandler.NodeAdded,0,28.0
test.compilation.TestCompilation,0,165.0
org.jppf.jca.cci.JPPFConnectionMetaData,0,23.0
org.jppf.utils.HostIP,0,15.0
sample.test.deadlock.MyTask,0,29.0
com.sun.jmx.remote.profile.sasl.ClientProvider,0,6.0
org.jppf.client.JPPFJob,0,170.0
org.jppf.node.policy.BetweenEI,0,50.0
org.jppf.ui.options.JavaOption.JavaOptionMouseListener,0,12.0
org.jppf.utils.stats.AbstractJPPFSnapshot,0,84.0
test.org.jppf.test.setup.common.TaskResult,0,11.0
org.jppf.utils.collections.SetIdentityMap,0,17.0
org.jppf.client.balancer.TaskStateMap,0,33.0
org.jppf.ui.monitoring.node.actions.ServerStatisticsResetAction,0,34.0
com.sun.jmx.remote.generic.ProfileClientFactory.PrivilegedAction,0,6.0
org.jppf.server.ShutdownRestartTask,0,33.0
test.org.jppf.utils.TestTypedProperties.TestConfigurationSourceReader,0,9.0
test.socket.SocketPerformance.Client,0,36.0
sample.test.jppfcallable.MyLoggingHandler,0,61.0
org.jppf.example.nbody.NBodyPanel.UpdateRequest,0,21.0
com.sun.jmx.remote.generic.ServerSynchroMessageConnectionImpl.MessageReader,0,49.0
org.jppf.client.ClassServerDelegate,0,8.0
org.jppf.logging.jdk.JPPFFileHandler,0,13.0
test.org.jppf.client.TestJPPFClient.MyClient,0,6.0
org.jppf.utils.compilation.CharSequenceSource,0,14.0
org.jppf.android.KeyStoreUriSource,0,12.0
org.jppf.serialization.kryo.KryoSerialization.JPPFInstantiator,0,14.0
org.jppf.server.queue.JobExpirationAction,0,26.0
test.annotated.AnnotatedRunner,0,81.0
org.jppf.client.monitoring.jobs.JobMonitoringEvent.Type,0,9.0
org.jppf.android.AndroidHelper,0,121.0
org.jppf.classloader.LocalClassLoaderChannel,0,7.0
org.jppf.test.setup.DiagnosticsResult,0,15.0
org.jppf.management.forwarding.ForwardingNotificationManager.Runnable_0,0,13.0
org.jppf.example.aparapi.SquareMatrix,0,73.0
org.jppf.ui.options.docking.DockingManager,0,122.0
org.jppf.example.datadependency.AbstractTradeUpdater.SubmissionTask,0,63.0
org.jppf.ui.options.FileChooserOption.ActionListener,0,6.0
org.jppf.example.webcrawler.JPPFMethodExceptionHandler,0,13.0
org.jppf.node.policy.ExecutionPolicy.NotRule,0,26.0
org.jppf.startup.JPPFDriverStartupSPI,0,3.0
org.jppf.utils.SystemUtils.PrivilegedAction,0,8.0
org.jppf.nio.NioServer.AcceptChannelTask,0,24.0
org.jppf.example.mbean.driver.spi.AvailableProcessorsMBeanProvider,0,18.0
sample.dist.manyjobs.ManyConnections,0,37.0
com.sun.jmx.remote.generic.ObjectWrappingImpl,0,17.0
javax.management.remote.message.HandshakeEndMessage,0,15.0
org.jppf.server.scheduler.bundle.impl.AbstractAutoTunedBundler,0,99.0
org.jppf.server.nio.classloader.CacheClassKey,0,14.0
org.jppf.ui.monitoring.charts.MeterChartHandler,0,64.0
org.jppf.server.scheduler.bundle.rl.AbstractRLBundler,0,115.0
org.jppf.serialization.Serializer,0,243.0
org.jppf.utils.ThreadSynchronization,0,30.0
org.jppf.server.nio.nodeserver.NodeNioServer.Runnable,0,6.0
test.ipprobe.Probe,0,23.0
org.jppf.server.scheduler.bundle.providers.RLBundlerProvider,0,18.0
org.jppf.server.node.fj.ThreadManagerForkJoin.ForkJoinPool,0,9.0
org.jppf.scheduling.JPPFScheduleHandler,0,64.0
org.jppf.example.wordcount.JobProvider.MergeResultsTask,0,30.0
test.org.jppf.client.concurrent.TestJPPFExecutorService,0,146.0
org.jppf.example.extendedclassloading.RepositoryImpl.FileFilter,0,7.0
org.jppf.server.node.local.LocalClassLoaderManager.Callable,0,8.0
org.jppf.example.wordcount.DataReader,0,46.0
org.jppf.example.datadependency.simulation.TickerListener,0,4.0
org.jppf.serialization.SerializationUtils,0,146.0
org.jppf.ui.monitoring.node.graph.RadialLayout,0,74.0
org.jppf.example.aparapi.AparapiTask.MyDeviceSelector,0,11.0
org.jppf.server.scheduler.bundle.impl.NodeSimulator.SimulatedProportionalBundler,0,19.0
org.jppf.ui.monitoring.node.actions.ProvisioningAction.AbstractAction,0,7.0
test.org.jppf.server.protocol.TestJPPFTask.ResubmittingTask,0,19.0
org.jppf.server.nio.nodeserver.SendingBundleState,0,53.0
org.jppf.process.ProcessWrapper.StreamHandler,0,43.0
javax.management.remote.message.NotificationResponseMessage,0,11.0
org.jppf.example.mbean.AvailableProcessorsMBean,0,4.0
org.jppf.utils.stats.NonCumulativeSnapshot,0,26.0
org.jppf.node.screensaver.impl.JPPFScreenSaverImpl.TimerTask,0,6.0
org.jppf.serialization.ObjectSerializer,0,10.0
test.generic.GenericRunner,0,54.0
org.jppf.node.policy.PolicyParser,0,127.0
test.generic.LotsOfOutputTask,0,18.0
org.jppf.node.screensaver.ScreenSaverMain,0,118.0
org.jppf.serialization.kryo.KryoSerialization,0,43.0
org.jppf.client.monitoring.jobs.AbstractJobNotificationsHandler,0,14.0
org.jppf.node.event.NodeLifeCycleEvent,0,65.0
org.jppf.scheduling.JPPFSchedule,0,72.0
javax.management.remote.message.VersionMessage,0,10.0
test.org.jppf.client.TestJPPFClient.Runnable,0,6.0
com.sun.jmx.remote.generic.SelectProfiles,0,3.0
org.jppf.management.NodeSelector.ExecutionPolicySelector,0,13.0
com.sun.jmx.remote.socket.SocketConnection,0,195.0
org.jppf.server.job.JobManager,0,8.0
org.jppf.ui.monitoring.node.graph.GraphOption.ToStringLabeller,0,6.0
org.jppf.utils.compilation.CustomClassLoader,0,57.0
org.jppf.ui.monitoring.data.StatsExporter,0,6.0
org.jppf.ui.actions.EditorMouseListener.ClipboardAction,0,15.0
org.jppf.example.extendedclassloading.ClassPathImpl,0,101.0
test.driver.restart.TestDriverRestart.KillDriverTask,0,10.0
test.org.jppf.server.protocol.TestLocation,0,43.0
test.driver.restart.TestDriverRestart.ProxySettingTask,0,32.0
org.jppf.utils.JPPFDefaultUncaughtExceptionHandler,0,11.0
org.jppf.node.policy.ExecutionPolicy.AndRule,0,21.0
org.jppf.server.submission.SubmissionStatusHandler,0,5.0
org.jppf.jca.spi.JPPFManagedConnection,0,87.0
sample.test.jppfcallable.JPPFCallableRunner.JobListenerAdapter,0,6.0
org.jppf.ui.options.AbstractOptionProperties,0,152.0
org.jppf.ui.monitoring.diagnostics.ThresholdSettingsAction,0,71.0
test.org.jppf.node.policy.TestPreferencePolicy,0,109.0
org.jppf.server.nio.client.ClientTransition,0,8.0
org.jppf.management.forwarding.NodeSelectionProvider,0,4.0
org.jppf.server.node.AbstractNodeIO.ObjectSerializationTask,0,29.0
org.jppf.utils.DateTimeUtils,0,19.0
org.jppf.example.nbody.NBodyRunner.WindowAdapter,0,6.0
org.jppf.ui.options.xml.OptionDescriptor,0,14.0
test.serialization.NonSerializableTask.NonSerializableClass,0,3.0
sample.test.redirect.ConsoleOutputRedirector,0,33.0
org.jppf.example.loadbalancer.server.CustomLoadBalancerProvider,0,18.0
test.org.jppf.server.protocol.TestJPPFJobSLA3.MyTask,0,6.0
org.jppf.ui.treetable.AbstractJPPFTreeTableModel,0,47.0
org.jppf.io.StreamInputSource,0,51.0
org.jppf.example.jaligner.SequenceAlignmentRunner.Runnable_0,0,6.0
org.jppf.server.node.NodeIO,0,5.0
org.jppf.example.fj.FibonacciResult,0,24.0
org.jppf.client.monitoring.topology.TopologyNodeStatus,0,4.0
org.jppf.example.fractals.mandelbrot.MandelbrotRunner,0,41.0
org.jppf.ui.options.event.ValueChangeListener,0,4.0
org.jppf.ui.monitoring.node.NodeDataPanel.ShowIPListener,0,6.0
org.jppf.ui.monitoring.node.actions.ServerShutdownRestartAction.AbstractAction_0,0,7.0
sample.test.jppfcallable.JPPFCallableRunner.MyJobListener,0,25.0
test.org.jppf.server.peer.TestMultiServerWithSSL,0,31.0
org.jppf.ui.monitoring.charts.config.JPPFChartBuilder.Runnable,0,10.0
org.jppf.server.nio.client.IdleState,0,19.0
org.jppf.management.forwarding.ForwardingNotificationDispatcher.ForwardingNotificationHandler,0,14.0
org.jppf.classloader.LocalClassLoaderConnection,0,53.0
org.jppf.android.PreferenceUtils,0,29.0
test.org.jppf.utils.stats.TestJPPFStatistics,0,87.0
test.org.jppf.test.setup.BaseSetup.Thread,0,9.0
org.jppf.ui.options.AbstractOptionElement,0,120.0
org.jppf.doc.SamplesPHPReadmeProcessor,0,78.0
org.jppf.server.scheduler.bundle.nodethreads.AbstractNodeThreadsLoadBalancer,0,49.0
org.jppf.client.taskwrapper.TaskObjectWrapper.MethodType,0,6.0
org.jppf.serialization.DeserializationCaches,0,81.0
org.jppf.ui.monitoring.charts.ChartType,0,20.0
org.jppf.utils.stats.JPPFSnapshot.LabelIncludingFilter,0,11.0
org.jppf.ui.monitoring.charts.config.PreferencesStorage,0,153.0
org.jppf.example.datadependency.MarketDataHandler.PopulateTask,0,17.0
org.jppf.serialization.SerializationReflectionHelper.ConstructorComparator,0,10.0
sample.dist.matrix.NonBlockingMatrixRunner,0,92.0
com.sun.jmx.remote.generic.ProfileServerFactory.PrivilegedAction,0,6.0
org.jppf.server.protocol.AbstractCommonSLA,0,51.0
org.jppf.example.datadependency.simulation.UniformDataFactory,0,11.0
org.jppf.serialization.SerializationReflectionHelper,0,224.0
sample.test.deadlock.MasterNodeMonitoringThread,0,47.0
org.jppf.android.demo.FractalSurfaceView.ViewThread,0,30.0
org.jppf.example.datadependency.MarketDataHandler,0,34.0
org.jppf.example.nbody.NBody,0,13.0
org.jppf.server.NodeInformationHandler,0,84.0
org.jppf.example.loadbalancer.client.CustomLoadBalancerTask,0,24.0
org.jppf.ui.options.ComboBoxOption.ActionListener,0,9.0
sample.helloworld.HelloWorldAnnotatedConstructor,0,16.0
javax.management.remote.message.MBeanServerResponseMessage,0,20.0
org.jppf.example.concurrentjobs.ConcurrentJobs,0,117.0
org.jppf.client.event.ClientQueueEventDispatcher,0,8.0
org.jppf.server.nio.nodeserver.NodeState,0,8.0
org.jppf.example.fractals.FractalPoint,0,23.0
org.jppf.server.nio.nodeserver.JMXInitializationHandler.JMXInitializationTask,0,10.0
org.jppf.example.common.FractalPoint,0,23.0
org.jppf.server.nio.classloader.CacheClassContent,0,12.0
org.jppf.server.queue.RemoveBundleAction,0,17.0
org.jppf.utils.stats.JPPFStatisticsEvent,0,11.0
org.jppf.server.nio.nodeserver.AbstractNodeContext.JMXWrapperListener,0,11.0
com.sun.jmx.remote.opt.security.SASLClientHandler.UserPasswordCallbackHandler,0,33.0
org.jppf.server.nio.classloader.client.SendingPeerChannelIdentifierState,0,43.0
org.jppf.server.nio.acceptor.AcceptorTransition,0,4.0
org.jppf.server.scheduler.bundle.impl.AutoTunedBundler,0,103.0
javax.management.remote.generic.AbstractClientIntermediary,0,132.0
org.jppf.ui.options.TextAreaOption.EditorMouseListener,0,18.0
test.org.jppf.node.policy.TestIsInIPv6Subnet,0,38.0
org.jppf.ui.actions.ShowHideColumnsAction.ActionListener_1,0,6.0
org.jppf.server.nio.classloader.node.NodeClassServerState,0,16.0
com.sun.jmx.remote.opt.internal.ArrayNotificationBuffer.PrivilegedExceptionAction,0,7.0
org.jppf.utils.PropertiesTableFormat,0,64.0
sample.dist.xstream.PhoneNumber,0,34.0
sample.test.ExecutionReport,0,7.0
org.jppf.jca.cci.JPPFConnectionFactory,0,46.0
org.jppf.nio.NioServerFactory,0,43.0
org.jppf.client.balancer.queue.JobScheduleAction,0,24.0
test.org.jppf.server.peer.TestMultiServer,0,31.0
org.jppf.example.pluggableview.MyView.ActionListener,0,10.0
